tokenizer_id,corpus_id,mask,tokenizer_fingerprint,corpus_sha,code_version,n_chars,n_mask,n_gold_words,n_tokens,n_tokens_accepted,b_tp,b_fp,b_fn,b_tn,w_tp,w_pred,w_gold,w_intact,crossing_tokens,f_midcodepoint,f_cluster_split,f_overlap_rejected,f_dropped_chars,f_prefix_space_trim,n_sents
baichuan-m2,alt_km,core,4c2d95cc59b689a24fb0e66043d118945d808cf0c2fc2b315d8ebfd0d7d524f1,57adf94bc86a52a59e4151d41cf87c72-af9331ff81d8,c1-b1-a1,699986,349503,177585,847912,581885,145377,142851,8765,52510,50013,293228,159142,10970,8765,266027,269303,0,0,0,5000
baichuan-m2,alt_km,legal,4c2d95cc59b689a24fb0e66043d118945d808cf0c2fc2b315d8ebfd0d7d524f1,57adf94bc86a52a59e4151d41cf87c72-af9331ff81d8,c1-b1-a1,699986,369883,177585,847912,581885,163630,143952,9634,52667,63451,312582,178264,10970,9632,266027,269303,0,0,0,5000
baichuan-m2,alt_km,raw,4c2d95cc59b689a24fb0e66043d118945d808cf0c2fc2b315d8ebfd0d7d524f1,57adf94bc86a52a59e4151d41cf87c72-af9331ff81d8,c1-b1-a1,699986,694986,177585,847912,581885,163631,413254,9634,108467,10136,581885,178265,10970,9632,266027,269303,0,0,0,5000
baichuan-m2,hkcancor_d,core,4c2d95cc59b689a24fb0e66043d118945d808cf0c2fc2b315d8ebfd0d7d524f1,f318a47addd2c515077cf9aec2e1f445-af9331ff81d8,c1-b1-a1,2858,1962,2445,3290,2683,1489,301,65,107,1423,2047,1811,2165,65,607,0,0,0,0,257
baichuan-m2,hkcancor_d,legal,4c2d95cc59b689a24fb0e66043d118945d808cf0c2fc2b315d8ebfd0d7d524f1,f318a47addd2c515077cf9aec2e1f445-af9331ff81d8,c1-b1-a1,2858,2601,2445,3290,2683,2120,306,68,107,2035,2683,2445,2165,68,607,0,0,0,0,257
baichuan-m2,hkcancor_d,raw,4c2d95cc59b689a24fb0e66043d118945d808cf0c2fc2b315d8ebfd0d7d524f1,f318a47addd2c515077cf9aec2e1f445-af9331ff81d8,c1-b1-a1,2858,2601,2445,3290,2683,2120,306,68,107,2035,2683,2445,2165,68,607,0,0,0,0,257
baichuan-m2,hkcancor_p,core,4c2d95cc59b689a24fb0e66043d118945d808cf0c2fc2b315d8ebfd0d7d524f1,edbbd3fee436612fbcab80d64f4359d8-af9331ff81d8,c1-b1-a1,2858,1962,2178,3290,2683,1267,523,44,128,1059,2047,1568,1706,44,607,0,0,0,0,257
baichuan-m2,hkcancor_p,legal,4c2d95cc59b689a24fb0e66043d118945d808cf0c2fc2b315d8ebfd0d7d524f1,edbbd3fee436612fbcab80d64f4359d8-af9331ff81d8,c1-b1-a1,2858,2601,2178,3290,2683,1874,552,47,128,1619,2683,2178,1706,47,607,0,0,0,0,257
baichuan-m2,hkcancor_p,raw,4c2d95cc59b689a24fb0e66043d118945d808cf0c2fc2b315d8ebfd0d7d524f1,edbbd3fee436612fbcab80d64f4359d8-af9331ff81d8,c1-b1-a1,2858,2601,2178,3290,2683,1874,552,47,128,1619,2683,2178,1706,47,607,0,0,0,0,257
baichuan-m2,hkcancor_s,core,4c2d95cc59b689a24fb0e66043d118945d808cf0c2fc2b315d8ebfd0d7d524f1,b8ddbfc684e40364d686881c7f75b390-af9331ff81d8,c1-b1-a1,2858,1962,2178,3290,2683,1267,523,44,128,1059,2047,1568,1706,44,607,0,0,0,0,257
baichuan-m2,hkcancor_s,legal,4c2d95cc59b689a24fb0e66043d118945d808cf0c2fc2b315d8ebfd0d7d524f1,b8ddbfc684e40364d686881c7f75b390-af9331ff81d8,c1-b1-a1,2858,2601,2178,3290,2683,1874,552,47,128,1619,2683,2178,1706,47,607,0,0,0,0,257
baichuan-m2,hkcancor_s,raw,4c2d95cc59b689a24fb0e66043d118945d808cf0c2fc2b315d8ebfd0d7d524f1,b8ddbfc684e40364d686881c7f75b390-af9331ff81d8,c1-b1-a1,2858,2601,2178,3290,2683,1874,552,47,128,1619,2683,2178,1706,47,607,0,0,0,0,257
baichuan-m2,khpos,core,4c2d95cc59b689a24fb0e66043d118945d808cf0c2fc2b315d8ebfd0d7d524f1,db07f6e38fbdec98e108f08272cddb44-af9331ff81d8,c1-b1-a1,50072,24146,10778,62343,42109,8575,11977,608,2986,2625,21552,10183,627,608,20234,19804,0,0,0,1000
baichuan-m2,khpos,legal,4c2d95cc59b689a24fb0e66043d118945d808cf0c2fc2b315d8ebfd0d7d524f1,db07f6e38fbdec98e108f08272cddb44-af9331ff81d8,c1-b1-a1,50072,24906,10778,62343,42109,9166,12139,611,2990,3167,22305,10777,627,611,20234,19804,0,0,0,1000
baichuan-m2,khpos,raw,4c2d95cc59b689a24fb0e66043d118945d808cf0c2fc2b315d8ebfd0d7d524f1,db07f6e38fbdec98e108f08272cddb44-af9331ff81d8,c1-b1-a1,50072,49072,10778,62343,42109,9166,31943,612,7351,620,42109,10778,627,612,20234,19804,0,0,0,1000
baichuan-m2,osf_cwsa_zh,core,4c2d95cc59b689a24fb0e66043d118945d808cf0c2fc2b315d8ebfd0d7d524f1,40a6e2b75aed4185096260b399664383-af9331ff81d8,c1-b1-a1,10310,9313,5425,7779,7624,4157,2470,271,2415,2594,7127,4928,3502,270,155,0,0,0,0,500
baichuan-m2,osf_cwsa_zh,legal,4c2d95cc59b689a24fb0e66043d118945d808cf0c2fc2b315d8ebfd0d7d524f1,40a6e2b75aed4185096260b399664383-af9331ff81d8,c1-b1-a1,10310,9810,5425,7779,7624,4654,2470,271,2415,3091,7624,5425,3502,270,155,0,0,0,0,500
baichuan-m2,osf_cwsa_zh,raw,4c2d95cc59b689a24fb0e66043d118945d808cf0c2fc2b315d8ebfd0d7d524f1,40a6e2b75aed4185096260b399664383-af9331ff81d8,c1-b1-a1,10310,9810,5425,7779,7624,4654,2470,271,2415,3091,7624,5425,3502,270,155,0,0,0,0,500
baichuan-m2,sighan_as,core,4c2d95cc59b689a24fb0e66043d118945d808cf0c2fc2b315d8ebfd0d7d524f1,2be63cd08c949b44cd6e9a69edbec5fc-af9331ff81d8,c1-b1-a1,68582,54820,42425,55055,54014,26417,13902,2672,11829,19034,45319,34089,31488,2576,1041,0,0,3,0,5000
baichuan-m2,sighan_as,legal,4c2d95cc59b689a24fb0e66043d118945d808cf0c2fc2b315d8ebfd0d7d524f1,2be63cd08c949b44cd6e9a69edbec5fc-af9331ff81d8,c1-b1-a1,68582,63582,42425,55055,54014,34694,14320,2731,11837,26602,54014,42425,31488,2635,1041,0,0,3,0,5000
baichuan-m2,sighan_as,raw,4c2d95cc59b689a24fb0e66043d118945d808cf0c2fc2b315d8ebfd0d7d524f1,2be63cd08c949b44cd6e9a69edbec5fc-af9331ff81d8,c1-b1-a1,68582,63582,42425,55055,54014,34694,14320,2731,11837,26602,54014,42425,31488,2635,1041,0,0,3,0,5000
baichuan-m2,sighan_cityu,core,4c2d95cc59b689a24fb0e66043d118945d808cf0c2fc2b315d8ebfd0d7d524f1,58581cf718d59e4d15084352ad65b879-af9331ff81d8,c1-b1-a1,67689,53468,40936,55551,54352,25099,15213,2057,11099,14314,41804,28648,28729,1972,1199,0,0,8,0,1492
baichuan-m2,sighan_cityu,legal,4c2d95cc59b689a24fb0e66043d118945d808cf0c2fc2b315d8ebfd0d7d524f1,58581cf718d59e4d15084352ad65b879-af9331ff81d8,c1-b1-a1,67689,66197,40936,55551,54352,37226,15634,2218,11119,24781,54352,40936,28729,2133,1199,0,0,8,0,1492
baichuan-m2,sighan_cityu,raw,4c2d95cc59b689a24fb0e66043d118945d808cf0c2fc2b315d8ebfd0d7d524f1,58581cf718d59e4d15084352ad65b879-af9331ff81d8,c1-b1-a1,67689,66197,40936,55551,54352,37226,15634,2218,11119,24781,54352,40936,28729,2133,1199,0,0,8,0,1492
baichuan-m2,sighan_msr,core,4c2d95cc59b689a24fb0e66043d118945d808cf0c2fc2b315d8ebfd0d7d524f1,0560e07eb0101afa53c16a255caaa319-af9331ff81d8,c1-b1-a1,184355,146372,106873,115944,115909,61730,17255,9939,57448,47509,82970,75654,95009,9563,35,0,0,6,0,3985
baichuan-m2,sighan_msr,legal,4c2d95cc59b689a24fb0e66043d118945d808cf0c2fc2b315d8ebfd0d7d524f1,0560e07eb0101afa53c16a255caaa319-af9331ff81d8,c1-b1-a1,184355,180370,106873,115944,115909,91890,20034,10998,57448,74693,115909,106873,95009,10567,35,0,0,6,0,3985
baichuan-m2,sighan_msr,raw,4c2d95cc59b689a24fb0e66043d118945d808cf0c2fc2b315d8ebfd0d7d524f1,0560e07eb0101afa53c16a255caaa319-af9331ff81d8,c1-b1-a1,184355,180370,106873,115944,115909,91890,20034,10998,57448,74693,115909,106873,95009,10567,35,0,0,6,0,3985
baichuan-m2,sighan_pku,core,4c2d95cc59b689a24fb0e66043d118945d808cf0c2fc2b315d8ebfd0d7d524f1,b2a4d594aa65a829a81df1b6afce55ee-af9331ff81d8,c1-b1-a1,172733,135942,104372,111412,111403,59392,16269,10405,49876,42835,77605,71741,91503,9915,9,0,0,4,0,1944
baichuan-m2,sighan_pku,legal,4c2d95cc59b689a24fb0e66043d118945d808cf0c2fc2b315d8ebfd0d7d524f1,b2a4d594aa65a829a81df1b6afce55ee-af9331ff81d8,c1-b1-a1,172733,170789,104372,111412,111403,91074,18385,11354,49976,70802,111403,104372,91503,10864,9,0,0,4,0,1944
baichuan-m2,sighan_pku,raw,4c2d95cc59b689a24fb0e66043d118945d808cf0c2fc2b315d8ebfd0d7d524f1,b2a4d594aa65a829a81df1b6afce55ee-af9331ff81d8,c1-b1-a1,172733,170789,104372,111412,111403,91074,18385,11354,49976,70802,111403,104372,91503,10864,9,0,0,4,0,1944
baichuan-m2,ud_th_pud,core,4c2d95cc59b689a24fb0e66043d118945d808cf0c2fc2b315d8ebfd0d7d524f1,4b0e1b9bb0262e2aedf915e4322e9c30-af9331ff81d8,c1-b1-a1,98318,50336,22330,56058,56050,17736,11881,1145,19574,11599,30617,19881,6386,1145,8,21597,0,0,0,1000
baichuan-m2,ud_th_pud,legal,4c2d95cc59b689a24fb0e66043d118945d808cf0c2fc2b315d8ebfd0d7d524f1,4b0e1b9bb0262e2aedf915e4322e9c30-af9331ff81d8,c1-b1-a1,98318,55046,22330,56058,56050,21474,11979,2012,19581,14164,34453,24486,6386,2011,8,21597,0,0,0,1000
baichuan-m2,ud_th_pud,raw,4c2d95cc59b689a24fb0e66043d118945d808cf0c2fc2b315d8ebfd0d7d524f1,4b0e1b9bb0262e2aedf915e4322e9c30-af9331ff81d8,c1-b1-a1,98318,97318,22330,56058,56050,21474,33576,2012,40256,6518,56050,24486,6386,2011,8,21597,0,0,0,1000
baichuan-m2,ud_yue_hk,core,4c2d95cc59b689a24fb0e66043d118945d808cf0c2fc2b315d8ebfd0d7d524f1,c57eef85e9d45467b37b16a74061fa07-af9331ff81d8,c1-b1-a1,18633,12998,13918,18061,15973,8013,2428,426,2131,6619,11445,9443,11730,417,2088,0,0,1,0,1004
baichuan-m2,ud_yue_hk,legal,4c2d95cc59b689a24fb0e66043d118945d808cf0c2fc2b315d8ebfd0d7d524f1,c57eef85e9d45467b37b16a74061fa07-af9331ff81d8,c1-b1-a1,18633,17629,13918,18061,15973,12476,2493,439,2221,10908,15973,13919,11730,430,2088,0,0,1,0,1004
baichuan-m2,ud_yue_hk,raw,4c2d95cc59b689a24fb0e66043d118945d808cf0c2fc2b315d8ebfd0d7d524f1,c57eef85e9d45467b37b16a74061fa07-af9331ff81d8,c1-b1-a1,18633,17629,13918,18061,15973,12476,2493,439,2221,10908,15973,13919,11730,430,2088,0,0,1,0,1004
baichuan-m2,ud_zh_gsd,core,4c2d95cc59b689a24fb0e66043d118945d808cf0c2fc2b315d8ebfd0d7d524f1,8cac770ebc7b997f152fcbf748555fd2-af9331ff81d8,c1-b1-a1,19235,15035,12010,15654,15407,7213,4074,726,3022,4385,11787,8439,8841,707,247,0,0,3,0,500
baichuan-m2,ud_zh_gsd,legal,4c2d95cc59b689a24fb0e66043d118945d808cf0c2fc2b315d8ebfd0d7d524f1,8cac770ebc7b997f152fcbf748555fd2-af9331ff81d8,c1-b1-a1,19235,18735,12010,15654,15407,10733,4174,806,3022,7404,15407,12039,8841,787,247,0,0,3,0,500
baichuan-m2,ud_zh_gsd,raw,4c2d95cc59b689a24fb0e66043d118945d808cf0c2fc2b315d8ebfd0d7d524f1,8cac770ebc7b997f152fcbf748555fd2-af9331ff81d8,c1-b1-a1,19235,18735,12010,15654,15407,10733,4174,806,3022,7404,15407,12039,8841,787,247,0,0,3,0,500
baichuan-m2,ud_zh_gsdsimp,core,4c2d95cc59b689a24fb0e66043d118945d808cf0c2fc2b315d8ebfd0d7d524f1,6f25aa75467198a1068703ba7201892f-af9331ff81d8,c1-b1-a1,19235,15035,12010,13565,13562,6735,2764,1204,4332,4648,9999,8439,10075,1129,3,0,0,1,0,500
baichuan-m2,ud_zh_gsdsimp,legal,4c2d95cc59b689a24fb0e66043d118945d808cf0c2fc2b315d8ebfd0d7d524f1,6f25aa75467198a1068703ba7201892f-af9331ff81d8,c1-b1-a1,19235,18735,12010,13565,13562,10198,2864,1341,4332,7630,13562,12039,10075,1266,3,0,0,1,0,500
baichuan-m2,ud_zh_gsdsimp,raw,4c2d95cc59b689a24fb0e66043d118945d808cf0c2fc2b315d8ebfd0d7d524f1,6f25aa75467198a1068703ba7201892f-af9331ff81d8,c1-b1-a1,19235,18735,12010,13565,13562,10198,2864,1341,4332,7630,13562,12039,10075,1266,3,0,0,1,0,500
baichuan-m2,ud_zh_hk,core,4c2d95cc59b689a24fb0e66043d118945d808cf0c2fc2b315d8ebfd0d7d524f1,3b03a30f7f07a74d502e63ab7b2158b1-af9331ff81d8,c1-b1-a1,14063,10547,9874,10721,10602,5550,1630,903,2464,4486,8184,7457,8473,857,119,0,0,1,0,1004
baichuan-m2,ud_zh_hk,legal,4c2d95cc59b689a24fb0e66043d118945d808cf0c2fc2b315d8ebfd0d7d524f1,3b03a30f7f07a74d502e63ab7b2158b1-af9331ff81d8,c1-b1-a1,14063,13059,9874,10721,10602,7940,1658,930,2531,6743,10602,9874,8473,884,119,0,0,1,0,1004
baichuan-m2,ud_zh_hk,raw,4c2d95cc59b689a24fb0e66043d118945d808cf0c2fc2b315d8ebfd0d7d524f1,3b03a30f7f07a74d502e63ab7b2158b1-af9331ff81d8,c1-b1-a1,14063,13059,9874,10721,10602,7940,1658,930,2531,6743,10602,9874,8473,884,119,0,0,1,0,1004
baichuan-m2,vistec_th,core,4c2d95cc59b689a24fb0e66043d118945d808cf0c2fc2b315d8ebfd0d7d524f1,bed5ca30c44920d580dad8f82cb8699a-af9331ff81d8,c1-b1-a1,1392530,681825,337977,804275,803000,239882,149112,15945,276886,161850,393994,260827,96538,15942,1275,283510,0,0,0,5000
baichuan-m2,vistec_th,legal,4c2d95cc59b689a24fb0e66043d118945d808cf0c2fc2b315d8ebfd0d7d524f1,bed5ca30c44920d580dad8f82cb8699a-af9331ff81d8,c1-b1-a1,1392530,842412,337977,804275,803000,348051,166439,47939,279983,233362,519490,400990,96538,47895,1275,283510,0,0,0,5000
baichuan-m2,vistec_th,raw,4c2d95cc59b689a24fb0e66043d118945d808cf0c2fc2b315d8ebfd0d7d524f1,bed5ca30c44920d580dad8f82cb8699a-af9331ff81d8,c1-b1-a1,1392530,1387530,337977,804275,803000,348132,449868,47970,541560,112313,803000,401102,96538,47924,1275,283510,0,0,0,5000
baichuan-m2,wisesight1000,core,4c2d95cc59b689a24fb0e66043d118945d808cf0c2fc2b315d8ebfd0d7d524f1,db4e643f660267c46562963d21e2ca5d-af9331ff81d8,c1-b1-a1,75135,35989,18790,43333,43201,12039,7287,681,15982,8905,20319,13713,6079,681,132,15058,0,0,0,993
baichuan-m2,wisesight1000,legal,4c2d95cc59b689a24fb0e66043d118945d808cf0c2fc2b315d8ebfd0d7d524f1,db4e643f660267c46562963d21e2ca5d-af9331ff81d8,c1-b1-a1,75135,46265,18790,43333,43201,19044,8106,2678,16437,13448,28143,22715,6079,2660,132,15058,0,0,0,993
baichuan-m2,wisesight1000,raw,4c2d95cc59b689a24fb0e66043d118945d808cf0c2fc2b315d8ebfd0d7d524f1,db4e643f660267c46562963d21e2ca5d-af9331ff81d8,c1-b1-a1,75135,74142,18790,43333,43201,19056,23152,2681,29253,6702,43201,22730,6079,2663,132,15058,0,0,0,993
bloom,alt_km,core,e4a9446770d292a6d00cc0d5461b4697b30dd6efc689a14874e66f01e9dde96d,57adf94bc86a52a59e4151d41cf87c72-af9331ff81d8,c1-b1-a1,699986,349503,177585,805995,548182,140708,122528,13434,72833,53219,268236,159142,13407,13434,257813,260893,0,0,0,5000
bloom,alt_km,legal,e4a9446770d292a6d00cc0d5461b4697b30dd6efc689a14874e66f01e9dde96d,57adf94bc86a52a59e4151d41cf87c72-af9331ff81d8,c1-b1-a1,699986,369883,177585,805995,548182,158838,123451,14426,73168,67655,287289,178264,13407,14421,257813,260893,0,0,0,5000
bloom,alt_km,raw,e4a9446770d292a6d00cc0d5461b4697b30dd6efc689a14874e66f01e9dde96d,57adf94bc86a52a59e4151d41cf87c72-af9331ff81d8,c1-b1-a1,699986,694986,177585,805995,548182,158839,384343,14426,137378,12338,548182,178265,13407,14421,257813,260893,0,0,0,5000
bloom,hkcancor_d,core,e4a9446770d292a6d00cc0d5461b4697b30dd6efc689a14874e66f01e9dde96d,f318a47addd2c515077cf9aec2e1f445-af9331ff81d8,c1-b1-a1,2858,1962,2445,3023,2637,1464,279,90,129,1401,2000,1811,2183,88,386,0,0,0,0,257
bloom,hkcancor_d,legal,e4a9446770d292a6d00cc0d5461b4697b30dd6efc689a14874e66f01e9dde96d,f318a47addd2c515077cf9aec2e1f445-af9331ff81d8,c1-b1-a1,2858,2601,2445,3023,2637,2096,284,92,129,2013,2637,2445,2183,90,386,0,0,0,0,257
bloom,hkcancor_d,raw,e4a9446770d292a6d00cc0d5461b4697b30dd6efc689a14874e66f01e9dde96d,f318a47addd2c515077cf9aec2e1f445-af9331ff81d8,c1-b1-a1,2858,2601,2445,3023,2637,2096,284,92,129,2013,2637,2445,2183,90,386,0,0,0,0,257
bloom,hkcancor_p,core,e4a9446770d292a6d00cc0d5461b4697b30dd6efc689a14874e66f01e9dde96d,edbbd3fee436612fbcab80d64f4359d8-af9331ff81d8,c1-b1-a1,2858,1962,2178,3023,2637,1251,492,60,159,1045,2000,1568,1722,60,386,0,0,0,0,257
bloom,hkcancor_p,legal,e4a9446770d292a6d00cc0d5461b4697b30dd6efc689a14874e66f01e9dde96d,edbbd3fee436612fbcab80d64f4359d8-af9331ff81d8,c1-b1-a1,2858,2601,2178,3023,2637,1859,521,62,159,1606,2637,2178,1722,62,386,0,0,0,0,257
bloom,hkcancor_p,raw,e4a9446770d292a6d00cc0d5461b4697b30dd6efc689a14874e66f01e9dde96d,edbbd3fee436612fbcab80d64f4359d8-af9331ff81d8,c1-b1-a1,2858,2601,2178,3023,2637,1859,521,62,159,1606,2637,2178,1722,62,386,0,0,0,0,257
bloom,hkcancor_s,core,e4a9446770d292a6d00cc0d5461b4697b30dd6efc689a14874e66f01e9dde96d,b8ddbfc684e40364d686881c7f75b390-af9331ff81d8,c1-b1-a1,2858,1962,2178,3023,2637,1251,492,60,159,1045,2000,1568,1722,60,386,0,0,0,0,257
bloom,hkcancor_s,legal,e4a9446770d292a6d00cc0d5461b4697b30dd6efc689a14874e66f01e9dde96d,b8ddbfc684e40364d686881c7f75b390-af9331ff81d8,c1-b1-a1,2858,2601,2178,3023,2637,1859,521,62,159,1606,2637,2178,1722,62,386,0,0,0,0,257
bloom,hkcancor_s,raw,e4a9446770d292a6d00cc0d5461b4697b30dd6efc689a14874e66f01e9dde96d,b8ddbfc684e40364d686881c7f75b390-af9331ff81d8,c1-b1-a1,2858,2601,2178,3023,2637,1859,521,62,159,1606,2637,2178,1722,62,386,0,0,0,0,257
bloom,khpos,core,e4a9446770d292a6d00cc0d5461b4697b30dd6efc689a14874e66f01e9dde96d,db07f6e38fbdec98e108f08272cddb44-af9331ff81d8,c1-b1-a1,50072,24146,10778,59984,40225,8215,11009,968,3954,2550,20224,10183,645,968,19759,19245,0,0,0,1000
bloom,khpos,legal,e4a9446770d292a6d00cc0d5461b4697b30dd6efc689a14874e66f01e9dde96d,db07f6e38fbdec98e108f08272cddb44-af9331ff81d8,c1-b1-a1,50072,24906,10778,59984,40225,8809,11171,968,3958,3098,20980,10777,645,968,19759,19245,0,0,0,1000
bloom,khpos,raw,e4a9446770d292a6d00cc0d5461b4697b30dd6efc689a14874e66f01e9dde96d,db07f6e38fbdec98e108f08272cddb44-af9331ff81d8,c1-b1-a1,50072,49072,10778,59984,40225,8809,30416,969,8878,642,40225,10778,645,969,19759,19245,0,0,0,1000
bloom,osf_cwsa_zh,core,e4a9446770d292a6d00cc0d5461b4697b30dd6efc689a14874e66f01e9dde96d,40a6e2b75aed4185096260b399664383-af9331ff81d8,c1-b1-a1,10310,9313,5425,6681,6651,3952,1703,476,3182,2858,6155,4928,4062,472,30,0,0,0,0,500
bloom,osf_cwsa_zh,legal,e4a9446770d292a6d00cc0d5461b4697b30dd6efc689a14874e66f01e9dde96d,40a6e2b75aed4185096260b399664383-af9331ff81d8,c1-b1-a1,10310,9810,5425,6681,6651,4448,1703,477,3182,3354,6651,5425,4062,473,30,0,0,0,0,500
bloom,osf_cwsa_zh,raw,e4a9446770d292a6d00cc0d5461b4697b30dd6efc689a14874e66f01e9dde96d,40a6e2b75aed4185096260b399664383-af9331ff81d8,c1-b1-a1,10310,9810,5425,6681,6651,4448,1703,477,3182,3354,6651,5425,4062,473,30,0,0,0,0,500
bloom,sighan_as,core,e4a9446770d292a6d00cc0d5461b4697b30dd6efc689a14874e66f01e9dde96d,2be63cd08c949b44cd6e9a69edbec5fc-af9331ff81d8,c1-b1-a1,68582,54820,42425,49846,48534,24910,10252,4179,15479,19343,40162,34089,34334,4037,1312,0,0,0,0,5000
bloom,sighan_as,legal,e4a9446770d292a6d00cc0d5461b4697b30dd6efc689a14874e66f01e9dde96d,2be63cd08c949b44cd6e9a69edbec5fc-af9331ff81d8,c1-b1-a1,68582,63582,42425,49846,48534,32873,10661,4552,15496,26440,48534,42425,34334,4403,1312,0,0,0,0,5000
bloom,sighan_as,raw,e4a9446770d292a6d00cc0d5461b4697b30dd6efc689a14874e66f01e9dde96d,2be63cd08c949b44cd6e9a69edbec5fc-af9331ff81d8,c1-b1-a1,68582,63582,42425,49846,48534,32873,10661,4552,15496,26440,48534,42425,34334,4403,1312,0,0,0,0,5000
bloom,sighan_cityu,core,e4a9446770d292a6d00cc0d5461b4697b30dd6efc689a14874e66f01e9dde96d,58581cf718d59e4d15084352ad65b879-af9331ff81d8,c1-b1-a1,67689,53468,40936,48010,47677,23894,10258,3262,16054,15671,35644,28648,32593,3136,333,0,0,0,0,1492
bloom,sighan_cityu,legal,e4a9446770d292a6d00cc0d5461b4697b30dd6efc689a14874e66f01e9dde96d,58581cf718d59e4d15084352ad65b879-af9331ff81d8,c1-b1-a1,67689,66197,40936,48010,47677,35614,10571,3830,16182,26003,47677,40936,32593,3667,333,0,0,0,0,1492
bloom,sighan_cityu,raw,e4a9446770d292a6d00cc0d5461b4697b30dd6efc689a14874e66f01e9dde96d,58581cf718d59e4d15084352ad65b879-af9331ff81d8,c1-b1-a1,67689,66197,40936,48010,47677,35614,10571,3830,16182,26003,47677,40936,32593,3667,333,0,0,0,0,1492
bloom,sighan_msr,core,e4a9446770d292a6d00cc0d5461b4697b30dd6efc689a14874e66f01e9dde96d,0560e07eb0101afa53c16a255caaa319-af9331ff81d8,c1-b1-a1,184355,146372,106873,119719,117076,60439,19720,11230,54983,43852,84144,75654,92647,10851,2643,0,0,0,0,3985
bloom,sighan_msr,legal,e4a9446770d292a6d00cc0d5461b4697b30dd6efc689a14874e66f01e9dde96d,0560e07eb0101afa53c16a255caaa319-af9331ff81d8,c1-b1-a1,184355,180370,106873,119719,117076,90612,22479,12276,55003,70995,117076,106873,92647,11792,2643,0,0,0,0,3985
bloom,sighan_msr,raw,e4a9446770d292a6d00cc0d5461b4697b30dd6efc689a14874e66f01e9dde96d,0560e07eb0101afa53c16a255caaa319-af9331ff81d8,c1-b1-a1,184355,180370,106873,119719,117076,90612,22479,12276,55003,70995,117076,106873,92647,11792,2643,0,0,0,0,3985
bloom,sighan_pku,core,e4a9446770d292a6d00cc0d5461b4697b30dd6efc689a14874e66f01e9dde96d,b2a4d594aa65a829a81df1b6afce55ee-af9331ff81d8,c1-b1-a1,172733,135942,104372,107547,107245,58518,14614,11279,51531,40949,75076,71741,91469,10748,302,0,0,0,0,1944
bloom,sighan_pku,legal,e4a9446770d292a6d00cc0d5461b4697b30dd6efc689a14874e66f01e9dde96d,b2a4d594aa65a829a81df1b6afce55ee-af9331ff81d8,c1-b1-a1,172733,170789,104372,107547,107245,89643,15658,12785,52703,68941,107245,104372,91469,12145,302,0,0,0,0,1944
bloom,sighan_pku,raw,e4a9446770d292a6d00cc0d5461b4697b30dd6efc689a14874e66f01e9dde96d,b2a4d594aa65a829a81df1b6afce55ee-af9331ff81d8,c1-b1-a1,172733,170789,104372,107547,107245,89643,15658,12785,52703,68941,107245,104372,91469,12145,302,0,0,0,0,1944
bloom,ud_th_pud,core,e4a9446770d292a6d00cc0d5461b4697b30dd6efc689a14874e66f01e9dde96d,4b0e1b9bb0262e2aedf915e4322e9c30-af9331ff81d8,c1-b1-a1,98318,50336,22330,98994,79472,15804,24299,3077,7156,5321,41103,19881,805,3077,19522,35856,0,0,0,1000
bloom,ud_th_pud,legal,e4a9446770d292a6d00cc0d5461b4697b30dd6efc689a14874e66f01e9dde96d,4b0e1b9bb0262e2aedf915e4322e9c30-af9331ff81d8,c1-b1-a1,98318,55046,22330,98994,79472,18220,24396,5266,7164,5790,43616,24486,805,5242,19522,35856,0,0,0,1000
bloom,ud_th_pud,raw,e4a9446770d292a6d00cc0d5461b4697b30dd6efc689a14874e66f01e9dde96d,4b0e1b9bb0262e2aedf915e4322e9c30-af9331ff81d8,c1-b1-a1,98318,97318,22330,98994,79472,18220,60252,5266,13580,334,79472,24486,805,5242,19522,35856,0,0,0,1000
bloom,ud_yue_hk,core,e4a9446770d292a6d00cc0d5461b4697b30dd6efc689a14874e66f01e9dde96d,c57eef85e9d45467b37b16a74061fa07-af9331ff81d8,c1-b1-a1,18633,12998,13918,16091,15028,7846,1879,593,2680,6772,10729,9443,12218,570,1063,0,0,0,0,1004
bloom,ud_yue_hk,legal,e4a9446770d292a6d00cc0d5461b4697b30dd6efc689a14874e66f01e9dde96d,c57eef85e9d45467b37b16a74061fa07-af9331ff81d8,c1-b1-a1,18633,17629,13918,16091,15028,12082,1942,833,2772,10638,15028,13919,12218,810,1063,0,0,0,0,1004
bloom,ud_yue_hk,raw,e4a9446770d292a6d00cc0d5461b4697b30dd6efc689a14874e66f01e9dde96d,c57eef85e9d45467b37b16a74061fa07-af9331ff81d8,c1-b1-a1,18633,17629,13918,16091,15028,12082,1942,833,2772,10638,15028,13919,12218,810,1063,0,0,0,0,1004
bloom,ud_zh_gsd,core,e4a9446770d292a6d00cc0d5461b4697b30dd6efc689a14874e66f01e9dde96d,8cac770ebc7b997f152fcbf748555fd2-af9331ff81d8,c1-b1-a1,19235,15035,12010,12254,12217,6534,1966,1405,5130,4499,9000,8439,10328,1304,37,0,0,0,0,500
bloom,ud_zh_gsd,legal,e4a9446770d292a6d00cc0d5461b4697b30dd6efc689a14874e66f01e9dde96d,8cac770ebc7b997f152fcbf748555fd2-af9331ff81d8,c1-b1-a1,19235,18735,12010,12254,12217,9668,2049,1871,5147,7082,12217,12039,10328,1698,37,0,0,0,0,500
bloom,ud_zh_gsd,raw,e4a9446770d292a6d00cc0d5461b4697b30dd6efc689a14874e66f01e9dde96d,8cac770ebc7b997f152fcbf748555fd2-af9331ff81d8,c1-b1-a1,19235,18735,12010,12254,12217,9668,2049,1871,5147,7082,12217,12039,10328,1698,37,0,0,0,0,500
bloom,ud_zh_gsdsimp,core,e4a9446770d292a6d00cc0d5461b4697b30dd6efc689a14874e66f01e9dde96d,6f25aa75467198a1068703ba7201892f-af9331ff81d8,c1-b1-a1,19235,15035,12010,11835,11811,6335,1769,1604,5327,4298,8604,8439,10511,1475,24,0,0,0,0,500
bloom,ud_zh_gsdsimp,legal,e4a9446770d292a6d00cc0d5461b4697b30dd6efc689a14874e66f01e9dde96d,6f25aa75467198a1068703ba7201892f-af9331ff81d8,c1-b1-a1,19235,18735,12010,11835,11811,9461,1850,2078,5346,6877,11811,12039,10511,1873,24,0,0,0,0,500
bloom,ud_zh_gsdsimp,raw,e4a9446770d292a6d00cc0d5461b4697b30dd6efc689a14874e66f01e9dde96d,6f25aa75467198a1068703ba7201892f-af9331ff81d8,c1-b1-a1,19235,18735,12010,11835,11811,9461,1850,2078,5346,6877,11811,12039,10511,1873,24,0,0,0,0,500
bloom,ud_zh_hk,core,e4a9446770d292a6d00cc0d5461b4697b30dd6efc689a14874e66f01e9dde96d,3b03a30f7f07a74d502e63ab7b2158b1-af9331ff81d8,c1-b1-a1,14063,10547,9874,9338,9303,5118,949,1335,3145,4237,7071,7457,9086,1269,35,0,0,0,0,1004
bloom,ud_zh_hk,legal,e4a9446770d292a6d00cc0d5461b4697b30dd6efc689a14874e66f01e9dde96d,3b03a30f7f07a74d502e63ab7b2158b1-af9331ff81d8,c1-b1-a1,14063,13059,9874,9338,9303,7323,976,1547,3213,6175,9303,9874,9086,1473,35,0,0,0,0,1004
bloom,ud_zh_hk,raw,e4a9446770d292a6d00cc0d5461b4697b30dd6efc689a14874e66f01e9dde96d,3b03a30f7f07a74d502e63ab7b2158b1-af9331ff81d8,c1-b1-a1,14063,13059,9874,9338,9303,7323,976,1547,3213,6175,9303,9874,9086,1473,35,0,0,0,0,1004
bloom,vistec_th,core,e4a9446770d292a6d00cc0d5461b4697b30dd6efc689a14874e66f01e9dde96d,bed5ca30c44920d580dad8f82cb8699a-af9331ff81d8,c1-b1-a1,1392530,681825,337977,1324229,1090385,217745,309454,38082,116544,78581,532199,260827,19582,38080,233844,464847,0,0,0,5000
bloom,vistec_th,legal,e4a9446770d292a6d00cc0d5461b4697b30dd6efc689a14874e66f01e9dde96d,bed5ca30c44920d580dad8f82cb8699a-af9331ff81d8,c1-b1-a1,1392530,842412,337977,1324229,1090385,294023,326515,101967,119907,96140,625538,400990,19582,101623,233844,464847,0,0,0,5000
bloom,vistec_th,raw,e4a9446770d292a6d00cc0d5461b4697b30dd6efc689a14874e66f01e9dde96d,bed5ca30c44920d580dad8f82cb8699a-af9331ff81d8,c1-b1-a1,1392530,1387530,337977,1324229,1090385,294120,791265,101982,200163,9759,1090385,401102,19582,101638,233844,464847,0,0,0,5000
bloom,wisesight1000,core,e4a9446770d292a6d00cc0d5461b4697b30dd6efc689a14874e66f01e9dde96d,db4e643f660267c46562963d21e2ca5d-af9331ff81d8,c1-b1-a1,75135,35989,18790,69362,57162,10850,15696,1870,7573,4295,27539,13713,2057,1870,12200,23888,0,0,0,993
bloom,wisesight1000,legal,e4a9446770d292a6d00cc0d5461b4697b30dd6efc689a14874e66f01e9dde96d,db4e643f660267c46562963d21e2ca5d-af9331ff81d8,c1-b1-a1,75135,46265,18790,69362,57162,15838,16443,5884,8100,5474,33274,22715,2057,5854,12200,23888,0,0,0,993
bloom,wisesight1000,raw,e4a9446770d292a6d00cc0d5461b4697b30dd6efc689a14874e66f01e9dde96d,db4e643f660267c46562963d21e2ca5d-af9331ff81d8,c1-b1-a1,75135,74142,18790,69362,57162,15851,40318,5886,12087,1014,57162,22730,2057,5856,12200,23888,0,0,0,993
char,alt_km,core,ce247af16ecfdf985e6947da70647b64e2b9a1a9bcca92ab2ff948967509aa56,57adf94bc86a52a59e4151d41cf87c72-af9331ff81d8,c1-b1-a1,699986,349503,177585,374883,374883,154142,195361,0,0,31117,354503,159142,43292,0,0,0,0,0,0,5000
char,alt_km,legal,ce247af16ecfdf985e6947da70647b64e2b9a1a9bcca92ab2ff948967509aa56,57adf94bc86a52a59e4151d41cf87c72-af9331ff81d8,c1-b1-a1,699986,369883,177585,374883,374883,173264,196619,0,0,43971,374883,178264,43292,0,0,0,0,0,0,5000
char,alt_km,raw,ce247af16ecfdf985e6947da70647b64e2b9a1a9bcca92ab2ff948967509aa56,57adf94bc86a52a59e4151d41cf87c72-af9331ff81d8,c1-b1-a1,699986,694986,177585,374883,374883,173264,196619,1,325102,43971,374883,178265,43292,1,0,0,0,0,0,5000
char,hkcancor_d,core,767f1051401051f473aba1918bc426d6d55f1cc960eff34d6816cddd4594efc8,f318a47addd2c515077cf9aec2e1f445-af9331ff81d8,c1-b1-a1,2858,1962,2445,2858,2858,1554,408,0,0,1450,2219,1811,2067,0,0,0,0,0,0,257
char,hkcancor_d,legal,767f1051401051f473aba1918bc426d6d55f1cc960eff34d6816cddd4594efc8,f318a47addd2c515077cf9aec2e1f445-af9331ff81d8,c1-b1-a1,2858,2601,2445,2858,2858,2188,413,0,0,2067,2858,2445,2067,0,0,0,0,0,0,257
char,hkcancor_d,raw,767f1051401051f473aba1918bc426d6d55f1cc960eff34d6816cddd4594efc8,f318a47addd2c515077cf9aec2e1f445-af9331ff81d8,c1-b1-a1,2858,2601,2445,2858,2858,2188,413,0,0,2067,2858,2445,2067,0,0,0,0,0,0,257
char,hkcancor_p,core,767f1051401051f473aba1918bc426d6d55f1cc960eff34d6816cddd4594efc8,edbbd3fee436612fbcab80d64f4359d8-af9331ff81d8,c1-b1-a1,2858,1962,2178,2858,2858,1311,651,0,0,1032,2219,1568,1598,0,0,0,0,0,0,257
char,hkcancor_p,legal,767f1051401051f473aba1918bc426d6d55f1cc960eff34d6816cddd4594efc8,edbbd3fee436612fbcab80d64f4359d8-af9331ff81d8,c1-b1-a1,2858,2601,2178,2858,2858,1921,680,0,0,1598,2858,2178,1598,0,0,0,0,0,0,257
char,hkcancor_p,raw,767f1051401051f473aba1918bc426d6d55f1cc960eff34d6816cddd4594efc8,edbbd3fee436612fbcab80d64f4359d8-af9331ff81d8,c1-b1-a1,2858,2601,2178,2858,2858,1921,680,0,0,1598,2858,2178,1598,0,0,0,0,0,0,257
char,hkcancor_s,core,767f1051401051f473aba1918bc426d6d55f1cc960eff34d6816cddd4594efc8,b8ddbfc684e40364d686881c7f75b390-af9331ff81d8,c1-b1-a1,2858,1962,2178,2858,2858,1311,651,0,0,1032,2219,1568,1598,0,0,0,0,0,0,257
char,hkcancor_s,legal,767f1051401051f473aba1918bc426d6d55f1cc960eff34d6816cddd4594efc8,b8ddbfc684e40364d686881c7f75b390-af9331ff81d8,c1-b1-a1,2858,2601,2178,2858,2858,1921,680,0,0,1598,2858,2178,1598,0,0,0,0,0,0,257
char,hkcancor_s,raw,767f1051401051f473aba1918bc426d6d55f1cc960eff34d6816cddd4594efc8,b8ddbfc684e40364d686881c7f75b390-af9331ff81d8,c1-b1-a1,2858,2601,2178,2858,2858,1921,680,0,0,1598,2858,2178,1598,0,0,0,0,0,0,257
char,khpos,core,ce247af16ecfdf985e6947da70647b64e2b9a1a9bcca92ab2ff948967509aa56,db07f6e38fbdec98e108f08272cddb44-af9331ff81d8,c1-b1-a1,50072,24146,10778,25906,25906,9183,14963,0,0,2000,25146,10183,2544,0,0,0,0,0,0,1000
char,khpos,legal,ce247af16ecfdf985e6947da70647b64e2b9a1a9bcca92ab2ff948967509aa56,db07f6e38fbdec98e108f08272cddb44-af9331ff81d8,c1-b1-a1,50072,24906,10778,25906,25906,9777,15129,0,0,2543,25906,10777,2544,0,0,0,0,0,0,1000
char,khpos,raw,ce247af16ecfdf985e6947da70647b64e2b9a1a9bcca92ab2ff948967509aa56,db07f6e38fbdec98e108f08272cddb44-af9331ff81d8,c1-b1-a1,50072,49072,10778,25906,25906,9777,15129,1,24165,2543,25906,10778,2544,1,0,0,0,0,0,1000
char,osf_cwsa_zh,core,bc5170e441d5caef51a7a5309fec181ed2982e052be0946524593418db53397c,40a6e2b75aed4185096260b399664383-af9331ff81d8,c1-b1-a1,10310,9313,5425,10310,10310,4428,4885,0,0,1168,9813,4928,1665,0,0,0,0,0,0,500
char,osf_cwsa_zh,legal,bc5170e441d5caef51a7a5309fec181ed2982e052be0946524593418db53397c,40a6e2b75aed4185096260b399664383-af9331ff81d8,c1-b1-a1,10310,9810,5425,10310,10310,4925,4885,0,0,1665,10310,5425,1665,0,0,0,0,0,0,500
char,osf_cwsa_zh,raw,bc5170e441d5caef51a7a5309fec181ed2982e052be0946524593418db53397c,40a6e2b75aed4185096260b399664383-af9331ff81d8,c1-b1-a1,10310,9810,5425,10310,10310,4925,4885,0,0,1665,10310,5425,1665,0,0,0,0,0,0,500
char,sighan_as,core,bc5170e441d5caef51a7a5309fec181ed2982e052be0946524593418db53397c,2be63cd08c949b44cd6e9a69edbec5fc-af9331ff81d8,c1-b1-a1,68582,54820,42425,68582,68582,29089,25731,0,0,13766,59820,34089,21095,0,0,0,0,0,0,5000
char,sighan_as,legal,bc5170e441d5caef51a7a5309fec181ed2982e052be0946524593418db53397c,2be63cd08c949b44cd6e9a69edbec5fc-af9331ff81d8,c1-b1-a1,68582,63582,42425,68582,68582,37425,26157,0,0,21095,68582,42425,21095,0,0,0,0,0,0,5000
char,sighan_as,raw,bc5170e441d5caef51a7a5309fec181ed2982e052be0946524593418db53397c,2be63cd08c949b44cd6e9a69edbec5fc-af9331ff81d8,c1-b1-a1,68582,63582,42425,68582,68582,37425,26157,0,0,21095,68582,42425,21095,0,0,0,0,0,0,5000
char,sighan_cityu,core,bc5170e441d5caef51a7a5309fec181ed2982e052be0946524593418db53397c,58581cf718d59e4d15084352ad65b879-af9331ff81d8,c1-b1-a1,67689,53468,40936,67689,67689,27156,26312,0,0,9728,54960,28648,19116,0,0,0,0,0,0,1492
char,sighan_cityu,legal,bc5170e441d5caef51a7a5309fec181ed2982e052be0946524593418db53397c,58581cf718d59e4d15084352ad65b879-af9331ff81d8,c1-b1-a1,67689,66197,40936,67689,67689,39444,26753,0,0,19116,67689,40936,19116,0,0,0,0,0,0,1492
char,sighan_cityu,raw,bc5170e441d5caef51a7a5309fec181ed2982e052be0946524593418db53397c,58581cf718d59e4d15084352ad65b879-af9331ff81d8,c1-b1-a1,67689,66197,40936,67689,67689,39444,26753,0,0,19116,67689,40936,19116,0,0,0,0,0,0,1492
char,sighan_msr,core,bc5170e441d5caef51a7a5309fec181ed2982e052be0946524593418db53397c,0560e07eb0101afa53c16a255caaa319-af9331ff81d8,c1-b1-a1,184355,146372,106873,184355,184355,71669,74703,0,0,24792,150357,75654,48092,0,0,0,0,0,0,3985
char,sighan_msr,legal,bc5170e441d5caef51a7a5309fec181ed2982e052be0946524593418db53397c,0560e07eb0101afa53c16a255caaa319-af9331ff81d8,c1-b1-a1,184355,180370,106873,184355,184355,102888,77482,0,0,48092,184355,106873,48092,0,0,0,0,0,0,3985
char,sighan_msr,raw,bc5170e441d5caef51a7a5309fec181ed2982e052be0946524593418db53397c,0560e07eb0101afa53c16a255caaa319-af9331ff81d8,c1-b1-a1,184355,180370,106873,184355,184355,102888,77482,0,0,48092,184355,106873,48092,0,0,0,0,0,0,3985
char,sighan_pku,core,bc5170e441d5caef51a7a5309fec181ed2982e052be0946524593418db53397c,b2a4d594aa65a829a81df1b6afce55ee-af9331ff81d8,c1-b1-a1,172733,135942,104372,172733,172733,69797,66145,0,0,23703,137886,71741,47490,0,0,0,0,0,0,1944
char,sighan_pku,legal,bc5170e441d5caef51a7a5309fec181ed2982e052be0946524593418db53397c,b2a4d594aa65a829a81df1b6afce55ee-af9331ff81d8,c1-b1-a1,172733,170789,104372,172733,172733,102428,68361,0,0,47490,172733,104372,47490,0,0,0,0,0,0,1944
char,sighan_pku,raw,bc5170e441d5caef51a7a5309fec181ed2982e052be0946524593418db53397c,b2a4d594aa65a829a81df1b6afce55ee-af9331ff81d8,c1-b1-a1,172733,170789,104372,172733,172733,102428,68361,0,0,47490,172733,104372,47490,0,0,0,0,0,0,1944
char,ud_th_pud,core,5b5211a1df0a170997431b3000adc3f49a29ed49284569b813cd97444f1d8981,4b0e1b9bb0262e2aedf915e4322e9c30-af9331ff81d8,c1-b1-a1,98318,50336,22330,56046,56046,18881,31455,0,0,6254,51336,19881,7617,0,0,0,0,0,0,1000
char,ud_th_pud,legal,5b5211a1df0a170997431b3000adc3f49a29ed49284569b813cd97444f1d8981,4b0e1b9bb0262e2aedf915e4322e9c30-af9331ff81d8,c1-b1-a1,98318,55046,22330,56046,56046,23486,31560,0,0,9773,56046,24486,7617,0,0,0,0,0,0,1000
char,ud_th_pud,raw,5b5211a1df0a170997431b3000adc3f49a29ed49284569b813cd97444f1d8981,4b0e1b9bb0262e2aedf915e4322e9c30-af9331ff81d8,c1-b1-a1,98318,97318,22330,56046,56046,23486,31560,0,42272,9773,56046,24486,7617,0,0,0,0,0,0,1000
char,ud_yue_hk,core,767f1051401051f473aba1918bc426d6d55f1cc960eff34d6816cddd4594efc8,c57eef85e9d45467b37b16a74061fa07-af9331ff81d8,c1-b1-a1,18633,12998,13918,18633,18633,8439,4559,0,0,5739,14002,9443,9867,0,0,0,0,0,0,1004
char,ud_yue_hk,legal,767f1051401051f473aba1918bc426d6d55f1cc960eff34d6816cddd4594efc8,c57eef85e9d45467b37b16a74061fa07-af9331ff81d8,c1-b1-a1,18633,17629,13918,18633,18633,12915,4714,0,0,9868,18633,13919,9867,0,0,0,0,0,0,1004
char,ud_yue_hk,raw,767f1051401051f473aba1918bc426d6d55f1cc960eff34d6816cddd4594efc8,c57eef85e9d45467b37b16a74061fa07-af9331ff81d8,c1-b1-a1,18633,17629,13918,18633,18633,12915,4714,0,0,9868,18633,13919,9867,0,0,0,0,0,0,1004
char,ud_zh_gsd,core,bc5170e441d5caef51a7a5309fec181ed2982e052be0946524593418db53397c,8cac770ebc7b997f152fcbf748555fd2-af9331ff81d8,c1-b1-a1,19235,15035,12010,19235,19235,7939,7096,0,0,3349,15535,8439,6155,0,0,0,0,0,0,500
char,ud_zh_gsd,legal,bc5170e441d5caef51a7a5309fec181ed2982e052be0946524593418db53397c,8cac770ebc7b997f152fcbf748555fd2-af9331ff81d8,c1-b1-a1,19235,18735,12010,19235,19235,11539,7196,0,0,6184,19235,12039,6155,0,0,0,0,0,0,500
char,ud_zh_gsd,raw,bc5170e441d5caef51a7a5309fec181ed2982e052be0946524593418db53397c,8cac770ebc7b997f152fcbf748555fd2-af9331ff81d8,c1-b1-a1,19235,18735,12010,19235,19235,11539,7196,0,0,6184,19235,12039,6155,0,0,0,0,0,0,500
char,ud_zh_gsdsimp,core,bc5170e441d5caef51a7a5309fec181ed2982e052be0946524593418db53397c,6f25aa75467198a1068703ba7201892f-af9331ff81d8,c1-b1-a1,19235,15035,12010,19235,19235,7939,7096,0,0,3349,15535,8439,6155,0,0,0,0,0,0,500
char,ud_zh_gsdsimp,legal,bc5170e441d5caef51a7a5309fec181ed2982e052be0946524593418db53397c,6f25aa75467198a1068703ba7201892f-af9331ff81d8,c1-b1-a1,19235,18735,12010,19235,19235,11539,7196,0,0,6184,19235,12039,6155,0,0,0,0,0,0,500
char,ud_zh_gsdsimp,raw,bc5170e441d5caef51a7a5309fec181ed2982e052be0946524593418db53397c,6f25aa75467198a1068703ba7201892f-af9331ff81d8,c1-b1-a1,19235,18735,12010,19235,19235,11539,7196,0,0,6184,19235,12039,6155,0,0,0,0,0,0,500
char,ud_zh_hk,core,bc5170e441d5caef51a7a5309fec181ed2982e052be0946524593418db53397c,3b03a30f7f07a74d502e63ab7b2158b1-af9331ff81d8,c1-b1-a1,14063,10547,9874,14063,14063,6453,4094,0,0,4093,11551,7457,6228,0,0,0,0,0,0,1004
char,ud_zh_hk,legal,bc5170e441d5caef51a7a5309fec181ed2982e052be0946524593418db53397c,3b03a30f7f07a74d502e63ab7b2158b1-af9331ff81d8,c1-b1-a1,14063,13059,9874,14063,14063,8870,4189,0,0,6228,14063,9874,6228,0,0,0,0,0,0,1004
char,ud_zh_hk,raw,bc5170e441d5caef51a7a5309fec181ed2982e052be0946524593418db53397c,3b03a30f7f07a74d502e63ab7b2158b1-af9331ff81d8,c1-b1-a1,14063,13059,9874,14063,14063,8870,4189,0,0,6228,14063,9874,6228,0,0,0,0,0,0,1004
char,vistec_th,core,5b5211a1df0a170997431b3000adc3f49a29ed49284569b813cd97444f1d8981,bed5ca30c44920d580dad8f82cb8699a-af9331ff81d8,c1-b1-a1,1392530,681825,337977,847412,847412,255827,425998,0,0,94001,686825,260827,130391,0,0,0,0,0,0,5000
char,vistec_th,legal,5b5211a1df0a170997431b3000adc3f49a29ed49284569b813cd97444f1d8981,bed5ca30c44920d580dad8f82cb8699a-af9331ff81d8,c1-b1-a1,1392530,842412,337977,847412,847412,395990,446422,0,0,193427,847412,400990,130391,0,0,0,0,0,0,5000
char,vistec_th,raw,5b5211a1df0a170997431b3000adc3f49a29ed49284569b813cd97444f1d8981,bed5ca30c44920d580dad8f82cb8699a-af9331ff81d8,c1-b1-a1,1392530,1387530,337977,847412,847412,395990,446422,112,545006,193413,847412,401102,130391,100,0,0,0,0,0,5000
char,wisesight1000,core,5b5211a1df0a170997431b3000adc3f49a29ed49284569b813cd97444f1d8981,db4e643f660267c46562963d21e2ca5d-af9331ff81d8,c1-b1-a1,75135,35989,18790,47258,47258,12720,23269,0,0,4594,36982,13713,7102,0,0,0,0,0,0,993
char,wisesight1000,legal,5b5211a1df0a170997431b3000adc3f49a29ed49284569b813cd97444f1d8981,db4e643f660267c46562963d21e2ca5d-af9331ff81d8,c1-b1-a1,75135,46265,18790,47258,47258,21722,24543,0,0,11012,47258,22715,7102,0,0,0,0,0,0,993
char,wisesight1000,raw,5b5211a1df0a170997431b3000adc3f49a29ed49284569b813cd97444f1d8981,db4e643f660267c46562963d21e2ca5d-af9331ff81d8,c1-b1-a1,75135,74142,18790,47258,47258,21722,24543,15,27862,11010,47258,22730,7102,14,0,0,0,0,0,993
cl100k_base,alt_km,core,1b9202984c49d92ce3f45273df960672444db174769a09c7285beadc560f3b83,57adf94bc86a52a59e4151d41cf87c72-af9331ff81d8,c1-b1-a1,699986,349503,177585,1137730,577176,144505,139014,9637,56347,50338,288519,159142,12143,9637,560554,269303,0,0,0,5000
cl100k_base,alt_km,legal,1b9202984c49d92ce3f45273df960672444db174769a09c7285beadc560f3b83,57adf94bc86a52a59e4151d41cf87c72-af9331ff81d8,c1-b1-a1,699986,369883,177585,1137730,577176,162758,140115,10506,56504,64532,307873,178264,12143,10504,560554,269303,0,0,0,5000
cl100k_base,alt_km,raw,1b9202984c49d92ce3f45273df960672444db174769a09c7285beadc560f3b83,57adf94bc86a52a59e4151d41cf87c72-af9331ff81d8,c1-b1-a1,699986,694986,177585,1137730,577176,162759,409417,10506,112304,11307,577176,178265,12143,10504,560554,269303,0,0,0,5000
cl100k_base,hkcancor_d,core,1b9202984c49d92ce3f45273df960672444db174769a09c7285beadc560f3b83,f318a47addd2c515077cf9aec2e1f445-af9331ff81d8,c1-b1-a1,2858,1962,2445,5192,2835,1554,388,0,20,1467,2199,1811,2083,0,2357,0,0,0,0,257
cl100k_base,hkcancor_d,legal,1b9202984c49d92ce3f45273df960672444db174769a09c7285beadc560f3b83,f318a47addd2c515077cf9aec2e1f445-af9331ff81d8,c1-b1-a1,2858,2601,2445,5192,2835,2185,393,3,20,2077,2835,2445,2083,3,2357,0,0,0,0,257
cl100k_base,hkcancor_d,raw,1b9202984c49d92ce3f45273df960672444db174769a09c7285beadc560f3b83,f318a47addd2c515077cf9aec2e1f445-af9331ff81d8,c1-b1-a1,2858,2601,2445,5192,2835,2185,393,3,20,2077,2835,2445,2083,3,2357,0,0,0,0,257
cl100k_base,hkcancor_p,core,1b9202984c49d92ce3f45273df960672444db174769a09c7285beadc560f3b83,edbbd3fee436612fbcab80d64f4359d8-af9331ff81d8,c1-b1-a1,2858,1962,2178,5192,2835,1311,631,0,20,1049,2199,1568,1614,0,2357,0,0,0,0,257
cl100k_base,hkcancor_p,legal,1b9202984c49d92ce3f45273df960672444db174769a09c7285beadc560f3b83,edbbd3fee436612fbcab80d64f4359d8-af9331ff81d8,c1-b1-a1,2858,2601,2178,5192,2835,1918,660,3,20,1608,2835,2178,1614,3,2357,0,0,0,0,257
cl100k_base,hkcancor_p,raw,1b9202984c49d92ce3f45273df960672444db174769a09c7285beadc560f3b83,edbbd3fee436612fbcab80d64f4359d8-af9331ff81d8,c1-b1-a1,2858,2601,2178,5192,2835,1918,660,3,20,1608,2835,2178,1614,3,2357,0,0,0,0,257
cl100k_base,hkcancor_s,core,1b9202984c49d92ce3f45273df960672444db174769a09c7285beadc560f3b83,b8ddbfc684e40364d686881c7f75b390-af9331ff81d8,c1-b1-a1,2858,1962,2178,5192,2835,1311,631,0,20,1049,2199,1568,1614,0,2357,0,0,0,0,257
cl100k_base,hkcancor_s,legal,1b9202984c49d92ce3f45273df960672444db174769a09c7285beadc560f3b83,b8ddbfc684e40364d686881c7f75b390-af9331ff81d8,c1-b1-a1,2858,2601,2178,5192,2835,1918,660,3,20,1608,2835,2178,1614,3,2357,0,0,0,0,257
cl100k_base,hkcancor_s,raw,1b9202984c49d92ce3f45273df960672444db174769a09c7285beadc560f3b83,b8ddbfc684e40364d686881c7f75b390-af9331ff81d8,c1-b1-a1,2858,2601,2178,5192,2835,1918,660,3,20,1608,2835,2178,1614,3,2357,0,0,0,0,257
cl100k_base,khpos,core,1b9202984c49d92ce3f45273df960672444db174769a09c7285beadc560f3b83,db07f6e38fbdec98e108f08272cddb44-af9331ff81d8,c1-b1-a1,50072,24146,10778,83243,41982,8518,11907,665,3056,2631,21425,10183,627,665,41261,19804,0,0,0,1000
cl100k_base,khpos,legal,1b9202984c49d92ce3f45273df960672444db174769a09c7285beadc560f3b83,db07f6e38fbdec98e108f08272cddb44-af9331ff81d8,c1-b1-a1,50072,24906,10778,83243,41982,9109,12069,668,3060,3173,22178,10777,627,668,41261,19804,0,0,0,1000
cl100k_base,khpos,raw,1b9202984c49d92ce3f45273df960672444db174769a09c7285beadc560f3b83,db07f6e38fbdec98e108f08272cddb44-af9331ff81d8,c1-b1-a1,50072,49072,10778,83243,41982,9109,31873,669,7421,619,41982,10778,627,669,41261,19804,0,0,0,1000
cl100k_base,osf_cwsa_zh,core,1b9202984c49d92ce3f45273df960672444db174769a09c7285beadc560f3b83,40a6e2b75aed4185096260b399664383-af9331ff81d8,c1-b1-a1,10310,9313,5425,15894,10154,4426,4731,2,154,1293,9657,4928,1792,2,5740,0,0,0,0,500
cl100k_base,osf_cwsa_zh,legal,1b9202984c49d92ce3f45273df960672444db174769a09c7285beadc560f3b83,40a6e2b75aed4185096260b399664383-af9331ff81d8,c1-b1-a1,10310,9810,5425,15894,10154,4923,4731,2,154,1790,10154,5425,1792,2,5740,0,0,0,0,500
cl100k_base,osf_cwsa_zh,raw,1b9202984c49d92ce3f45273df960672444db174769a09c7285beadc560f3b83,40a6e2b75aed4185096260b399664383-af9331ff81d8,c1-b1-a1,10310,9810,5425,15894,10154,4923,4731,2,154,1790,10154,5425,1792,2,5740,0,0,0,0,500
cl100k_base,sighan_as,core,1b9202984c49d92ce3f45273df960672444db174769a09c7285beadc560f3b83,2be63cd08c949b44cd6e9a69edbec5fc-af9331ff81d8,c1-b1-a1,68582,54820,42425,101843,67474,29051,24728,38,1003,14340,58779,34089,21768,38,34369,0,0,0,0,5000
cl100k_base,sighan_as,legal,1b9202984c49d92ce3f45273df960672444db174769a09c7285beadc560f3b83,2be63cd08c949b44cd6e9a69edbec5fc-af9331ff81d8,c1-b1-a1,68582,63582,42425,101843,67474,37328,25146,97,1011,21588,67474,42425,21768,97,34369,0,0,0,0,5000
cl100k_base,sighan_as,raw,1b9202984c49d92ce3f45273df960672444db174769a09c7285beadc560f3b83,2be63cd08c949b44cd6e9a69edbec5fc-af9331ff81d8,c1-b1-a1,68582,63582,42425,101843,67474,37328,25146,97,1011,21588,67474,42425,21768,97,34369,0,0,0,0,5000
cl100k_base,sighan_cityu,core,1b9202984c49d92ce3f45273df960672444db174769a09c7285beadc560f3b83,58581cf718d59e4d15084352ad65b879-af9331ff81d8,c1-b1-a1,67689,53468,40936,100764,65866,27123,24703,33,1609,10266,53318,28648,19990,33,34898,0,0,0,0,1492
cl100k_base,sighan_cityu,legal,1b9202984c49d92ce3f45273df960672444db174769a09c7285beadc560f3b83,58581cf718d59e4d15084352ad65b879-af9331ff81d8,c1-b1-a1,67689,66197,40936,100764,65866,39250,25124,194,1629,19626,65866,40936,19990,194,34898,0,0,0,0,1492
cl100k_base,sighan_cityu,raw,1b9202984c49d92ce3f45273df960672444db174769a09c7285beadc560f3b83,58581cf718d59e4d15084352ad65b879-af9331ff81d8,c1-b1-a1,67689,66197,40936,100764,65866,39250,25124,194,1629,19626,65866,40936,19990,194,34898,0,0,0,0,1492
cl100k_base,sighan_msr,core,1b9202984c49d92ce3f45273df960672444db174769a09c7285beadc560f3b83,0560e07eb0101afa53c16a255caaa319-af9331ff81d8,c1-b1-a1,184355,146372,106873,220939,177541,71623,68994,46,5709,28269,144602,75654,52489,46,43398,0,0,0,0,3985
cl100k_base,sighan_msr,legal,1b9202984c49d92ce3f45273df960672444db174769a09c7285beadc560f3b83,0560e07eb0101afa53c16a255caaa319-af9331ff81d8,c1-b1-a1,184355,180370,106873,220939,177541,101783,71773,1105,5709,50396,177541,106873,52489,1050,43398,0,0,0,0,3985
cl100k_base,sighan_msr,raw,1b9202984c49d92ce3f45273df960672444db174769a09c7285beadc560f3b83,0560e07eb0101afa53c16a255caaa319-af9331ff81d8,c1-b1-a1,184355,180370,106873,220939,177541,101783,71773,1105,5709,50396,177541,106873,52489,1050,43398,0,0,0,0,3985
cl100k_base,sighan_pku,core,1b9202984c49d92ce3f45273df960672444db174769a09c7285beadc560f3b83,b2a4d594aa65a829a81df1b6afce55ee-af9331ff81d8,c1-b1-a1,172733,135942,104372,210376,164768,69567,59459,230,6686,26606,130970,71741,51880,230,45608,0,0,0,0,1944
cl100k_base,sighan_pku,legal,1b9202984c49d92ce3f45273df960672444db174769a09c7285beadc560f3b83,b2a4d594aa65a829a81df1b6afce55ee-af9331ff81d8,c1-b1-a1,172733,170789,104372,210376,164768,101249,61575,1179,6786,49681,164768,104372,51880,1179,45608,0,0,0,0,1944
cl100k_base,sighan_pku,raw,1b9202984c49d92ce3f45273df960672444db174769a09c7285beadc560f3b83,b2a4d594aa65a829a81df1b6afce55ee-af9331ff81d8,c1-b1-a1,172733,170789,104372,210376,164768,101249,61575,1179,6786,49681,164768,104372,51880,1179,45608,0,0,0,0,1944
cl100k_base,ud_th_pud,core,1b9202984c49d92ce3f45273df960672444db174769a09c7285beadc560f3b83,4b0e1b9bb0262e2aedf915e4322e9c30-af9331ff81d8,c1-b1-a1,98318,50336,22330,93621,89493,18807,27893,74,3562,6891,47700,19881,641,74,4128,37450,0,0,0,1000
cl100k_base,ud_th_pud,legal,1b9202984c49d92ce3f45273df960672444db174769a09c7285beadc560f3b83,4b0e1b9bb0262e2aedf915e4322e9c30-af9331ff81d8,c1-b1-a1,98318,55046,22330,93621,89493,23052,27991,434,3569,10011,52043,24486,641,433,4128,37450,0,0,0,1000
cl100k_base,ud_th_pud,raw,1b9202984c49d92ce3f45273df960672444db174769a09c7285beadc560f3b83,4b0e1b9bb0262e2aedf915e4322e9c30-af9331ff81d8,c1-b1-a1,98318,97318,22330,93621,89493,23052,65441,434,8391,2310,89493,24486,641,433,4128,37450,0,0,0,1000
cl100k_base,ud_yue_hk,core,1b9202984c49d92ce3f45273df960672444db174769a09c7285beadc560f3b83,c57eef85e9d45467b37b16a74061fa07-af9331ff81d8,c1-b1-a1,18633,12998,13918,29158,18076,8429,4115,10,444,5949,13548,9443,10180,10,11082,0,0,0,0,1004
cl100k_base,ud_yue_hk,legal,1b9202984c49d92ce3f45273df960672444db174769a09c7285beadc560f3b83,c57eef85e9d45467b37b16a74061fa07-af9331ff81d8,c1-b1-a1,18633,17629,13918,29158,18076,12892,4180,23,534,10141,18076,13919,10180,23,11082,0,0,0,0,1004
cl100k_base,ud_yue_hk,raw,1b9202984c49d92ce3f45273df960672444db174769a09c7285beadc560f3b83,c57eef85e9d45467b37b16a74061fa07-af9331ff81d8,c1-b1-a1,18633,17629,13918,29158,18076,12892,4180,23,534,10141,18076,13919,10180,23,11082,0,0,0,0,1004
cl100k_base,ud_zh_gsd,core,1b9202984c49d92ce3f45273df960672444db174769a09c7285beadc560f3b83,8cac770ebc7b997f152fcbf748555fd2-af9331ff81d8,c1-b1-a1,19235,15035,12010,27266,18159,7935,6104,4,992,3525,14539,8439,6460,4,9107,0,0,0,0,500
cl100k_base,ud_zh_gsd,legal,1b9202984c49d92ce3f45273df960672444db174769a09c7285beadc560f3b83,8cac770ebc7b997f152fcbf748555fd2-af9331ff81d8,c1-b1-a1,19235,18735,12010,27266,18159,11455,6204,84,992,6334,18159,12039,6460,84,9107,0,0,0,0,500
cl100k_base,ud_zh_gsd,raw,1b9202984c49d92ce3f45273df960672444db174769a09c7285beadc560f3b83,8cac770ebc7b997f152fcbf748555fd2-af9331ff81d8,c1-b1-a1,19235,18735,12010,27266,18159,11455,6204,84,992,6334,18159,12039,6460,84,9107,0,0,0,0,500
cl100k_base,ud_zh_gsdsimp,core,1b9202984c49d92ce3f45273df960672444db174769a09c7285beadc560f3b83,6f25aa75467198a1068703ba7201892f-af9331ff81d8,c1-b1-a1,19235,15035,12010,23167,17899,7902,5934,37,1162,3614,14336,8439,6630,37,5268,0,0,0,0,500
cl100k_base,ud_zh_gsdsimp,legal,1b9202984c49d92ce3f45273df960672444db174769a09c7285beadc560f3b83,6f25aa75467198a1068703ba7201892f-af9331ff81d8,c1-b1-a1,19235,18735,12010,23167,17899,11365,6034,174,1162,6329,17899,12039,6630,174,5268,0,0,0,0,500
cl100k_base,ud_zh_gsdsimp,raw,1b9202984c49d92ce3f45273df960672444db174769a09c7285beadc560f3b83,6f25aa75467198a1068703ba7201892f-af9331ff81d8,c1-b1-a1,19235,18735,12010,23167,17899,11365,6034,174,1162,6329,17899,12039,6630,174,5268,0,0,0,0,500
cl100k_base,ud_zh_hk,core,1b9202984c49d92ce3f45273df960672444db174769a09c7285beadc560f3b83,3b03a30f7f07a74d502e63ab7b2158b1-af9331ff81d8,c1-b1-a1,14063,10547,9874,19788,13590,6396,3772,57,322,4182,11172,7457,6498,57,6198,0,0,0,0,1004
cl100k_base,ud_zh_hk,legal,1b9202984c49d92ce3f45273df960672444db174769a09c7285beadc560f3b83,3b03a30f7f07a74d502e63ab7b2158b1-af9331ff81d8,c1-b1-a1,14063,13059,9874,19788,13590,8786,3800,84,389,6340,13590,9874,6498,84,6198,0,0,0,0,1004
cl100k_base,ud_zh_hk,raw,1b9202984c49d92ce3f45273df960672444db174769a09c7285beadc560f3b83,3b03a30f7f07a74d502e63ab7b2158b1-af9331ff81d8,c1-b1-a1,14063,13059,9874,19788,13590,8786,3800,84,389,6340,13590,9874,6498,84,6198,0,0,0,0,1004
cl100k_base,vistec_th,core,1b9202984c49d92ce3f45273df960672444db174769a09c7285beadc560f3b83,bed5ca30c44920d580dad8f82cb8699a-af9331ff81d8,c1-b1-a1,1392530,681825,337977,1254210,1216803,254215,341273,1612,84725,102242,600488,260827,16364,1610,37407,481831,0,0,0,5000
cl100k_base,vistec_th,legal,1b9202984c49d92ce3f45273df960672444db174769a09c7285beadc560f3b83,bed5ca30c44920d580dad8f82cb8699a-af9331ff81d8,c1-b1-a1,1392530,842412,337977,1254210,1216803,371120,358852,24870,87570,177461,734972,400990,16364,24829,37407,481831,0,0,0,5000
cl100k_base,vistec_th,raw,1b9202984c49d92ce3f45273df960672444db174769a09c7285beadc560f3b83,bed5ca30c44920d580dad8f82cb8699a-af9331ff81d8,c1-b1-a1,1392530,1387530,337977,1254210,1216803,371229,840574,24873,150854,50067,1216803,401102,16364,24832,37407,481831,0,0,0,5000
cl100k_base,wisesight1000,core,1b9202984c49d92ce3f45273df960672444db174769a09c7285beadc560f3b83,db4e643f660267c46562963d21e2ca5d-af9331ff81d8,c1-b1-a1,75135,35989,18790,65880,63609,12634,16746,86,6523,5251,30373,13713,1937,86,2271,24826,0,0,0,993
cl100k_base,wisesight1000,legal,1b9202984c49d92ce3f45273df960672444db174769a09c7285beadc560f3b83,db4e643f660267c46562963d21e2ca5d-af9331ff81d8,c1-b1-a1,75135,46265,18790,65880,63609,20213,17577,1509,6966,10042,38783,22715,1937,1493,2271,24826,0,0,0,993
cl100k_base,wisesight1000,raw,1b9202984c49d92ce3f45273df960672444db174769a09c7285beadc560f3b83,db4e643f660267c46562963d21e2ca5d-af9331ff81d8,c1-b1-a1,75135,74142,18790,65880,63609,20228,42388,1509,10017,3667,63609,22730,1937,1493,2271,24826,0,0,0,993
command-r,alt_km,core,ba5025a3cff8175d5f13c8c2c6a86216bed1ea5b8fafbf2eb0cdea66e1e1e78b,57adf94bc86a52a59e4151d41cf87c72-af9331ff81d8,c1-b1-a1,699986,349503,177585,1213838,692276,154142,188523,0,6838,31155,347665,159142,11266,0,521562,325103,0,0,0,5000
command-r,alt_km,legal,ba5025a3cff8175d5f13c8c2c6a86216bed1ea5b8fafbf2eb0cdea66e1e1e78b,57adf94bc86a52a59e4151d41cf87c72-af9331ff81d8,c1-b1-a1,699986,369883,177585,1213838,692276,172490,189683,774,6936,43772,367173,178264,11266,770,521562,325103,0,0,0,5000
command-r,alt_km,raw,ba5025a3cff8175d5f13c8c2c6a86216bed1ea5b8fafbf2eb0cdea66e1e1e78b,57adf94bc86a52a59e4151d41cf87c72-af9331ff81d8,c1-b1-a1,699986,694986,177585,1213838,692276,172491,514785,774,6936,10502,692276,178265,11266,770,521562,325103,0,0,0,5000
command-r,hkcancor_d,core,ba5025a3cff8175d5f13c8c2c6a86216bed1ea5b8fafbf2eb0cdea66e1e1e78b,f318a47addd2c515077cf9aec2e1f445-af9331ff81d8,c1-b1-a1,2858,1962,2445,3525,2722,1516,313,38,95,1463,2086,1811,2152,38,803,0,0,0,0,257
command-r,hkcancor_d,legal,ba5025a3cff8175d5f13c8c2c6a86216bed1ea5b8fafbf2eb0cdea66e1e1e78b,f318a47addd2c515077cf9aec2e1f445-af9331ff81d8,c1-b1-a1,2858,2601,2445,3525,2722,2147,318,41,95,2078,2722,2445,2152,41,803,0,0,0,0,257
command-r,hkcancor_d,raw,ba5025a3cff8175d5f13c8c2c6a86216bed1ea5b8fafbf2eb0cdea66e1e1e78b,f318a47addd2c515077cf9aec2e1f445-af9331ff81d8,c1-b1-a1,2858,2601,2445,3525,2722,2147,318,41,95,2078,2722,2445,2152,41,803,0,0,0,0,257
command-r,hkcancor_p,core,ba5025a3cff8175d5f13c8c2c6a86216bed1ea5b8fafbf2eb0cdea66e1e1e78b,edbbd3fee436612fbcab80d64f4359d8-af9331ff81d8,c1-b1-a1,2858,1962,2178,3525,2722,1294,535,17,116,1093,2086,1568,1689,17,803,0,0,0,0,257
command-r,hkcancor_p,legal,ba5025a3cff8175d5f13c8c2c6a86216bed1ea5b8fafbf2eb0cdea66e1e1e78b,edbbd3fee436612fbcab80d64f4359d8-af9331ff81d8,c1-b1-a1,2858,2601,2178,3525,2722,1901,564,20,116,1657,2722,2178,1689,20,803,0,0,0,0,257
command-r,hkcancor_p,raw,ba5025a3cff8175d5f13c8c2c6a86216bed1ea5b8fafbf2eb0cdea66e1e1e78b,edbbd3fee436612fbcab80d64f4359d8-af9331ff81d8,c1-b1-a1,2858,2601,2178,3525,2722,1901,564,20,116,1657,2722,2178,1689,20,803,0,0,0,0,257
command-r,hkcancor_s,core,ba5025a3cff8175d5f13c8c2c6a86216bed1ea5b8fafbf2eb0cdea66e1e1e78b,b8ddbfc684e40364d686881c7f75b390-af9331ff81d8,c1-b1-a1,2858,1962,2178,3525,2722,1294,535,17,116,1093,2086,1568,1689,17,803,0,0,0,0,257
command-r,hkcancor_s,legal,ba5025a3cff8175d5f13c8c2c6a86216bed1ea5b8fafbf2eb0cdea66e1e1e78b,b8ddbfc684e40364d686881c7f75b390-af9331ff81d8,c1-b1-a1,2858,2601,2178,3525,2722,1901,564,20,116,1657,2722,2178,1689,20,803,0,0,0,0,257
command-r,hkcancor_s,raw,ba5025a3cff8175d5f13c8c2c6a86216bed1ea5b8fafbf2eb0cdea66e1e1e78b,b8ddbfc684e40364d686881c7f75b390-af9331ff81d8,c1-b1-a1,2858,2601,2178,3525,2722,1901,564,20,116,1657,2722,2178,1689,20,803,0,0,0,0,257
command-r,khpos,core,ba5025a3cff8175d5f13c8c2c6a86216bed1ea5b8fafbf2eb0cdea66e1e1e78b,db07f6e38fbdec98e108f08272cddb44-af9331ff81d8,c1-b1-a1,50072,24146,10778,88734,50063,9183,14963,0,0,2000,25146,10183,627,0,38671,24166,0,0,0,1000
command-r,khpos,legal,ba5025a3cff8175d5f13c8c2c6a86216bed1ea5b8fafbf2eb0cdea66e1e1e78b,db07f6e38fbdec98e108f08272cddb44-af9331ff81d8,c1-b1-a1,50072,24906,10778,88734,50063,9772,15125,5,4,2535,25897,10777,627,5,38671,24166,0,0,0,1000
command-r,khpos,raw,ba5025a3cff8175d5f13c8c2c6a86216bed1ea5b8fafbf2eb0cdea66e1e1e78b,db07f6e38fbdec98e108f08272cddb44-af9331ff81d8,c1-b1-a1,50072,49072,10778,88734,50063,9773,39290,5,4,617,50063,10778,627,5,38671,24166,0,0,0,1000
command-r,osf_cwsa_zh,core,ba5025a3cff8175d5f13c8c2c6a86216bed1ea5b8fafbf2eb0cdea66e1e1e78b,40a6e2b75aed4185096260b399664383-af9331ff81d8,c1-b1-a1,10310,9313,5425,7283,7189,4061,2131,367,2754,2716,6692,4928,3728,366,94,0,0,0,0,500
command-r,osf_cwsa_zh,legal,ba5025a3cff8175d5f13c8c2c6a86216bed1ea5b8fafbf2eb0cdea66e1e1e78b,40a6e2b75aed4185096260b399664383-af9331ff81d8,c1-b1-a1,10310,9810,5425,7283,7189,4558,2131,367,2754,3213,7189,5425,3728,366,94,0,0,0,0,500
command-r,osf_cwsa_zh,raw,ba5025a3cff8175d5f13c8c2c6a86216bed1ea5b8fafbf2eb0cdea66e1e1e78b,40a6e2b75aed4185096260b399664383-af9331ff81d8,c1-b1-a1,10310,9810,5425,7283,7189,4558,2131,367,2754,3213,7189,5425,3728,366,94,0,0,0,0,500
command-r,sighan_as,core,ba5025a3cff8175d5f13c8c2c6a86216bed1ea5b8fafbf2eb0cdea66e1e1e78b,2be63cd08c949b44cd6e9a69edbec5fc-af9331ff81d8,c1-b1-a1,68582,54820,42425,53879,51970,26063,12336,3026,13395,19743,43399,34089,32589,2965,1909,0,0,0,0,5000
command-r,sighan_as,legal,ba5025a3cff8175d5f13c8c2c6a86216bed1ea5b8fafbf2eb0cdea66e1e1e78b,2be63cd08c949b44cd6e9a69edbec5fc-af9331ff81d8,c1-b1-a1,68582,63582,42425,53879,51970,34217,12753,3208,13404,27120,51970,42425,32589,3131,1909,0,0,0,0,5000
command-r,sighan_as,raw,ba5025a3cff8175d5f13c8c2c6a86216bed1ea5b8fafbf2eb0cdea66e1e1e78b,2be63cd08c949b44cd6e9a69edbec5fc-af9331ff81d8,c1-b1-a1,68582,63582,42425,53879,51970,34217,12753,3208,13404,27120,51970,42425,32589,3131,1909,0,0,0,0,5000
command-r,sighan_cityu,core,ba5025a3cff8175d5f13c8c2c6a86216bed1ea5b8fafbf2eb0cdea66e1e1e78b,58581cf718d59e4d15084352ad65b879-af9331ff81d8,c1-b1-a1,67689,53468,40936,51991,51259,24604,12750,2552,13562,15394,38846,28648,30659,2486,732,0,0,0,0,1492
command-r,sighan_cityu,legal,ba5025a3cff8175d5f13c8c2c6a86216bed1ea5b8fafbf2eb0cdea66e1e1e78b,58581cf718d59e4d15084352ad65b879-af9331ff81d8,c1-b1-a1,67689,66197,40936,51991,51259,36599,13168,2845,13585,25818,51259,40936,30659,2764,732,0,0,0,0,1492
command-r,sighan_cityu,raw,ba5025a3cff8175d5f13c8c2c6a86216bed1ea5b8fafbf2eb0cdea66e1e1e78b,58581cf718d59e4d15084352ad65b879-af9331ff81d8,c1-b1-a1,67689,66197,40936,51991,51259,36599,13168,2845,13585,25818,51259,40936,30659,2764,732,0,0,0,0,1492
command-r,sighan_msr,core,ba5025a3cff8175d5f13c8c2c6a86216bed1ea5b8fafbf2eb0cdea66e1e1e78b,0560e07eb0101afa53c16a255caaa319-af9331ff81d8,c1-b1-a1,184355,146372,106873,131799,127800,64389,26176,7280,48527,46308,94550,75654,87022,7149,3999,0,0,0,0,3985
command-r,sighan_msr,legal,ba5025a3cff8175d5f13c8c2c6a86216bed1ea5b8fafbf2eb0cdea66e1e1e78b,0560e07eb0101afa53c16a255caaa319-af9331ff81d8,c1-b1-a1,184355,180370,106873,131799,127800,94862,28953,8026,48529,73667,127800,106873,87022,7779,3999,0,0,0,0,3985
command-r,sighan_msr,raw,ba5025a3cff8175d5f13c8c2c6a86216bed1ea5b8fafbf2eb0cdea66e1e1e78b,0560e07eb0101afa53c16a255caaa319-af9331ff81d8,c1-b1-a1,184355,180370,106873,131799,127800,94862,28953,8026,48529,73667,127800,106873,87022,7779,3999,0,0,0,0,3985
command-r,sighan_pku,core,ba5025a3cff8175d5f13c8c2c6a86216bed1ea5b8fafbf2eb0cdea66e1e1e78b,b2a4d594aa65a829a81df1b6afce55ee-af9331ff81d8,c1-b1-a1,172733,135942,104372,121519,120829,61842,23037,7955,43108,42242,86823,71741,84899,7742,690,0,0,0,0,1944
command-r,sighan_pku,legal,ba5025a3cff8175d5f13c8c2c6a86216bed1ea5b8fafbf2eb0cdea66e1e1e78b,b2a4d594aa65a829a81df1b6afce55ee-af9331ff81d8,c1-b1-a1,172733,170789,104372,121519,120829,93735,25150,8693,43211,70240,120829,104372,84899,8417,690,0,0,0,0,1944
command-r,sighan_pku,raw,ba5025a3cff8175d5f13c8c2c6a86216bed1ea5b8fafbf2eb0cdea66e1e1e78b,b2a4d594aa65a829a81df1b6afce55ee-af9331ff81d8,c1-b1-a1,172733,170789,104372,121519,120829,93735,25150,8693,43211,70240,120829,104372,84899,8417,690,0,0,0,0,1944
command-r,ud_th_pud,core,ba5025a3cff8175d5f13c8c2c6a86216bed1ea5b8fafbf2eb0cdea66e1e1e78b,4b0e1b9bb0262e2aedf915e4322e9c30-af9331ff81d8,c1-b1-a1,98318,50336,22330,99739,84071,16595,25370,2286,6085,5625,42965,19881,573,2286,15668,37720,0,0,0,1000
command-r,ud_th_pud,legal,ba5025a3cff8175d5f13c8c2c6a86216bed1ea5b8fafbf2eb0cdea66e1e1e78b,4b0e1b9bb0262e2aedf915e4322e9c30-af9331ff81d8,c1-b1-a1,98318,55046,22330,99739,84071,19883,25468,3603,6092,7329,46351,24486,573,3601,15668,37720,0,0,0,1000
command-r,ud_th_pud,raw,ba5025a3cff8175d5f13c8c2c6a86216bed1ea5b8fafbf2eb0cdea66e1e1e78b,4b0e1b9bb0262e2aedf915e4322e9c30-af9331ff81d8,c1-b1-a1,98318,97318,22330,99739,84071,19883,63188,3603,10644,1277,84071,24486,573,3601,15668,37720,0,0,0,1000
command-r,ud_yue_hk,core,ba5025a3cff8175d5f13c8c2c6a86216bed1ea5b8fafbf2eb0cdea66e1e1e78b,c57eef85e9d45467b37b16a74061fa07-af9331ff81d8,c1-b1-a1,18633,12998,13918,18824,15817,8192,2096,247,2463,7189,11292,9443,12007,242,3007,0,0,0,0,1004
command-r,ud_yue_hk,legal,ba5025a3cff8175d5f13c8c2c6a86216bed1ea5b8fafbf2eb0cdea66e1e1e78b,c57eef85e9d45467b37b16a74061fa07-af9331ff81d8,c1-b1-a1,18633,17629,13918,18824,15817,12636,2177,279,2537,11474,15817,13919,12007,274,3007,0,0,0,0,1004
command-r,ud_yue_hk,raw,ba5025a3cff8175d5f13c8c2c6a86216bed1ea5b8fafbf2eb0cdea66e1e1e78b,c57eef85e9d45467b37b16a74061fa07-af9331ff81d8,c1-b1-a1,18633,17629,13918,18824,15817,12636,2177,279,2537,11474,15817,13919,12007,274,3007,0,0,0,0,1004
command-r,ud_zh_gsd,core,ba5025a3cff8175d5f13c8c2c6a86216bed1ea5b8fafbf2eb0cdea66e1e1e78b,8cac770ebc7b997f152fcbf748555fd2-af9331ff81d8,c1-b1-a1,19235,15035,12010,13801,13722,6693,2939,1246,4157,4472,10132,8439,9825,1172,79,0,0,0,0,500
command-r,ud_zh_gsd,legal,ba5025a3cff8175d5f13c8c2c6a86216bed1ea5b8fafbf2eb0cdea66e1e1e78b,8cac770ebc7b997f152fcbf748555fd2-af9331ff81d8,c1-b1-a1,19235,18735,12010,13801,13722,10184,3038,1355,4158,7433,13722,12039,9825,1280,79,0,0,0,0,500
command-r,ud_zh_gsd,raw,ba5025a3cff8175d5f13c8c2c6a86216bed1ea5b8fafbf2eb0cdea66e1e1e78b,8cac770ebc7b997f152fcbf748555fd2-af9331ff81d8,c1-b1-a1,19235,18735,12010,13801,13722,10184,3038,1355,4158,7433,13722,12039,9825,1280,79,0,0,0,0,500
command-r,ud_zh_gsdsimp,core,ba5025a3cff8175d5f13c8c2c6a86216bed1ea5b8fafbf2eb0cdea66e1e1e78b,6f25aa75467198a1068703ba7201892f-af9331ff81d8,c1-b1-a1,19235,15035,12010,13272,13223,6506,2628,1433,4468,4375,9634,8439,10094,1343,49,0,0,0,0,500
command-r,ud_zh_gsdsimp,legal,ba5025a3cff8175d5f13c8c2c6a86216bed1ea5b8fafbf2eb0cdea66e1e1e78b,6f25aa75467198a1068703ba7201892f-af9331ff81d8,c1-b1-a1,19235,18735,12010,13272,13223,9996,2727,1543,4469,7334,13223,12039,10094,1451,49,0,0,0,0,500
command-r,ud_zh_gsdsimp,raw,ba5025a3cff8175d5f13c8c2c6a86216bed1ea5b8fafbf2eb0cdea66e1e1e78b,6f25aa75467198a1068703ba7201892f-af9331ff81d8,c1-b1-a1,19235,18735,12010,13272,13223,9996,2727,1543,4469,7334,13223,12039,10094,1451,49,0,0,0,0,500
command-r,ud_zh_hk,core,ba5025a3cff8175d5f13c8c2c6a86216bed1ea5b8fafbf2eb0cdea66e1e1e78b,3b03a30f7f07a74d502e63ab7b2158b1-af9331ff81d8,c1-b1-a1,14063,10547,9874,10626,10510,5765,1335,688,2759,5093,8104,7457,8711,676,116,0,0,0,0,1004
command-r,ud_zh_hk,legal,ba5025a3cff8175d5f13c8c2c6a86216bed1ea5b8fafbf2eb0cdea66e1e1e78b,3b03a30f7f07a74d502e63ab7b2158b1-af9331ff81d8,c1-b1-a1,14063,13059,9874,10626,10510,8135,1371,735,2818,7350,10510,9874,8711,722,116,0,0,0,0,1004
command-r,ud_zh_hk,raw,ba5025a3cff8175d5f13c8c2c6a86216bed1ea5b8fafbf2eb0cdea66e1e1e78b,3b03a30f7f07a74d502e63ab7b2158b1-af9331ff81d8,c1-b1-a1,14063,13059,9874,10626,10510,8135,1371,735,2818,7350,10510,9874,8711,722,116,0,0,0,0,1004
command-r,vistec_th,core,ba5025a3cff8175d5f13c8c2c6a86216bed1ea5b8fafbf2eb0cdea66e1e1e78b,bed5ca30c44920d580dad8f82cb8699a-af9331ff81d8,c1-b1-a1,1392530,681825,337977,1346620,1155914,226332,321479,29495,104519,81545,552811,260827,14612,29494,190706,495537,0,0,0,5000
command-r,vistec_th,legal,ba5025a3cff8175d5f13c8c2c6a86216bed1ea5b8fafbf2eb0cdea66e1e1e78b,bed5ca30c44920d580dad8f82cb8699a-af9331ff81d8,c1-b1-a1,1392530,842412,337977,1346620,1155914,316246,339131,79744,107291,118545,660377,400990,14612,79692,190706,495537,0,0,0,5000
command-r,vistec_th,raw,ba5025a3cff8175d5f13c8c2c6a86216bed1ea5b8fafbf2eb0cdea66e1e1e78b,bed5ca30c44920d580dad8f82cb8699a-af9331ff81d8,c1-b1-a1,1392530,1387530,337977,1346620,1155914,316346,834568,79756,156860,20965,1155914,401102,14612,79704,190706,495537,0,0,0,5000
command-r,wisesight1000,core,ba5025a3cff8175d5f13c8c2c6a86216bed1ea5b8fafbf2eb0cdea66e1e1e78b,db4e643f660267c46562963d21e2ca5d-af9331ff81d8,c1-b1-a1,75135,35989,18790,70716,60857,11326,16402,1394,6867,4475,28721,13713,1738,1394,9859,25314,0,4,0,993
command-r,wisesight1000,legal,ba5025a3cff8175d5f13c8c2c6a86216bed1ea5b8fafbf2eb0cdea66e1e1e78b,db4e643f660267c46562963d21e2ca5d-af9331ff81d8,c1-b1-a1,75135,46265,18790,70716,60857,17245,17305,4477,7238,6916,35543,22715,1738,4460,9859,25314,0,4,0,993
command-r,wisesight1000,raw,ba5025a3cff8175d5f13c8c2c6a86216bed1ea5b8fafbf2eb0cdea66e1e1e78b,db4e643f660267c46562963d21e2ca5d-af9331ff81d8,c1-b1-a1,75135,74142,18790,70716,60857,17258,42606,4479,9799,1782,60857,22730,1738,4462,9859,25314,0,4,0,993
deepseek-v3,alt_km,core,4726f2417e6c1ae514b8d53055fc2dbfa814a4672ecb5245f926b89708e69d28,57adf94bc86a52a59e4151d41cf87c72-af9331ff81d8,c1-b1-a1,699986,349503,177585,869211,564390,144478,132900,9664,62461,52083,282378,159142,12166,9664,304821,262663,0,0,0,5000
deepseek-v3,alt_km,legal,4726f2417e6c1ae514b8d53055fc2dbfa814a4672ecb5245f926b89708e69d28,57adf94bc86a52a59e4151d41cf87c72-af9331ff81d8,c1-b1-a1,699986,369883,177585,869211,564390,162727,134000,10537,62619,66320,301727,178264,12166,10535,304821,262663,0,0,0,5000
deepseek-v3,alt_km,raw,4726f2417e6c1ae514b8d53055fc2dbfa814a4672ecb5245f926b89708e69d28,57adf94bc86a52a59e4151d41cf87c72-af9331ff81d8,c1-b1-a1,699986,694986,177585,869211,564390,162728,396662,10537,125059,11334,564390,178265,12166,10535,304821,262663,0,0,0,5000
deepseek-v3,hkcancor_d,core,4726f2417e6c1ae514b8d53055fc2dbfa814a4672ecb5245f926b89708e69d28,f318a47addd2c515077cf9aec2e1f445-af9331ff81d8,c1-b1-a1,2858,1962,2445,3335,2640,1464,283,90,125,1395,2004,1811,2180,89,695,0,0,0,0,257
deepseek-v3,hkcancor_d,legal,4726f2417e6c1ae514b8d53055fc2dbfa814a4672ecb5245f926b89708e69d28,f318a47addd2c515077cf9aec2e1f445-af9331ff81d8,c1-b1-a1,2858,2601,2445,3335,2640,2095,288,93,125,2004,2640,2445,2180,92,695,0,0,0,0,257
deepseek-v3,hkcancor_d,raw,4726f2417e6c1ae514b8d53055fc2dbfa814a4672ecb5245f926b89708e69d28,f318a47addd2c515077cf9aec2e1f445-af9331ff81d8,c1-b1-a1,2858,2601,2445,3335,2640,2095,288,93,125,2004,2640,2445,2180,92,695,0,0,0,0,257
deepseek-v3,hkcancor_p,core,4726f2417e6c1ae514b8d53055fc2dbfa814a4672ecb5245f926b89708e69d28,edbbd3fee436612fbcab80d64f4359d8-af9331ff81d8,c1-b1-a1,2858,1962,2178,3335,2640,1248,499,63,152,1038,2004,1568,1720,63,695,0,0,0,0,257
deepseek-v3,hkcancor_p,legal,4726f2417e6c1ae514b8d53055fc2dbfa814a4672ecb5245f926b89708e69d28,edbbd3fee436612fbcab80d64f4359d8-af9331ff81d8,c1-b1-a1,2858,2601,2178,3335,2640,1855,528,66,152,1595,2640,2178,1720,66,695,0,0,0,0,257
deepseek-v3,hkcancor_p,raw,4726f2417e6c1ae514b8d53055fc2dbfa814a4672ecb5245f926b89708e69d28,edbbd3fee436612fbcab80d64f4359d8-af9331ff81d8,c1-b1-a1,2858,2601,2178,3335,2640,1855,528,66,152,1595,2640,2178,1720,66,695,0,0,0,0,257
deepseek-v3,hkcancor_s,core,4726f2417e6c1ae514b8d53055fc2dbfa814a4672ecb5245f926b89708e69d28,b8ddbfc684e40364d686881c7f75b390-af9331ff81d8,c1-b1-a1,2858,1962,2178,3335,2640,1248,499,63,152,1038,2004,1568,1720,63,695,0,0,0,0,257
deepseek-v3,hkcancor_s,legal,4726f2417e6c1ae514b8d53055fc2dbfa814a4672ecb5245f926b89708e69d28,b8ddbfc684e40364d686881c7f75b390-af9331ff81d8,c1-b1-a1,2858,2601,2178,3335,2640,1855,528,66,152,1595,2640,2178,1720,66,695,0,0,0,0,257
deepseek-v3,hkcancor_s,raw,4726f2417e6c1ae514b8d53055fc2dbfa814a4672ecb5245f926b89708e69d28,b8ddbfc684e40364d686881c7f75b390-af9331ff81d8,c1-b1-a1,2858,2601,2178,3335,2640,1855,528,66,152,1595,2640,2178,1720,66,695,0,0,0,0,257
deepseek-v3,khpos,core,4726f2417e6c1ae514b8d53055fc2dbfa814a4672ecb5245f926b89708e69d28,db07f6e38fbdec98e108f08272cddb44-af9331ff81d8,c1-b1-a1,50072,24146,10778,63880,41209,8508,11598,675,3365,2714,21106,10183,630,675,22671,19350,0,0,0,1000
deepseek-v3,khpos,legal,4726f2417e6c1ae514b8d53055fc2dbfa814a4672ecb5245f926b89708e69d28,db07f6e38fbdec98e108f08272cddb44-af9331ff81d8,c1-b1-a1,50072,24906,10778,63880,41209,9099,11760,678,3369,3257,21859,10777,630,678,22671,19350,0,0,0,1000
deepseek-v3,khpos,raw,4726f2417e6c1ae514b8d53055fc2dbfa814a4672ecb5245f926b89708e69d28,db07f6e38fbdec98e108f08272cddb44-af9331ff81d8,c1-b1-a1,50072,49072,10778,63880,41209,9099,31110,679,8184,623,41209,10778,630,679,22671,19350,0,0,0,1000
deepseek-v3,osf_cwsa_zh,core,4726f2417e6c1ae514b8d53055fc2dbfa814a4672ecb5245f926b89708e69d28,40a6e2b75aed4185096260b399664383-af9331ff81d8,c1-b1-a1,10310,9313,5425,7039,6975,3955,2023,473,2862,2634,6478,4928,3820,466,64,0,0,0,0,500
deepseek-v3,osf_cwsa_zh,legal,4726f2417e6c1ae514b8d53055fc2dbfa814a4672ecb5245f926b89708e69d28,40a6e2b75aed4185096260b399664383-af9331ff81d8,c1-b1-a1,10310,9810,5425,7039,6975,4452,2023,473,2862,3131,6975,5425,3820,466,64,0,0,0,0,500
deepseek-v3,osf_cwsa_zh,raw,4726f2417e6c1ae514b8d53055fc2dbfa814a4672ecb5245f926b89708e69d28,40a6e2b75aed4185096260b399664383-af9331ff81d8,c1-b1-a1,10310,9810,5425,7039,6975,4452,2023,473,2862,3131,6975,5425,3820,466,64,0,0,0,0,500
deepseek-v3,sighan_as,core,4726f2417e6c1ae514b8d53055fc2dbfa814a4672ecb5245f926b89708e69d28,2be63cd08c949b44cd6e9a69edbec5fc-af9331ff81d8,c1-b1-a1,68582,54820,42425,51219,50370,24889,11940,4200,13791,18147,41829,34089,32963,4025,849,0,0,0,0,5000
deepseek-v3,sighan_as,legal,4726f2417e6c1ae514b8d53055fc2dbfa814a4672ecb5245f926b89708e69d28,2be63cd08c949b44cd6e9a69edbec5fc-af9331ff81d8,c1-b1-a1,68582,63582,42425,51219,50370,33015,12355,4410,13802,25446,50370,42425,32963,4221,849,0,0,0,0,5000
deepseek-v3,sighan_as,raw,4726f2417e6c1ae514b8d53055fc2dbfa814a4672ecb5245f926b89708e69d28,2be63cd08c949b44cd6e9a69edbec5fc-af9331ff81d8,c1-b1-a1,68582,63582,42425,51219,50370,33015,12355,4410,13802,25446,50370,42425,32963,4221,849,0,0,0,0,5000
deepseek-v3,sighan_cityu,core,4726f2417e6c1ae514b8d53055fc2dbfa814a4672ecb5245f926b89708e69d28,58581cf718d59e4d15084352ad65b879-af9331ff81d8,c1-b1-a1,67689,53468,40936,51361,50591,23992,12711,3164,13601,14220,38195,28648,30524,3022,770,0,0,0,0,1492
deepseek-v3,sighan_cityu,legal,4726f2417e6c1ae514b8d53055fc2dbfa814a4672ecb5245f926b89708e69d28,58581cf718d59e4d15084352ad65b879-af9331ff81d8,c1-b1-a1,67689,66197,40936,51361,50591,35981,13118,3463,13635,24656,50591,40936,30524,3312,770,0,0,0,0,1492
deepseek-v3,sighan_cityu,raw,4726f2417e6c1ae514b8d53055fc2dbfa814a4672ecb5245f926b89708e69d28,58581cf718d59e4d15084352ad65b879-af9331ff81d8,c1-b1-a1,67689,66197,40936,51361,50591,35981,13118,3463,13635,24656,50591,40936,30524,3312,770,0,0,0,0,1492
deepseek-v3,sighan_msr,core,4726f2417e6c1ae514b8d53055fc2dbfa814a4672ecb5245f926b89708e69d28,0560e07eb0101afa53c16a255caaa319-af9331ff81d8,c1-b1-a1,184355,146372,106873,108610,108282,56858,14272,14811,60431,40862,75115,75654,96458,14115,328,0,0,0,0,3985
deepseek-v3,sighan_msr,legal,4726f2417e6c1ae514b8d53055fc2dbfa814a4672ecb5245f926b89708e69d28,0560e07eb0101afa53c16a255caaa319-af9331ff81d8,c1-b1-a1,184355,180370,106873,108610,108282,87248,17049,15640,60433,68278,108282,106873,96458,14831,328,0,0,0,0,3985
deepseek-v3,sighan_msr,raw,4726f2417e6c1ae514b8d53055fc2dbfa814a4672ecb5245f926b89708e69d28,0560e07eb0101afa53c16a255caaa319-af9331ff81d8,c1-b1-a1,184355,180370,106873,108610,108282,87248,17049,15640,60433,68278,108282,106873,96458,14831,328,0,0,0,0,3985
deepseek-v3,sighan_pku,core,4726f2417e6c1ae514b8d53055fc2dbfa814a4672ecb5245f926b89708e69d28,b2a4d594aa65a829a81df1b6afce55ee-af9331ff81d8,c1-b1-a1,172733,135942,104372,102318,102169,54939,11473,14858,54672,37440,68356,71741,93681,13961,149,0,0,0,0,1944
deepseek-v3,sighan_pku,legal,4726f2417e6c1ae514b8d53055fc2dbfa814a4672ecb5245f926b89708e69d28,b2a4d594aa65a829a81df1b6afce55ee-af9331ff81d8,c1-b1-a1,172733,170789,104372,102318,102169,86708,13517,15720,54844,65747,102169,104372,93681,14755,149,0,0,0,0,1944
deepseek-v3,sighan_pku,raw,4726f2417e6c1ae514b8d53055fc2dbfa814a4672ecb5245f926b89708e69d28,b2a4d594aa65a829a81df1b6afce55ee-af9331ff81d8,c1-b1-a1,172733,170789,104372,102318,102169,86708,13517,15720,54844,65747,102169,104372,93681,14755,149,0,0,0,0,1944
deepseek-v3,ud_th_pud,core,4726f2417e6c1ae514b8d53055fc2dbfa814a4672ecb5245f926b89708e69d28,4b0e1b9bb0262e2aedf915e4322e9c30-af9331ff81d8,c1-b1-a1,98318,50336,22330,39331,38709,16906,9433,1975,22022,11363,27339,19881,13586,1953,622,8191,0,102,0,1000
deepseek-v3,ud_th_pud,legal,4726f2417e6c1ae514b8d53055fc2dbfa814a4672ecb5245f926b89708e69d28,4b0e1b9bb0262e2aedf915e4322e9c30-af9331ff81d8,c1-b1-a1,98318,55046,22330,39331,38709,19987,9531,3499,22029,12938,30518,24486,13586,3475,622,8191,0,102,0,1000
deepseek-v3,ud_th_pud,raw,4726f2417e6c1ae514b8d53055fc2dbfa814a4672ecb5245f926b89708e69d28,4b0e1b9bb0262e2aedf915e4322e9c30-af9331ff81d8,c1-b1-a1,98318,97318,22330,39331,38709,19987,17722,3499,56110,11624,38709,24486,13586,3475,622,8191,0,102,0,1000
deepseek-v3,ud_yue_hk,core,4726f2417e6c1ae514b8d53055fc2dbfa814a4672ecb5245f926b89708e69d28,c57eef85e9d45467b37b16a74061fa07-af9331ff81d8,c1-b1-a1,18633,12998,13918,17184,15408,7799,2094,640,2465,6547,10897,9443,12051,619,1776,0,0,0,0,1004
deepseek-v3,ud_yue_hk,legal,4726f2417e6c1ae514b8d53055fc2dbfa814a4672ecb5245f926b89708e69d28,c57eef85e9d45467b37b16a74061fa07-af9331ff81d8,c1-b1-a1,18633,17629,13918,17184,15408,12243,2161,672,2553,10804,15408,13919,12051,651,1776,0,0,0,0,1004
deepseek-v3,ud_yue_hk,raw,4726f2417e6c1ae514b8d53055fc2dbfa814a4672ecb5245f926b89708e69d28,c57eef85e9d45467b37b16a74061fa07-af9331ff81d8,c1-b1-a1,18633,17629,13918,17184,15408,12243,2161,672,2553,10804,15408,13919,12051,651,1776,0,0,0,0,1004
deepseek-v3,ud_zh_gsd,core,4726f2417e6c1ae514b8d53055fc2dbfa814a4672ecb5245f926b89708e69d28,8cac770ebc7b997f152fcbf748555fd2-af9331ff81d8,c1-b1-a1,19235,15035,12010,14046,13906,6813,3002,1126,4094,4233,10315,8439,9397,1076,140,0,0,0,0,500
deepseek-v3,ud_zh_gsd,legal,4726f2417e6c1ae514b8d53055fc2dbfa814a4672ecb5245f926b89708e69d28,8cac770ebc7b997f152fcbf748555fd2-af9331ff81d8,c1-b1-a1,19235,18735,12010,14046,13906,10305,3101,1234,4095,7255,13906,12039,9397,1183,140,0,0,0,0,500
deepseek-v3,ud_zh_gsd,raw,4726f2417e6c1ae514b8d53055fc2dbfa814a4672ecb5245f926b89708e69d28,8cac770ebc7b997f152fcbf748555fd2-af9331ff81d8,c1-b1-a1,19235,18735,12010,14046,13906,10305,3101,1234,4095,7255,13906,12039,9397,1183,140,0,0,0,0,500
deepseek-v3,ud_zh_gsdsimp,core,4726f2417e6c1ae514b8d53055fc2dbfa814a4672ecb5245f926b89708e69d28,6f25aa75467198a1068703ba7201892f-af9331ff81d8,c1-b1-a1,19235,15035,12010,12245,12227,6261,1875,1678,5221,4159,8636,8439,10436,1564,18,0,0,0,0,500
deepseek-v3,ud_zh_gsdsimp,legal,4726f2417e6c1ae514b8d53055fc2dbfa814a4672ecb5245f926b89708e69d28,6f25aa75467198a1068703ba7201892f-af9331ff81d8,c1-b1-a1,19235,18735,12010,12245,12227,9753,1974,1786,5222,7217,12227,12039,10436,1671,18,0,0,0,0,500
deepseek-v3,ud_zh_gsdsimp,raw,4726f2417e6c1ae514b8d53055fc2dbfa814a4672ecb5245f926b89708e69d28,6f25aa75467198a1068703ba7201892f-af9331ff81d8,c1-b1-a1,19235,18735,12010,12245,12227,9753,1974,1786,5222,7217,12227,12039,10436,1671,18,0,0,0,0,500
deepseek-v3,ud_zh_hk,core,4726f2417e6c1ae514b8d53055fc2dbfa814a4672ecb5245f926b89708e69d28,3b03a30f7f07a74d502e63ab7b2158b1-af9331ff81d8,c1-b1-a1,14063,10547,9874,9807,9732,5109,1220,1344,2874,4059,7333,7457,8863,1266,75,0,0,0,0,1004
deepseek-v3,ud_zh_hk,legal,4726f2417e6c1ae514b8d53055fc2dbfa814a4672ecb5245f926b89708e69d28,3b03a30f7f07a74d502e63ab7b2158b1-af9331ff81d8,c1-b1-a1,14063,13059,9874,9807,9732,7479,1249,1391,2940,6277,9732,9874,8863,1313,75,0,0,0,0,1004
deepseek-v3,ud_zh_hk,raw,4726f2417e6c1ae514b8d53055fc2dbfa814a4672ecb5245f926b89708e69d28,3b03a30f7f07a74d502e63ab7b2158b1-af9331ff81d8,c1-b1-a1,14063,13059,9874,9807,9732,7479,1249,1391,2940,6277,9732,9874,8863,1313,75,0,0,0,0,1004
deepseek-v3,vistec_th,core,4726f2417e6c1ae514b8d53055fc2dbfa814a4672ecb5245f926b89708e69d28,bed5ca30c44920d580dad8f82cb8699a-af9331ff81d8,c1-b1-a1,1392530,681825,337977,606573,596592,229414,129393,26413,296605,152643,363807,260827,185989,26382,9981,126624,0,1103,0,5000
deepseek-v3,vistec_th,legal,4726f2417e6c1ae514b8d53055fc2dbfa814a4672ecb5245f926b89708e69d28,bed5ca30c44920d580dad8f82cb8699a-af9331ff81d8,c1-b1-a1,1392530,842412,337977,606573,596592,318290,146678,77700,299744,195031,469968,400990,185989,77604,9981,126624,0,1103,0,5000
deepseek-v3,vistec_th,raw,4726f2417e6c1ae514b8d53055fc2dbfa814a4672ecb5245f926b89708e69d28,bed5ca30c44920d580dad8f82cb8699a-af9331ff81d8,c1-b1-a1,1392530,1387530,337977,606573,596592,318375,273217,77727,718211,163728,596592,401102,185989,77631,9981,126624,0,1103,0,5000
deepseek-v3,wisesight1000,core,4726f2417e6c1ae514b8d53055fc2dbfa814a4672ecb5245f926b89708e69d28,db4e643f660267c46562963d21e2ca5d-af9331ff81d8,c1-b1-a1,75135,35989,18790,33870,33100,11566,6272,1154,16997,8514,18831,13713,10397,1154,770,7557,0,71,0,993
deepseek-v3,wisesight1000,legal,4726f2417e6c1ae514b8d53055fc2dbfa814a4672ecb5245f926b89708e69d28,db4e643f660267c46562963d21e2ca5d-af9331ff81d8,c1-b1-a1,75135,46265,18790,33870,33100,17454,7096,4268,17447,11361,25543,22715,10397,4250,770,7557,0,71,0,993
deepseek-v3,wisesight1000,raw,4726f2417e6c1ae514b8d53055fc2dbfa814a4672ecb5245f926b89708e69d28,db4e643f660267c46562963d21e2ca5d-af9331ff81d8,c1-b1-a1,75135,74142,18790,33870,33100,17466,14641,4271,37764,9195,33100,22730,10397,4253,770,7557,0,71,0,993
gemma3,alt_km,core,b3876a60c424565773c7c8c087cca506f8d6809dfdfd9f34d9c707abf3dd281a,57adf94bc86a52a59e4151d41cf87c72-af9331ff81d8,c1-b1-a1,699986,349503,177585,329271,329241,144037,67643,10105,127718,97188,216680,159142,97166,10105,30,93215,0,0,0,5000
gemma3,alt_km,legal,b3876a60c424565773c7c8c087cca506f8d6809dfdfd9f34d9c707abf3dd281a,57adf94bc86a52a59e4151d41cf87c72-af9331ff81d8,c1-b1-a1,699986,369883,177585,329271,329241,162216,68810,11048,127809,112585,236026,178264,97166,11044,30,93215,0,0,0,5000
gemma3,alt_km,raw,b3876a60c424565773c7c8c087cca506f8d6809dfdfd9f34d9c707abf3dd281a,57adf94bc86a52a59e4151d41cf87c72-af9331ff81d8,c1-b1-a1,699986,694986,177585,329271,329241,162217,162024,11048,359697,85059,329241,178265,97166,11044,30,93215,0,0,0,5000
gemma3,hkcancor_d,core,b3876a60c424565773c7c8c087cca506f8d6809dfdfd9f34d9c707abf3dd281a,f318a47addd2c515077cf9aec2e1f445-af9331ff81d8,c1-b1-a1,2858,1962,2445,3000,2691,1496,302,58,106,1432,2055,1811,2163,58,309,0,0,0,0,257
gemma3,hkcancor_d,legal,b3876a60c424565773c7c8c087cca506f8d6809dfdfd9f34d9c707abf3dd281a,f318a47addd2c515077cf9aec2e1f445-af9331ff81d8,c1-b1-a1,2858,2601,2445,3000,2691,2127,307,61,106,2043,2691,2445,2163,61,309,0,0,0,0,257
gemma3,hkcancor_d,raw,b3876a60c424565773c7c8c087cca506f8d6809dfdfd9f34d9c707abf3dd281a,f318a47addd2c515077cf9aec2e1f445-af9331ff81d8,c1-b1-a1,2858,2601,2445,3000,2691,2127,307,61,106,2043,2691,2445,2163,61,309,0,0,0,0,257
gemma3,hkcancor_p,core,b3876a60c424565773c7c8c087cca506f8d6809dfdfd9f34d9c707abf3dd281a,edbbd3fee436612fbcab80d64f4359d8-af9331ff81d8,c1-b1-a1,2858,1962,2178,3000,2691,1269,529,42,122,1057,2055,1568,1699,42,309,0,0,0,0,257
gemma3,hkcancor_p,legal,b3876a60c424565773c7c8c087cca506f8d6809dfdfd9f34d9c707abf3dd281a,edbbd3fee436612fbcab80d64f4359d8-af9331ff81d8,c1-b1-a1,2858,2601,2178,3000,2691,1876,558,45,122,1614,2691,2178,1699,45,309,0,0,0,0,257
gemma3,hkcancor_p,raw,b3876a60c424565773c7c8c087cca506f8d6809dfdfd9f34d9c707abf3dd281a,edbbd3fee436612fbcab80d64f4359d8-af9331ff81d8,c1-b1-a1,2858,2601,2178,3000,2691,1876,558,45,122,1614,2691,2178,1699,45,309,0,0,0,0,257
gemma3,hkcancor_s,core,b3876a60c424565773c7c8c087cca506f8d6809dfdfd9f34d9c707abf3dd281a,b8ddbfc684e40364d686881c7f75b390-af9331ff81d8,c1-b1-a1,2858,1962,2178,3000,2691,1269,529,42,122,1057,2055,1568,1699,42,309,0,0,0,0,257
gemma3,hkcancor_s,legal,b3876a60c424565773c7c8c087cca506f8d6809dfdfd9f34d9c707abf3dd281a,b8ddbfc684e40364d686881c7f75b390-af9331ff81d8,c1-b1-a1,2858,2601,2178,3000,2691,1876,558,45,122,1614,2691,2178,1699,45,309,0,0,0,0,257
gemma3,hkcancor_s,raw,b3876a60c424565773c7c8c087cca506f8d6809dfdfd9f34d9c707abf3dd281a,b8ddbfc684e40364d686881c7f75b390-af9331ff81d8,c1-b1-a1,2858,2601,2178,3000,2691,1876,558,45,122,1614,2691,2178,1699,45,309,0,0,0,0,257
gemma3,khpos,core,b3876a60c424565773c7c8c087cca506f8d6809dfdfd9f34d9c707abf3dd281a,db07f6e38fbdec98e108f08272cddb44-af9331ff81d8,c1-b1-a1,50072,24146,10778,24741,24737,8828,6833,355,8130,5519,16661,10183,4441,355,4,7339,0,0,0,1000
gemma3,khpos,legal,b3876a60c424565773c7c8c087cca506f8d6809dfdfd9f34d9c707abf3dd281a,db07f6e38fbdec98e108f08272cddb44-af9331ff81d8,c1-b1-a1,50072,24906,10778,24741,24737,9403,6995,374,8134,6033,17398,10777,4441,374,4,7339,0,0,0,1000
gemma3,khpos,raw,b3876a60c424565773c7c8c087cca506f8d6809dfdfd9f34d9c707abf3dd281a,db07f6e38fbdec98e108f08272cddb44-af9331ff81d8,c1-b1-a1,50072,49072,10778,24741,24737,9403,14334,375,24960,4303,24737,10778,4441,375,4,7339,0,0,0,1000
gemma3,osf_cwsa_zh,core,b3876a60c424565773c7c8c087cca506f8d6809dfdfd9f34d9c707abf3dd281a,40a6e2b75aed4185096260b399664383-af9331ff81d8,c1-b1-a1,10310,9313,5425,7550,7550,4105,2448,323,2437,2556,7053,4928,3499,322,0,0,0,0,0,500
gemma3,osf_cwsa_zh,legal,b3876a60c424565773c7c8c087cca506f8d6809dfdfd9f34d9c707abf3dd281a,40a6e2b75aed4185096260b399664383-af9331ff81d8,c1-b1-a1,10310,9810,5425,7550,7550,4602,2448,323,2437,3053,7550,5425,3499,322,0,0,0,0,0,500
gemma3,osf_cwsa_zh,raw,b3876a60c424565773c7c8c087cca506f8d6809dfdfd9f34d9c707abf3dd281a,40a6e2b75aed4185096260b399664383-af9331ff81d8,c1-b1-a1,10310,9810,5425,7550,7550,4602,2448,323,2437,3053,7550,5425,3499,322,0,0,0,0,0,500
gemma3,sighan_as,core,b3876a60c424565773c7c8c087cca506f8d6809dfdfd9f34d9c707abf3dd281a,2be63cd08c949b44cd6e9a69edbec5fc-af9331ff81d8,c1-b1-a1,68582,54820,42425,53920,53866,26264,14022,2825,11709,18841,45286,34089,31321,2756,54,0,0,0,0,5000
gemma3,sighan_as,legal,b3876a60c424565773c7c8c087cca506f8d6809dfdfd9f34d9c707abf3dd281a,2be63cd08c949b44cd6e9a69edbec5fc-af9331ff81d8,c1-b1-a1,68582,63582,42425,53920,53866,34427,14439,2998,11718,26197,53866,42425,31321,2915,54,0,0,0,0,5000
gemma3,sighan_as,raw,b3876a60c424565773c7c8c087cca506f8d6809dfdfd9f34d9c707abf3dd281a,2be63cd08c949b44cd6e9a69edbec5fc-af9331ff81d8,c1-b1-a1,68582,63582,42425,53920,53866,34427,14439,2998,11718,26197,53866,42425,31321,2915,54,0,0,0,0,5000
gemma3,sighan_cityu,core,b3876a60c424565773c7c8c087cca506f8d6809dfdfd9f34d9c707abf3dd281a,58581cf718d59e4d15084352ad65b879-af9331ff81d8,c1-b1-a1,67689,53468,40936,54427,54335,25045,15388,2111,10924,14303,41925,28648,28640,2049,92,0,0,0,0,1492
gemma3,sighan_cityu,legal,b3876a60c424565773c7c8c087cca506f8d6809dfdfd9f34d9c707abf3dd281a,58581cf718d59e4d15084352ad65b879-af9331ff81d8,c1-b1-a1,67689,66197,40936,54427,54335,37048,15795,2396,10958,24572,54335,40936,28640,2325,92,0,0,0,0,1492
gemma3,sighan_cityu,raw,b3876a60c424565773c7c8c087cca506f8d6809dfdfd9f34d9c707abf3dd281a,58581cf718d59e4d15084352ad65b879-af9331ff81d8,c1-b1-a1,67689,66197,40936,54427,54335,37048,15795,2396,10958,24572,54335,40936,28640,2325,92,0,0,0,0,1492
gemma3,sighan_msr,core,b3876a60c424565773c7c8c087cca506f8d6809dfdfd9f34d9c707abf3dd281a,0560e07eb0101afa53c16a255caaa319-af9331ff81d8,c1-b1-a1,184355,146372,106873,128602,128574,64396,26931,7273,47772,46071,95312,75654,87267,7115,28,0,0,0,0,3985
gemma3,sighan_msr,legal,b3876a60c424565773c7c8c087cca506f8d6809dfdfd9f34d9c707abf3dd281a,0560e07eb0101afa53c16a255caaa319-af9331ff81d8,c1-b1-a1,184355,180370,106873,128602,128574,94881,29708,8007,47774,73474,128574,106873,87267,7735,28,0,0,0,0,3985
gemma3,sighan_msr,raw,b3876a60c424565773c7c8c087cca506f8d6809dfdfd9f34d9c707abf3dd281a,0560e07eb0101afa53c16a255caaa319-af9331ff81d8,c1-b1-a1,184355,180370,106873,128602,128574,94881,29708,8007,47774,73474,128574,106873,87267,7735,28,0,0,0,0,3985
gemma3,sighan_pku,core,b3876a60c424565773c7c8c087cca506f8d6809dfdfd9f34d9c707abf3dd281a,b2a4d594aa65a829a81df1b6afce55ee-af9331ff81d8,c1-b1-a1,172733,135942,104372,124485,124457,62458,26103,7339,40042,41236,90505,71741,82951,7120,28,0,0,0,0,1944
gemma3,sighan_pku,legal,b3876a60c424565773c7c8c087cca506f8d6809dfdfd9f34d9c707abf3dd281a,b2a4d594aa65a829a81df1b6afce55ee-af9331ff81d8,c1-b1-a1,172733,170789,104372,124485,124457,94359,28154,8069,40207,69095,124457,104372,82951,7787,28,0,0,0,0,1944
gemma3,sighan_pku,raw,b3876a60c424565773c7c8c087cca506f8d6809dfdfd9f34d9c707abf3dd281a,b2a4d594aa65a829a81df1b6afce55ee-af9331ff81d8,c1-b1-a1,172733,170789,104372,124485,124457,94359,28154,8069,40207,69095,124457,104372,82951,7787,28,0,0,0,0,1944
gemma3,ud_th_pud,core,b3876a60c424565773c7c8c087cca506f8d6809dfdfd9f34d9c707abf3dd281a,4b0e1b9bb0262e2aedf915e4322e9c30-af9331ff81d8,c1-b1-a1,98318,50336,22330,35776,35776,17169,9523,1712,21932,11837,27692,19881,14919,1690,0,5168,0,0,0,1000
gemma3,ud_th_pud,legal,b3876a60c424565773c7c8c087cca506f8d6809dfdfd9f34d9c707abf3dd281a,4b0e1b9bb0262e2aedf915e4322e9c30-af9331ff81d8,c1-b1-a1,98318,55046,22330,35776,35776,19987,9621,3499,21939,12839,30608,24486,14919,3463,0,5168,0,0,0,1000
gemma3,ud_th_pud,raw,b3876a60c424565773c7c8c087cca506f8d6809dfdfd9f34d9c707abf3dd281a,4b0e1b9bb0262e2aedf915e4322e9c30-af9331ff81d8,c1-b1-a1,98318,97318,22330,35776,35776,19987,14789,3499,59043,11889,35776,24486,14919,3463,0,5168,0,0,0,1000
gemma3,ud_yue_hk,core,b3876a60c424565773c7c8c087cca506f8d6809dfdfd9f34d9c707abf3dd281a,c57eef85e9d45467b37b16a74061fa07-af9331ff81d8,c1-b1-a1,18633,12998,13918,15972,15851,8027,2295,412,2264,6765,11326,9443,11863,399,121,0,0,0,0,1004
gemma3,ud_yue_hk,legal,b3876a60c424565773c7c8c087cca506f8d6809dfdfd9f34d9c707abf3dd281a,c57eef85e9d45467b37b16a74061fa07-af9331ff81d8,c1-b1-a1,18633,17629,13918,15972,15851,12471,2376,444,2338,11028,15851,13919,11863,431,121,0,0,0,0,1004
gemma3,ud_yue_hk,raw,b3876a60c424565773c7c8c087cca506f8d6809dfdfd9f34d9c707abf3dd281a,c57eef85e9d45467b37b16a74061fa07-af9331ff81d8,c1-b1-a1,18633,17629,13918,15972,15851,12471,2376,444,2338,11028,15851,13919,11863,431,121,0,0,0,0,1004
gemma3,ud_zh_gsd,core,b3876a60c424565773c7c8c087cca506f8d6809dfdfd9f34d9c707abf3dd281a,8cac770ebc7b997f152fcbf748555fd2-af9331ff81d8,c1-b1-a1,19235,15035,12010,15239,15233,7154,3987,785,3109,4423,11641,8439,8938,758,6,0,0,0,0,500
gemma3,ud_zh_gsd,legal,b3876a60c424565773c7c8c087cca506f8d6809dfdfd9f34d9c707abf3dd281a,8cac770ebc7b997f152fcbf748555fd2-af9331ff81d8,c1-b1-a1,19235,18735,12010,15239,15233,10646,4087,893,3109,7398,15233,12039,8938,865,6,0,0,0,0,500
gemma3,ud_zh_gsd,raw,b3876a60c424565773c7c8c087cca506f8d6809dfdfd9f34d9c707abf3dd281a,8cac770ebc7b997f152fcbf748555fd2-af9331ff81d8,c1-b1-a1,19235,18735,12010,15239,15233,10646,4087,893,3109,7398,15233,12039,8938,865,6,0,0,0,0,500
gemma3,ud_zh_gsdsimp,core,b3876a60c424565773c7c8c087cca506f8d6809dfdfd9f34d9c707abf3dd281a,6f25aa75467198a1068703ba7201892f-af9331ff81d8,c1-b1-a1,19235,15035,12010,14499,14495,6934,3469,1005,3627,4456,10903,8439,9419,961,4,0,0,0,0,500
gemma3,ud_zh_gsdsimp,legal,b3876a60c424565773c7c8c087cca506f8d6809dfdfd9f34d9c707abf3dd281a,6f25aa75467198a1068703ba7201892f-af9331ff81d8,c1-b1-a1,19235,18735,12010,14499,14495,10426,3569,1113,3627,7452,14495,12039,9419,1068,4,0,0,0,0,500
gemma3,ud_zh_gsdsimp,raw,b3876a60c424565773c7c8c087cca506f8d6809dfdfd9f34d9c707abf3dd281a,6f25aa75467198a1068703ba7201892f-af9331ff81d8,c1-b1-a1,19235,18735,12010,14499,14495,10426,3569,1113,3627,7452,14495,12039,9419,1068,4,0,0,0,0,500
gemma3,ud_zh_hk,core,b3876a60c424565773c7c8c087cca506f8d6809dfdfd9f34d9c707abf3dd281a,3b03a30f7f07a74d502e63ab7b2158b1-af9331ff81d8,c1-b1-a1,14063,10547,9874,10364,10356,5515,1430,938,2664,4583,7949,7457,8677,912,8,0,0,0,0,1004
gemma3,ud_zh_hk,legal,b3876a60c424565773c7c8c087cca506f8d6809dfdfd9f34d9c707abf3dd281a,3b03a30f7f07a74d502e63ab7b2158b1-af9331ff81d8,c1-b1-a1,14063,13059,9874,10364,10356,7886,1466,984,2723,6820,10356,9874,8677,958,8,0,0,0,0,1004
gemma3,ud_zh_hk,raw,b3876a60c424565773c7c8c087cca506f8d6809dfdfd9f34d9c707abf3dd281a,3b03a30f7f07a74d502e63ab7b2158b1-af9331ff81d8,c1-b1-a1,14063,13059,9874,10364,10356,7886,1466,984,2723,6820,10356,9874,8677,958,8,0,0,0,0,1004
gemma3,vistec_th,core,b3876a60c424565773c7c8c087cca506f8d6809dfdfd9f34d9c707abf3dd281a,bed5ca30c44920d580dad8f82cb8699a-af9331ff81d8,c1-b1-a1,1392530,681825,337977,530348,530342,237919,118960,17908,307038,171876,361879,260827,226722,17896,6,70789,0,0,0,5000
gemma3,vistec_th,legal,b3876a60c424565773c7c8c087cca506f8d6809dfdfd9f34d9c707abf3dd281a,bed5ca30c44920d580dad8f82cb8699a-af9331ff81d8,c1-b1-a1,1392530,842412,337977,530348,530342,318135,136418,77855,310004,196675,459553,400990,226722,77591,6,70789,0,0,0,5000
gemma3,vistec_th,raw,b3876a60c424565773c7c8c087cca506f8d6809dfdfd9f34d9c707abf3dd281a,bed5ca30c44920d580dad8f82cb8699a-af9331ff81d8,c1-b1-a1,1392530,1387530,337977,530348,530342,318215,207127,77887,784301,176138,530342,401102,226722,77620,6,70789,0,0,0,5000
gemma3,wisesight1000,core,b3876a60c424565773c7c8c087cca506f8d6809dfdfd9f34d9c707abf3dd281a,db4e643f660267c46562963d21e2ca5d-af9331ff81d8,c1-b1-a1,75135,35989,18790,29597,29597,11908,6014,812,17255,9209,18915,13713,12571,812,0,4398,0,0,0,993
gemma3,wisesight1000,legal,b3876a60c424565773c7c8c087cca506f8d6809dfdfd9f34d9c707abf3dd281a,db4e643f660267c46562963d21e2ca5d-af9331ff81d8,c1-b1-a1,75135,46265,18790,29597,29597,17299,6907,4423,17636,11036,25199,22715,12571,4388,0,4398,0,0,0,993
gemma3,wisesight1000,raw,b3876a60c424565773c7c8c087cca506f8d6809dfdfd9f34d9c707abf3dd281a,db4e643f660267c46562963d21e2ca5d-af9331ff81d8,c1-b1-a1,75135,74142,18790,29597,29597,17311,11293,4426,41112,9648,29597,22730,12571,4391,0,4398,0,0,0,993
glm4.5,alt_km,core,fd24932545ebd7b0f4f646616adf9a26fd3c011c7bcbe1907a403572b6aecc29,57adf94bc86a52a59e4151d41cf87c72-af9331ff81d8,c1-b1-a1,699986,349503,177585,1137871,578630,145377,139596,8765,55765,50407,289973,159142,12080,8765,559241,269303,0,0,0,5000
glm4.5,alt_km,legal,fd24932545ebd7b0f4f646616adf9a26fd3c011c7bcbe1907a403572b6aecc29,57adf94bc86a52a59e4151d41cf87c72-af9331ff81d8,c1-b1-a1,699986,369883,177585,1137871,578630,163630,140697,9634,55922,64561,309327,178264,12080,9632,559241,269303,0,0,0,5000
glm4.5,alt_km,raw,fd24932545ebd7b0f4f646616adf9a26fd3c011c7bcbe1907a403572b6aecc29,57adf94bc86a52a59e4151d41cf87c72-af9331ff81d8,c1-b1-a1,699986,694986,177585,1137871,578630,163631,409999,9634,111722,11246,578630,178265,12080,9632,559241,269303,0,0,0,5000
glm4.5,hkcancor_d,core,fd24932545ebd7b0f4f646616adf9a26fd3c011c7bcbe1907a403572b6aecc29,f318a47addd2c515077cf9aec2e1f445-af9331ff81d8,c1-b1-a1,2858,1962,2445,3736,2709,1486,330,68,78,1392,2073,1811,2136,68,1027,0,0,0,0,257
glm4.5,hkcancor_d,legal,fd24932545ebd7b0f4f646616adf9a26fd3c011c7bcbe1907a403572b6aecc29,f318a47addd2c515077cf9aec2e1f445-af9331ff81d8,c1-b1-a1,2858,2601,2445,3736,2709,2117,335,71,78,1999,2709,2445,2136,71,1027,0,0,0,0,257
glm4.5,hkcancor_d,raw,fd24932545ebd7b0f4f646616adf9a26fd3c011c7bcbe1907a403572b6aecc29,f318a47addd2c515077cf9aec2e1f445-af9331ff81d8,c1-b1-a1,2858,2601,2445,3736,2709,2117,335,71,78,1999,2709,2445,2136,71,1027,0,0,0,0,257
glm4.5,hkcancor_p,core,fd24932545ebd7b0f4f646616adf9a26fd3c011c7bcbe1907a403572b6aecc29,edbbd3fee436612fbcab80d64f4359d8-af9331ff81d8,c1-b1-a1,2858,1962,2178,3736,2709,1253,563,58,88,997,2073,1568,1667,58,1027,0,0,0,0,257
glm4.5,hkcancor_p,legal,fd24932545ebd7b0f4f646616adf9a26fd3c011c7bcbe1907a403572b6aecc29,edbbd3fee436612fbcab80d64f4359d8-af9331ff81d8,c1-b1-a1,2858,2601,2178,3736,2709,1860,592,61,88,1552,2709,2178,1667,61,1027,0,0,0,0,257
glm4.5,hkcancor_p,raw,fd24932545ebd7b0f4f646616adf9a26fd3c011c7bcbe1907a403572b6aecc29,edbbd3fee436612fbcab80d64f4359d8-af9331ff81d8,c1-b1-a1,2858,2601,2178,3736,2709,1860,592,61,88,1552,2709,2178,1667,61,1027,0,0,0,0,257
glm4.5,hkcancor_s,core,fd24932545ebd7b0f4f646616adf9a26fd3c011c7bcbe1907a403572b6aecc29,b8ddbfc684e40364d686881c7f75b390-af9331ff81d8,c1-b1-a1,2858,1962,2178,3736,2709,1253,563,58,88,997,2073,1568,1667,58,1027,0,0,0,0,257
glm4.5,hkcancor_s,legal,fd24932545ebd7b0f4f646616adf9a26fd3c011c7bcbe1907a403572b6aecc29,b8ddbfc684e40364d686881c7f75b390-af9331ff81d8,c1-b1-a1,2858,2601,2178,3736,2709,1860,592,61,88,1552,2709,2178,1667,61,1027,0,0,0,0,257
glm4.5,hkcancor_s,raw,fd24932545ebd7b0f4f646616adf9a26fd3c011c7bcbe1907a403572b6aecc29,b8ddbfc684e40364d686881c7f75b390-af9331ff81d8,c1-b1-a1,2858,2601,2178,3736,2709,1860,592,61,88,1552,2709,2178,1667,61,1027,0,0,0,0,257
glm4.5,khpos,core,fd24932545ebd7b0f4f646616adf9a26fd3c011c7bcbe1907a403572b6aecc29,db07f6e38fbdec98e108f08272cddb44-af9331ff81d8,c1-b1-a1,50072,24146,10778,83241,42107,8575,11977,608,2986,2625,21552,10183,627,608,41134,19804,0,0,0,1000
glm4.5,khpos,legal,fd24932545ebd7b0f4f646616adf9a26fd3c011c7bcbe1907a403572b6aecc29,db07f6e38fbdec98e108f08272cddb44-af9331ff81d8,c1-b1-a1,50072,24906,10778,83241,42107,9164,12139,613,2990,3163,22303,10777,627,613,41134,19804,0,0,0,1000
glm4.5,khpos,raw,fd24932545ebd7b0f4f646616adf9a26fd3c011c7bcbe1907a403572b6aecc29,db07f6e38fbdec98e108f08272cddb44-af9331ff81d8,c1-b1-a1,50072,49072,10778,83241,42107,9164,31943,614,7351,616,42107,10778,627,614,41134,19804,0,0,0,1000
glm4.5,osf_cwsa_zh,core,fd24932545ebd7b0f4f646616adf9a26fd3c011c7bcbe1907a403572b6aecc29,40a6e2b75aed4185096260b399664383-af9331ff81d8,c1-b1-a1,10310,9313,5425,9502,8328,4026,3305,402,1580,1777,7831,4928,2840,398,1174,0,0,0,0,500
glm4.5,osf_cwsa_zh,legal,fd24932545ebd7b0f4f646616adf9a26fd3c011c7bcbe1907a403572b6aecc29,40a6e2b75aed4185096260b399664383-af9331ff81d8,c1-b1-a1,10310,9810,5425,9502,8328,4523,3305,402,1580,2274,8328,5425,2840,398,1174,0,0,0,0,500
glm4.5,osf_cwsa_zh,raw,fd24932545ebd7b0f4f646616adf9a26fd3c011c7bcbe1907a403572b6aecc29,40a6e2b75aed4185096260b399664383-af9331ff81d8,c1-b1-a1,10310,9810,5425,9502,8328,4523,3305,402,1580,2274,8328,5425,2840,398,1174,0,0,0,0,500
glm4.5,sighan_as,core,fd24932545ebd7b0f4f646616adf9a26fd3c011c7bcbe1907a403572b6aecc29,2be63cd08c949b44cd6e9a69edbec5fc-af9331ff81d8,c1-b1-a1,68582,54820,42425,64906,57024,25828,17633,3261,8098,14891,48461,34089,27852,3164,7882,0,0,9,0,5000
glm4.5,sighan_as,legal,fd24932545ebd7b0f4f646616adf9a26fd3c011c7bcbe1907a403572b6aecc29,2be63cd08c949b44cd6e9a69edbec5fc-af9331ff81d8,c1-b1-a1,68582,63582,42425,64906,57024,33973,18051,3452,8106,22077,57024,42425,27852,3341,7882,0,0,9,0,5000
glm4.5,sighan_as,raw,fd24932545ebd7b0f4f646616adf9a26fd3c011c7bcbe1907a403572b6aecc29,2be63cd08c949b44cd6e9a69edbec5fc-af9331ff81d8,c1-b1-a1,68582,63582,42425,64906,57024,33973,18051,3452,8106,22077,57024,42425,27852,3341,7882,0,0,9,0,5000
glm4.5,sighan_cityu,core,fd24932545ebd7b0f4f646616adf9a26fd3c011c7bcbe1907a403572b6aecc29,58581cf718d59e4d15084352ad65b879-af9331ff81d8,c1-b1-a1,67689,53468,40936,64297,56457,24617,17949,2539,8363,11220,44058,28648,25773,2433,7840,0,0,6,0,1492
glm4.5,sighan_cityu,legal,fd24932545ebd7b0f4f646616adf9a26fd3c011c7bcbe1907a403572b6aecc29,58581cf718d59e4d15084352ad65b879-af9331ff81d8,c1-b1-a1,67689,66197,40936,64297,56457,36605,18360,2839,8393,21002,56457,40936,25773,2724,7840,0,0,6,0,1492
glm4.5,sighan_cityu,raw,fd24932545ebd7b0f4f646616adf9a26fd3c011c7bcbe1907a403572b6aecc29,58581cf718d59e4d15084352ad65b879-af9331ff81d8,c1-b1-a1,67689,66197,40936,64297,56457,36605,18360,2839,8393,21002,56457,40936,25773,2724,7840,0,0,6,0,1492
glm4.5,sighan_msr,core,fd24932545ebd7b0f4f646616adf9a26fd3c011c7bcbe1907a403572b6aecc29,0560e07eb0101afa53c16a255caaa319-af9331ff81d8,c1-b1-a1,184355,146372,106873,111732,111201,58064,15986,13605,58717,42195,78035,75654,95674,13031,531,0,0,4,0,3985
glm4.5,sighan_msr,legal,fd24932545ebd7b0f4f646616adf9a26fd3c011c7bcbe1907a403572b6aecc29,0560e07eb0101afa53c16a255caaa319-af9331ff81d8,c1-b1-a1,184355,180370,106873,111732,111201,88451,18765,14437,58717,69727,111201,106873,95674,13748,531,0,0,4,0,3985
glm4.5,sighan_msr,raw,fd24932545ebd7b0f4f646616adf9a26fd3c011c7bcbe1907a403572b6aecc29,0560e07eb0101afa53c16a255caaa319-af9331ff81d8,c1-b1-a1,184355,180370,106873,111732,111201,88451,18765,14437,58717,69727,111201,106873,95674,13748,531,0,0,4,0,3985
glm4.5,sighan_pku,core,fd24932545ebd7b0f4f646616adf9a26fd3c011c7bcbe1907a403572b6aecc29,b2a4d594aa65a829a81df1b6afce55ee-af9331ff81d8,c1-b1-a1,172733,135942,104372,104463,104262,56105,12391,13692,53754,38732,70440,71741,92946,12935,201,0,0,4,0,1944
glm4.5,sighan_pku,legal,fd24932545ebd7b0f4f646616adf9a26fd3c011c7bcbe1907a403572b6aecc29,b2a4d594aa65a829a81df1b6afce55ee-af9331ff81d8,c1-b1-a1,172733,170789,104372,104463,104262,87871,14447,14557,53914,67072,104262,104372,92946,13734,201,0,0,4,0,1944
glm4.5,sighan_pku,raw,fd24932545ebd7b0f4f646616adf9a26fd3c011c7bcbe1907a403572b6aecc29,b2a4d594aa65a829a81df1b6afce55ee-af9331ff81d8,c1-b1-a1,172733,170789,104372,104463,104262,87871,14447,14557,53914,67072,104262,104372,92946,13734,201,0,0,4,0,1944
glm4.5,ud_th_pud,core,fd24932545ebd7b0f4f646616adf9a26fd3c011c7bcbe1907a403572b6aecc29,4b0e1b9bb0262e2aedf915e4322e9c30-af9331ff81d8,c1-b1-a1,98318,50336,22330,93658,89530,18807,27930,74,3525,6887,47737,19881,630,74,4128,37450,0,0,0,1000
glm4.5,ud_th_pud,legal,fd24932545ebd7b0f4f646616adf9a26fd3c011c7bcbe1907a403572b6aecc29,4b0e1b9bb0262e2aedf915e4322e9c30-af9331ff81d8,c1-b1-a1,98318,55046,22330,93658,89530,23052,28028,434,3532,10000,52080,24486,630,433,4128,37450,0,0,0,1000
glm4.5,ud_th_pud,raw,fd24932545ebd7b0f4f646616adf9a26fd3c011c7bcbe1907a403572b6aecc29,4b0e1b9bb0262e2aedf915e4322e9c30-af9331ff81d8,c1-b1-a1,98318,97318,22330,93658,89530,23052,65478,434,8354,2299,89530,24486,630,433,4128,37450,0,0,0,1000
glm4.5,ud_yue_hk,core,fd24932545ebd7b0f4f646616adf9a26fd3c011c7bcbe1907a403572b6aecc29,c57eef85e9d45467b37b16a74061fa07-af9331ff81d8,c1-b1-a1,18633,12998,13918,19882,16526,7983,3030,456,1529,6057,12017,9443,11146,449,3356,0,0,1,0,1004
glm4.5,ud_yue_hk,legal,fd24932545ebd7b0f4f646616adf9a26fd3c011c7bcbe1907a403572b6aecc29,c57eef85e9d45467b37b16a74061fa07-af9331ff81d8,c1-b1-a1,18633,17629,13918,19882,16526,12427,3095,488,1619,10249,16526,13919,11146,481,3356,0,0,1,0,1004
glm4.5,ud_yue_hk,raw,fd24932545ebd7b0f4f646616adf9a26fd3c011c7bcbe1907a403572b6aecc29,c57eef85e9d45467b37b16a74061fa07-af9331ff81d8,c1-b1-a1,18633,17629,13918,19882,16526,12427,3095,488,1619,10249,16526,13919,11146,481,3356,0,0,1,0,1004
glm4.5,ud_zh_gsd,core,fd24932545ebd7b0f4f646616adf9a26fd3c011c7bcbe1907a403572b6aecc29,8cac770ebc7b997f152fcbf748555fd2-af9331ff81d8,c1-b1-a1,19235,15035,12010,17575,15570,7096,4382,843,2714,3550,11978,8439,8084,816,2005,0,0,3,0,500
glm4.5,ud_zh_gsd,legal,fd24932545ebd7b0f4f646616adf9a26fd3c011c7bcbe1907a403572b6aecc29,8cac770ebc7b997f152fcbf748555fd2-af9331ff81d8,c1-b1-a1,19235,18735,12010,17575,15570,10588,4482,951,2714,6454,15570,12039,8084,923,2005,0,0,3,0,500
glm4.5,ud_zh_gsd,raw,fd24932545ebd7b0f4f646616adf9a26fd3c011c7bcbe1907a403572b6aecc29,8cac770ebc7b997f152fcbf748555fd2-af9331ff81d8,c1-b1-a1,19235,18735,12010,17575,15570,10588,4482,951,2714,6454,15570,12039,8084,923,2005,0,0,3,0,500
glm4.5,ud_zh_gsdsimp,core,fd24932545ebd7b0f4f646616adf9a26fd3c011c7bcbe1907a403572b6aecc29,6f25aa75467198a1068703ba7201892f-af9331ff81d8,c1-b1-a1,19235,15035,12010,12492,12458,6333,2033,1606,5063,4180,8866,8439,10335,1493,34,0,0,3,0,500
glm4.5,ud_zh_gsdsimp,legal,fd24932545ebd7b0f4f646616adf9a26fd3c011c7bcbe1907a403572b6aecc29,6f25aa75467198a1068703ba7201892f-af9331ff81d8,c1-b1-a1,19235,18735,12010,12492,12458,9825,2133,1714,5063,7236,12458,12039,10335,1600,34,0,0,3,0,500
glm4.5,ud_zh_gsdsimp,raw,fd24932545ebd7b0f4f646616adf9a26fd3c011c7bcbe1907a403572b6aecc29,6f25aa75467198a1068703ba7201892f-af9331ff81d8,c1-b1-a1,19235,18735,12010,12492,12458,9825,2133,1714,5063,7236,12458,12039,10335,1600,34,0,0,3,0,500
glm4.5,ud_zh_hk,core,fd24932545ebd7b0f4f646616adf9a26fd3c011c7bcbe1907a403572b6aecc29,3b03a30f7f07a74d502e63ab7b2158b1-af9331ff81d8,c1-b1-a1,14063,10547,9874,12280,11215,5399,2414,1054,1680,3562,8817,7457,7719,999,1065,0,0,1,0,1004
glm4.5,ud_zh_hk,legal,fd24932545ebd7b0f4f646616adf9a26fd3c011c7bcbe1907a403572b6aecc29,3b03a30f7f07a74d502e63ab7b2158b1-af9331ff81d8,c1-b1-a1,14063,13059,9874,12280,11215,7769,2442,1101,1747,5716,11215,9874,7719,1046,1065,0,0,1,0,1004
glm4.5,ud_zh_hk,raw,fd24932545ebd7b0f4f646616adf9a26fd3c011c7bcbe1907a403572b6aecc29,3b03a30f7f07a74d502e63ab7b2158b1-af9331ff81d8,c1-b1-a1,14063,13059,9874,12280,11215,7769,2442,1101,1747,5716,11215,9874,7719,1046,1065,0,0,1,0,1004
glm4.5,vistec_th,core,fd24932545ebd7b0f4f646616adf9a26fd3c011c7bcbe1907a403572b6aecc29,bed5ca30c44920d580dad8f82cb8699a-af9331ff81d8,c1-b1-a1,1392530,681825,337977,1255982,1218575,254219,343042,1608,82956,102208,602261,260827,16097,1606,37407,481831,0,0,0,5000
glm4.5,vistec_th,legal,fd24932545ebd7b0f4f646616adf9a26fd3c011c7bcbe1907a403572b6aecc29,bed5ca30c44920d580dad8f82cb8699a-af9331ff81d8,c1-b1-a1,1392530,842412,337977,1255982,1218575,371123,360621,24867,85801,177184,736744,400990,16097,24826,37407,481831,0,0,0,5000
glm4.5,vistec_th,raw,fd24932545ebd7b0f4f646616adf9a26fd3c011c7bcbe1907a403572b6aecc29,bed5ca30c44920d580dad8f82cb8699a-af9331ff81d8,c1-b1-a1,1392530,1387530,337977,1255982,1218575,371232,842343,24870,149085,49790,1218575,401102,16097,24829,37407,481831,0,0,0,5000
glm4.5,wisesight1000,core,fd24932545ebd7b0f4f646616adf9a26fd3c011c7bcbe1907a403572b6aecc29,db4e643f660267c46562963d21e2ca5d-af9331ff81d8,c1-b1-a1,75135,35989,18790,66015,63751,12634,16888,86,6381,5236,30515,13713,1899,86,2264,24826,0,0,0,993
glm4.5,wisesight1000,legal,fd24932545ebd7b0f4f646616adf9a26fd3c011c7bcbe1907a403572b6aecc29,db4e643f660267c46562963d21e2ca5d-af9331ff81d8,c1-b1-a1,75135,46265,18790,66015,63751,20213,17719,1509,6824,10004,38925,22715,1899,1493,2264,24826,0,0,0,993
glm4.5,wisesight1000,raw,fd24932545ebd7b0f4f646616adf9a26fd3c011c7bcbe1907a403572b6aecc29,db4e643f660267c46562963d21e2ca5d-af9331ff81d8,c1-b1-a1,75135,74142,18790,66015,63751,20228,42530,1509,9875,3629,63751,22730,1899,1493,2264,24826,0,0,0,993
hunyuan,alt_km,core,206e282730c60fd1f3f24dbde9bde68687ace953783fbed3f1eead6e2168fd84,57adf94bc86a52a59e4151d41cf87c72-af9331ff81d8,c1-b1-a1,699986,349503,177585,1141120,581879,145377,142845,8765,52516,50013,293222,159142,10976,8765,559241,269303,0,0,0,5000
hunyuan,alt_km,legal,206e282730c60fd1f3f24dbde9bde68687ace953783fbed3f1eead6e2168fd84,57adf94bc86a52a59e4151d41cf87c72-af9331ff81d8,c1-b1-a1,699986,369883,177585,1141120,581879,163630,143946,9634,52673,63458,312576,178264,10976,9632,559241,269303,0,0,0,5000
hunyuan,alt_km,raw,206e282730c60fd1f3f24dbde9bde68687ace953783fbed3f1eead6e2168fd84,57adf94bc86a52a59e4151d41cf87c72-af9331ff81d8,c1-b1-a1,699986,694986,177585,1141120,581879,163631,413248,9634,108473,10143,581879,178265,10976,9632,559241,269303,0,0,0,5000
hunyuan,hkcancor_d,core,206e282730c60fd1f3f24dbde9bde68687ace953783fbed3f1eead6e2168fd84,f318a47addd2c515077cf9aec2e1f445-af9331ff81d8,c1-b1-a1,2858,1962,2445,3192,2724,1496,335,58,73,1404,2088,1811,2131,58,468,0,0,0,0,257
hunyuan,hkcancor_d,legal,206e282730c60fd1f3f24dbde9bde68687ace953783fbed3f1eead6e2168fd84,f318a47addd2c515077cf9aec2e1f445-af9331ff81d8,c1-b1-a1,2858,2601,2445,3192,2724,2127,340,61,73,2015,2724,2445,2131,61,468,0,0,0,0,257
hunyuan,hkcancor_d,raw,206e282730c60fd1f3f24dbde9bde68687ace953783fbed3f1eead6e2168fd84,f318a47addd2c515077cf9aec2e1f445-af9331ff81d8,c1-b1-a1,2858,2601,2445,3192,2724,2127,340,61,73,2015,2724,2445,2131,61,468,0,0,0,0,257
hunyuan,hkcancor_p,core,206e282730c60fd1f3f24dbde9bde68687ace953783fbed3f1eead6e2168fd84,edbbd3fee436612fbcab80d64f4359d8-af9331ff81d8,c1-b1-a1,2858,1962,2178,3192,2724,1263,568,48,83,1009,2088,1568,1662,48,468,0,0,0,0,257
hunyuan,hkcancor_p,legal,206e282730c60fd1f3f24dbde9bde68687ace953783fbed3f1eead6e2168fd84,edbbd3fee436612fbcab80d64f4359d8-af9331ff81d8,c1-b1-a1,2858,2601,2178,3192,2724,1870,597,51,83,1568,2724,2178,1662,51,468,0,0,0,0,257
hunyuan,hkcancor_p,raw,206e282730c60fd1f3f24dbde9bde68687ace953783fbed3f1eead6e2168fd84,edbbd3fee436612fbcab80d64f4359d8-af9331ff81d8,c1-b1-a1,2858,2601,2178,3192,2724,1870,597,51,83,1568,2724,2178,1662,51,468,0,0,0,0,257
hunyuan,hkcancor_s,core,206e282730c60fd1f3f24dbde9bde68687ace953783fbed3f1eead6e2168fd84,b8ddbfc684e40364d686881c7f75b390-af9331ff81d8,c1-b1-a1,2858,1962,2178,3192,2724,1263,568,48,83,1009,2088,1568,1662,48,468,0,0,0,0,257
hunyuan,hkcancor_s,legal,206e282730c60fd1f3f24dbde9bde68687ace953783fbed3f1eead6e2168fd84,b8ddbfc684e40364d686881c7f75b390-af9331ff81d8,c1-b1-a1,2858,2601,2178,3192,2724,1870,597,51,83,1568,2724,2178,1662,51,468,0,0,0,0,257
hunyuan,hkcancor_s,raw,206e282730c60fd1f3f24dbde9bde68687ace953783fbed3f1eead6e2168fd84,b8ddbfc684e40364d686881c7f75b390-af9331ff81d8,c1-b1-a1,2858,2601,2178,3192,2724,1870,597,51,83,1568,2724,2178,1662,51,468,0,0,0,0,257
hunyuan,khpos,core,206e282730c60fd1f3f24dbde9bde68687ace953783fbed3f1eead6e2168fd84,db07f6e38fbdec98e108f08272cddb44-af9331ff81d8,c1-b1-a1,50072,24146,10778,83243,42109,8575,11977,608,2986,2625,21552,10183,627,608,41134,19804,0,0,0,1000
hunyuan,khpos,legal,206e282730c60fd1f3f24dbde9bde68687ace953783fbed3f1eead6e2168fd84,db07f6e38fbdec98e108f08272cddb44-af9331ff81d8,c1-b1-a1,50072,24906,10778,83243,42109,9166,12139,611,2990,3167,22305,10777,627,611,41134,19804,0,0,0,1000
hunyuan,khpos,raw,206e282730c60fd1f3f24dbde9bde68687ace953783fbed3f1eead6e2168fd84,db07f6e38fbdec98e108f08272cddb44-af9331ff81d8,c1-b1-a1,50072,49072,10778,83243,42109,9166,31943,612,7351,620,42109,10778,627,612,41134,19804,0,0,0,1000
hunyuan,osf_cwsa_zh,core,206e282730c60fd1f3f24dbde9bde68687ace953783fbed3f1eead6e2168fd84,40a6e2b75aed4185096260b399664383-af9331ff81d8,c1-b1-a1,10310,9313,5425,8692,8439,4030,3412,398,1473,1711,7942,4928,2761,393,253,0,0,0,0,500
hunyuan,osf_cwsa_zh,legal,206e282730c60fd1f3f24dbde9bde68687ace953783fbed3f1eead6e2168fd84,40a6e2b75aed4185096260b399664383-af9331ff81d8,c1-b1-a1,10310,9810,5425,8692,8439,4527,3412,398,1473,2208,8439,5425,2761,393,253,0,0,0,0,500
hunyuan,osf_cwsa_zh,raw,206e282730c60fd1f3f24dbde9bde68687ace953783fbed3f1eead6e2168fd84,40a6e2b75aed4185096260b399664383-af9331ff81d8,c1-b1-a1,10310,9810,5425,8692,8439,4527,3412,398,1473,2208,8439,5425,2761,393,253,0,0,0,0,500
hunyuan,sighan_as,core,206e282730c60fd1f3f24dbde9bde68687ace953783fbed3f1eead6e2168fd84,2be63cd08c949b44cd6e9a69edbec5fc-af9331ff81d8,c1-b1-a1,68582,54820,42425,60524,57950,25945,18312,3144,7419,14575,49257,34089,27319,3054,2574,0,0,3,0,5000
hunyuan,sighan_as,legal,206e282730c60fd1f3f24dbde9bde68687ace953783fbed3f1eead6e2168fd84,2be63cd08c949b44cd6e9a69edbec5fc-af9331ff81d8,c1-b1-a1,68582,63582,42425,60524,57950,34220,18730,3205,7427,21984,57950,42425,27319,3114,2574,0,0,3,0,5000
hunyuan,sighan_as,raw,206e282730c60fd1f3f24dbde9bde68687ace953783fbed3f1eead6e2168fd84,2be63cd08c949b44cd6e9a69edbec5fc-af9331ff81d8,c1-b1-a1,68582,63582,42425,60524,57950,34220,18730,3205,7427,21984,57950,42425,27319,3114,2574,0,0,3,0,5000
hunyuan,sighan_cityu,core,206e282730c60fd1f3f24dbde9bde68687ace953783fbed3f1eead6e2168fd84,58581cf718d59e4d15084352ad65b879-af9331ff81d8,c1-b1-a1,67689,53468,40936,59813,57851,24721,19152,2435,7160,10822,45365,28648,25023,2334,1962,0,0,8,0,1492
hunyuan,sighan_cityu,legal,206e282730c60fd1f3f24dbde9bde68687ace953783fbed3f1eead6e2168fd84,58581cf718d59e4d15084352ad65b879-af9331ff81d8,c1-b1-a1,67689,66197,40936,59813,57851,36796,19563,2648,7190,20584,57851,40936,25023,2542,1962,0,0,8,0,1492
hunyuan,sighan_cityu,raw,206e282730c60fd1f3f24dbde9bde68687ace953783fbed3f1eead6e2168fd84,58581cf718d59e4d15084352ad65b879-af9331ff81d8,c1-b1-a1,67689,66197,40936,59813,57851,36796,19563,2648,7190,20584,57851,40936,25023,2542,1962,0,0,8,0,1492
hunyuan,sighan_msr,core,206e282730c60fd1f3f24dbde9bde68687ace953783fbed3f1eead6e2168fd84,0560e07eb0101afa53c16a255caaa319-af9331ff81d8,c1-b1-a1,184355,146372,106873,112852,112344,58596,16904,13073,57799,42487,79485,75654,94971,12554,508,0,0,6,0,3985
hunyuan,sighan_msr,legal,206e282730c60fd1f3f24dbde9bde68687ace953783fbed3f1eead6e2168fd84,0560e07eb0101afa53c16a255caaa319-af9331ff81d8,c1-b1-a1,184355,180370,106873,112852,112344,88676,19683,14212,57799,69342,112344,106873,94971,13586,508,0,0,6,0,3985
hunyuan,sighan_msr,raw,206e282730c60fd1f3f24dbde9bde68687ace953783fbed3f1eead6e2168fd84,0560e07eb0101afa53c16a255caaa319-af9331ff81d8,c1-b1-a1,184355,180370,106873,112852,112344,88676,19683,14212,57799,69342,112344,106873,94971,13586,508,0,0,6,0,3985
hunyuan,sighan_pku,core,206e282730c60fd1f3f24dbde9bde68687ace953783fbed3f1eead6e2168fd84,b2a4d594aa65a829a81df1b6afce55ee-af9331ff81d8,c1-b1-a1,172733,135942,104372,108670,108269,56903,15791,12894,50354,39093,74638,71741,91627,12202,401,0,0,4,0,1944
hunyuan,sighan_pku,legal,206e282730c60fd1f3f24dbde9bde68687ace953783fbed3f1eead6e2168fd84,b2a4d594aa65a829a81df1b6afce55ee-af9331ff81d8,c1-b1-a1,172733,170789,104372,108670,108269,88475,17850,13953,50511,66728,108269,104372,91627,13205,401,0,0,4,0,1944
hunyuan,sighan_pku,raw,206e282730c60fd1f3f24dbde9bde68687ace953783fbed3f1eead6e2168fd84,b2a4d594aa65a829a81df1b6afce55ee-af9331ff81d8,c1-b1-a1,172733,170789,104372,108670,108269,88475,17850,13953,50511,66728,108269,104372,91627,13205,401,0,0,4,0,1944
hunyuan,ud_th_pud,core,206e282730c60fd1f3f24dbde9bde68687ace953783fbed3f1eead6e2168fd84,4b0e1b9bb0262e2aedf915e4322e9c30-af9331ff81d8,c1-b1-a1,98318,50336,22330,94153,90025,18807,28425,74,3030,6882,48232,19881,539,74,4128,37450,0,0,0,1000
hunyuan,ud_th_pud,legal,206e282730c60fd1f3f24dbde9bde68687ace953783fbed3f1eead6e2168fd84,4b0e1b9bb0262e2aedf915e4322e9c30-af9331ff81d8,c1-b1-a1,98318,55046,22330,94153,90025,23052,28523,434,3037,9909,52575,24486,539,433,4128,37450,0,0,0,1000
hunyuan,ud_th_pud,raw,206e282730c60fd1f3f24dbde9bde68687ace953783fbed3f1eead6e2168fd84,4b0e1b9bb0262e2aedf915e4322e9c30-af9331ff81d8,c1-b1-a1,98318,97318,22330,94153,90025,23052,65973,434,7859,2208,90025,24486,539,433,4128,37450,0,0,0,1000
hunyuan,ud_yue_hk,core,206e282730c60fd1f3f24dbde9bde68687ace953783fbed3f1eead6e2168fd84,c57eef85e9d45467b37b16a74061fa07-af9331ff81d8,c1-b1-a1,18633,12998,13918,17644,16698,8048,3126,391,1433,6084,12178,9443,11060,385,946,0,0,1,0,1004
hunyuan,ud_yue_hk,legal,206e282730c60fd1f3f24dbde9bde68687ace953783fbed3f1eead6e2168fd84,c57eef85e9d45467b37b16a74061fa07-af9331ff81d8,c1-b1-a1,18633,17629,13918,17644,16698,12503,3191,412,1523,10307,16698,13919,11060,406,946,0,0,1,0,1004
hunyuan,ud_yue_hk,raw,206e282730c60fd1f3f24dbde9bde68687ace953783fbed3f1eead6e2168fd84,c57eef85e9d45467b37b16a74061fa07-af9331ff81d8,c1-b1-a1,18633,17629,13918,17644,16698,12503,3191,412,1523,10307,16698,13919,11060,406,946,0,0,1,0,1004
hunyuan,ud_zh_gsd,core,206e282730c60fd1f3f24dbde9bde68687ace953783fbed3f1eead6e2168fd84,8cac770ebc7b997f152fcbf748555fd2-af9331ff81d8,c1-b1-a1,19235,15035,12010,16685,16265,7129,5028,810,2068,3466,12657,8439,7873,787,420,0,0,3,0,500
hunyuan,ud_zh_gsd,legal,206e282730c60fd1f3f24dbde9bde68687ace953783fbed3f1eead6e2168fd84,8cac770ebc7b997f152fcbf748555fd2-af9331ff81d8,c1-b1-a1,19235,18735,12010,16685,16265,10637,5128,902,2068,6336,16265,12039,7873,878,420,0,0,3,0,500
hunyuan,ud_zh_gsd,raw,206e282730c60fd1f3f24dbde9bde68687ace953783fbed3f1eead6e2168fd84,8cac770ebc7b997f152fcbf748555fd2-af9331ff81d8,c1-b1-a1,19235,18735,12010,16685,16265,10637,5128,902,2068,6336,16265,12039,7873,878,420,0,0,3,0,500
hunyuan,ud_zh_gsdsimp,core,206e282730c60fd1f3f24dbde9bde68687ace953783fbed3f1eead6e2168fd84,6f25aa75467198a1068703ba7201892f-af9331ff81d8,c1-b1-a1,19235,15035,12010,13121,13112,6418,2639,1521,4457,4212,9557,8439,10166,1425,9,0,0,1,0,500
hunyuan,ud_zh_gsdsimp,legal,206e282730c60fd1f3f24dbde9bde68687ace953783fbed3f1eead6e2168fd84,6f25aa75467198a1068703ba7201892f-af9331ff81d8,c1-b1-a1,19235,18735,12010,13121,13112,9873,2739,1666,4457,7158,13112,12039,10166,1569,9,0,0,1,0,500
hunyuan,ud_zh_gsdsimp,raw,206e282730c60fd1f3f24dbde9bde68687ace953783fbed3f1eead6e2168fd84,6f25aa75467198a1068703ba7201892f-af9331ff81d8,c1-b1-a1,19235,18735,12010,13121,13112,9873,2739,1666,4457,7158,13112,12039,10166,1569,9,0,0,1,0,500
hunyuan,ud_zh_hk,core,206e282730c60fd1f3f24dbde9bde68687ace953783fbed3f1eead6e2168fd84,3b03a30f7f07a74d502e63ab7b2158b1-af9331ff81d8,c1-b1-a1,14063,10547,9874,11698,11466,5467,2583,986,1511,3531,9054,7457,7558,939,232,0,0,1,0,1004
hunyuan,ud_zh_hk,legal,206e282730c60fd1f3f24dbde9bde68687ace953783fbed3f1eead6e2168fd84,3b03a30f7f07a74d502e63ab7b2158b1-af9331ff81d8,c1-b1-a1,14063,13059,9874,11698,11466,7851,2611,1019,1578,5708,11466,9874,7558,972,232,0,0,1,0,1004
hunyuan,ud_zh_hk,raw,206e282730c60fd1f3f24dbde9bde68687ace953783fbed3f1eead6e2168fd84,3b03a30f7f07a74d502e63ab7b2158b1-af9331ff81d8,c1-b1-a1,14063,13059,9874,11698,11466,7851,2611,1019,1578,5708,11466,9874,7558,972,232,0,0,1,0,1004
hunyuan,vistec_th,core,206e282730c60fd1f3f24dbde9bde68687ace953783fbed3f1eead6e2168fd84,bed5ca30c44920d580dad8f82cb8699a-af9331ff81d8,c1-b1-a1,1392530,681825,337977,1264571,1227164,254222,351628,1605,74370,102055,610850,260827,14124,1604,37407,481831,0,0,0,5000
hunyuan,vistec_th,legal,206e282730c60fd1f3f24dbde9bde68687ace953783fbed3f1eead6e2168fd84,bed5ca30c44920d580dad8f82cb8699a-af9331ff81d8,c1-b1-a1,1392530,842412,337977,1264571,1227164,371126,369207,24864,77215,175224,745333,400990,14124,24824,37407,481831,0,0,0,5000
hunyuan,vistec_th,raw,206e282730c60fd1f3f24dbde9bde68687ace953783fbed3f1eead6e2168fd84,bed5ca30c44920d580dad8f82cb8699a-af9331ff81d8,c1-b1-a1,1392530,1387530,337977,1264571,1227164,371235,850929,24867,140499,47830,1227164,401102,14124,24827,37407,481831,0,0,0,5000
hunyuan,wisesight1000,core,206e282730c60fd1f3f24dbde9bde68687ace953783fbed3f1eead6e2168fd84,db4e643f660267c46562963d21e2ca5d-af9331ff81d8,c1-b1-a1,75135,35989,18790,66590,64359,12634,17496,86,5773,5223,31123,13713,1770,86,2231,24826,0,0,0,993
hunyuan,wisesight1000,legal,206e282730c60fd1f3f24dbde9bde68687ace953783fbed3f1eead6e2168fd84,db4e643f660267c46562963d21e2ca5d-af9331ff81d8,c1-b1-a1,75135,46265,18790,66590,64359,20213,18327,1509,6216,9875,39533,22715,1770,1493,2231,24826,0,0,0,993
hunyuan,wisesight1000,raw,206e282730c60fd1f3f24dbde9bde68687ace953783fbed3f1eead6e2168fd84,db4e643f660267c46562963d21e2ca5d-af9331ff81d8,c1-b1-a1,75135,74142,18790,66590,64359,20228,43138,1509,9267,3500,64359,22730,1770,1493,2231,24826,0,0,0,993
minicpm4,alt_km,core,49a9d875c4f0760f4ee7d89739303377c9e8734c5e1ee066f18a02e7ce5fea5a,57adf94bc86a52a59e4151d41cf87c72-af9331ff81d8,c1-b1-a1,699986,349503,177585,2053622,693194,154142,189292,0,6069,31134,348434,159142,10757,0,1355878,325103,0,0,4550,5000
minicpm4,alt_km,legal,49a9d875c4f0760f4ee7d89739303377c9e8734c5e1ee066f18a02e7ce5fea5a,57adf94bc86a52a59e4151d41cf87c72-af9331ff81d8,c1-b1-a1,699986,369883,177585,2053622,693194,172545,190546,719,6073,43475,368091,178264,10757,718,1355878,325103,0,0,4550,5000
minicpm4,alt_km,raw,49a9d875c4f0760f4ee7d89739303377c9e8734c5e1ee066f18a02e7ce5fea5a,57adf94bc86a52a59e4151d41cf87c72-af9331ff81d8,c1-b1-a1,699986,694986,177585,2053622,693194,172546,515648,719,6073,10205,693194,178265,10757,718,1355878,325103,0,0,4550,5000
minicpm4,hkcancor_d,core,49a9d875c4f0760f4ee7d89739303377c9e8734c5e1ee066f18a02e7ce5fea5a,f318a47addd2c515077cf9aec2e1f445-af9331ff81d8,c1-b1-a1,2858,1962,2445,3956,2734,1496,345,58,63,1397,2098,1811,2122,58,1021,0,0,0,201,257
minicpm4,hkcancor_d,legal,49a9d875c4f0760f4ee7d89739303377c9e8734c5e1ee066f18a02e7ce5fea5a,f318a47addd2c515077cf9aec2e1f445-af9331ff81d8,c1-b1-a1,2858,2601,2445,3956,2734,2127,350,61,63,2005,2734,2445,2122,61,1021,0,0,0,201,257
minicpm4,hkcancor_d,raw,49a9d875c4f0760f4ee7d89739303377c9e8734c5e1ee066f18a02e7ce5fea5a,f318a47addd2c515077cf9aec2e1f445-af9331ff81d8,c1-b1-a1,2858,2601,2445,3956,2734,2127,350,61,63,2005,2734,2445,2122,61,1021,0,0,0,201,257
minicpm4,hkcancor_p,core,49a9d875c4f0760f4ee7d89739303377c9e8734c5e1ee066f18a02e7ce5fea5a,edbbd3fee436612fbcab80d64f4359d8-af9331ff81d8,c1-b1-a1,2858,1962,2178,3956,2734,1264,577,47,74,1003,2098,1568,1654,47,1021,0,0,0,201,257
minicpm4,hkcancor_p,legal,49a9d875c4f0760f4ee7d89739303377c9e8734c5e1ee066f18a02e7ce5fea5a,edbbd3fee436612fbcab80d64f4359d8-af9331ff81d8,c1-b1-a1,2858,2601,2178,3956,2734,1871,606,50,74,1561,2734,2178,1654,50,1021,0,0,0,201,257
minicpm4,hkcancor_p,raw,49a9d875c4f0760f4ee7d89739303377c9e8734c5e1ee066f18a02e7ce5fea5a,edbbd3fee436612fbcab80d64f4359d8-af9331ff81d8,c1-b1-a1,2858,2601,2178,3956,2734,1871,606,50,74,1561,2734,2178,1654,50,1021,0,0,0,201,257
minicpm4,hkcancor_s,core,49a9d875c4f0760f4ee7d89739303377c9e8734c5e1ee066f18a02e7ce5fea5a,b8ddbfc684e40364d686881c7f75b390-af9331ff81d8,c1-b1-a1,2858,1962,2178,3956,2734,1264,577,47,74,1003,2098,1568,1654,47,1021,0,0,0,201,257
minicpm4,hkcancor_s,legal,49a9d875c4f0760f4ee7d89739303377c9e8734c5e1ee066f18a02e7ce5fea5a,b8ddbfc684e40364d686881c7f75b390-af9331ff81d8,c1-b1-a1,2858,2601,2178,3956,2734,1871,606,50,74,1561,2734,2178,1654,50,1021,0,0,0,201,257
minicpm4,hkcancor_s,raw,49a9d875c4f0760f4ee7d89739303377c9e8734c5e1ee066f18a02e7ce5fea5a,b8ddbfc684e40364d686881c7f75b390-af9331ff81d8,c1-b1-a1,2858,2601,2178,3956,2734,1871,606,50,74,1561,2734,2178,1654,50,1021,0,0,0,201,257
minicpm4,khpos,core,49a9d875c4f0760f4ee7d89739303377c9e8734c5e1ee066f18a02e7ce5fea5a,db07f6e38fbdec98e108f08272cddb44-af9331ff81d8,c1-b1-a1,50072,24146,10778,150694,50072,9183,14963,0,0,2000,25146,10183,625,0,99624,24166,0,0,998,1000
minicpm4,khpos,legal,49a9d875c4f0760f4ee7d89739303377c9e8734c5e1ee066f18a02e7ce5fea5a,db07f6e38fbdec98e108f08272cddb44-af9331ff81d8,c1-b1-a1,50072,24906,10778,150694,50072,9777,15129,0,0,2543,25906,10777,625,0,99624,24166,0,0,998,1000
minicpm4,khpos,raw,49a9d875c4f0760f4ee7d89739303377c9e8734c5e1ee066f18a02e7ce5fea5a,db07f6e38fbdec98e108f08272cddb44-af9331ff81d8,c1-b1-a1,50072,49072,10778,150694,50072,9778,39294,0,0,625,50072,10778,625,0,99624,24166,0,0,998,1000
minicpm4,osf_cwsa_zh,core,49a9d875c4f0760f4ee7d89739303377c9e8734c5e1ee066f18a02e7ce5fea5a,40a6e2b75aed4185096260b399664383-af9331ff81d8,c1-b1-a1,10310,9313,5425,8927,8557,4069,3491,359,1394,1701,8060,4928,2704,355,10,0,0,0,360,500
minicpm4,osf_cwsa_zh,legal,49a9d875c4f0760f4ee7d89739303377c9e8734c5e1ee066f18a02e7ce5fea5a,40a6e2b75aed4185096260b399664383-af9331ff81d8,c1-b1-a1,10310,9810,5425,8927,8557,4566,3491,359,1394,2198,8557,5425,2704,355,10,0,0,0,360,500
minicpm4,osf_cwsa_zh,raw,49a9d875c4f0760f4ee7d89739303377c9e8734c5e1ee066f18a02e7ce5fea5a,40a6e2b75aed4185096260b399664383-af9331ff81d8,c1-b1-a1,10310,9810,5425,8927,8557,4566,3491,359,1394,2198,8557,5425,2704,355,10,0,0,0,360,500
minicpm4,sighan_as,core,49a9d875c4f0760f4ee7d89739303377c9e8734c5e1ee066f18a02e7ce5fea5a,2be63cd08c949b44cd6e9a69edbec5fc-af9331ff81d8,c1-b1-a1,68582,54820,42425,63688,58482,26225,18502,2864,7229,14897,49727,34089,27163,2788,1442,0,0,0,3764,5000
minicpm4,sighan_as,legal,49a9d875c4f0760f4ee7d89739303377c9e8734c5e1ee066f18a02e7ce5fea5a,2be63cd08c949b44cd6e9a69edbec5fc-af9331ff81d8,c1-b1-a1,68582,63582,42425,63688,58482,34558,18924,2867,7233,22412,58482,42425,27163,2791,1442,0,0,0,3764,5000
minicpm4,sighan_as,raw,49a9d875c4f0760f4ee7d89739303377c9e8734c5e1ee066f18a02e7ce5fea5a,2be63cd08c949b44cd6e9a69edbec5fc-af9331ff81d8,c1-b1-a1,68582,63582,42425,63688,58482,34558,18924,2867,7233,22412,58482,42425,27163,2791,1442,0,0,0,3764,5000
minicpm4,sighan_cityu,core,49a9d875c4f0760f4ee7d89739303377c9e8734c5e1ee066f18a02e7ce5fea5a,58581cf718d59e4d15084352ad65b879-af9331ff81d8,c1-b1-a1,67689,53468,40936,59775,58438,24846,19402,2310,6910,10879,45740,28648,24846,2230,322,0,0,0,1015,1492
minicpm4,sighan_cityu,legal,49a9d875c4f0760f4ee7d89739303377c9e8734c5e1ee066f18a02e7ce5fea5a,58581cf718d59e4d15084352ad65b879-af9331ff81d8,c1-b1-a1,67689,66197,40936,59775,58438,37132,19814,2312,6939,21043,58438,40936,24846,2232,322,0,0,0,1015,1492
minicpm4,sighan_cityu,raw,49a9d875c4f0760f4ee7d89739303377c9e8734c5e1ee066f18a02e7ce5fea5a,58581cf718d59e4d15084352ad65b879-af9331ff81d8,c1-b1-a1,67689,66197,40936,59775,58438,37132,19814,2312,6939,21043,58438,40936,24846,2232,322,0,0,0,1015,1492
minicpm4,sighan_msr,core,49a9d875c4f0760f4ee7d89739303377c9e8734c5e1ee066f18a02e7ce5fea5a,0560e07eb0101afa53c16a255caaa319-af9331ff81d8,c1-b1-a1,184355,146372,106873,119314,115908,59925,18029,11744,56674,44053,81939,75654,94096,11353,848,0,0,0,2558,3985
minicpm4,sighan_msr,legal,49a9d875c4f0760f4ee7d89739303377c9e8734c5e1ee066f18a02e7ce5fea5a,0560e07eb0101afa53c16a255caaa319-af9331ff81d8,c1-b1-a1,184355,180370,106873,119314,115908,91115,20808,11773,56674,73073,115908,106873,94096,11382,848,0,0,0,2558,3985
minicpm4,sighan_msr,raw,49a9d875c4f0760f4ee7d89739303377c9e8734c5e1ee066f18a02e7ce5fea5a,0560e07eb0101afa53c16a255caaa319-af9331ff81d8,c1-b1-a1,184355,180370,106873,119314,115908,91115,20808,11773,56674,73073,115908,106873,94096,11382,848,0,0,0,2558,3985
minicpm4,sighan_pku,core,49a9d875c4f0760f4ee7d89739303377c9e8734c5e1ee066f18a02e7ce5fea5a,b2a4d594aa65a829a81df1b6afce55ee-af9331ff81d8,c1-b1-a1,172733,135942,104372,112686,111253,57671,16950,12126,49195,39652,76565,71741,90664,11566,240,0,0,0,1193,1944
minicpm4,sighan_pku,legal,49a9d875c4f0760f4ee7d89739303377c9e8734c5e1ee066f18a02e7ce5fea5a,b2a4d594aa65a829a81df1b6afce55ee-af9331ff81d8,c1-b1-a1,172733,170789,104372,112686,111253,90281,19028,12147,49333,69309,111253,104372,90664,11587,240,0,0,0,1193,1944
minicpm4,sighan_pku,raw,49a9d875c4f0760f4ee7d89739303377c9e8734c5e1ee066f18a02e7ce5fea5a,b2a4d594aa65a829a81df1b6afce55ee-af9331ff81d8,c1-b1-a1,172733,170789,104372,112686,111253,90281,19028,12147,49333,69309,111253,104372,90664,11587,240,0,0,0,1193,1944
minicpm4,ud_th_pud,core,49a9d875c4f0760f4ee7d89739303377c9e8734c5e1ee066f18a02e7ce5fea5a,4b0e1b9bb0262e2aedf915e4322e9c30-af9331ff81d8,c1-b1-a1,98318,50336,22330,194420,98062,18881,31342,0,113,6254,51223,19881,494,0,95372,42272,0,0,986,1000
minicpm4,ud_th_pud,legal,49a9d875c4f0760f4ee7d89739303377c9e8734c5e1ee066f18a02e7ce5fea5a,4b0e1b9bb0262e2aedf915e4322e9c30-af9331ff81d8,c1-b1-a1,98318,55046,22330,194420,98062,23343,31447,143,113,9521,55790,24486,494,142,95372,42272,0,0,986,1000
minicpm4,ud_th_pud,raw,49a9d875c4f0760f4ee7d89739303377c9e8734c5e1ee066f18a02e7ce5fea5a,4b0e1b9bb0262e2aedf915e4322e9c30-af9331ff81d8,c1-b1-a1,98318,97318,22330,194420,98062,23343,73719,143,113,2385,98062,24486,494,142,95372,42272,0,0,986,1000
minicpm4,ud_yue_hk,core,49a9d875c4f0760f4ee7d89739303377c9e8734c5e1ee066f18a02e7ce5fea5a,c57eef85e9d45467b37b16a74061fa07-af9331ff81d8,c1-b1-a1,18633,12998,13918,20377,16811,8069,3182,370,1377,6081,12255,9443,11008,365,2853,0,0,0,713,1004
minicpm4,ud_yue_hk,legal,49a9d875c4f0760f4ee7d89739303377c9e8734c5e1ee066f18a02e7ce5fea5a,c57eef85e9d45467b37b16a74061fa07-af9331ff81d8,c1-b1-a1,18633,17629,13918,20377,16811,12544,3263,371,1451,10335,16811,13919,11008,366,2853,0,0,0,713,1004
minicpm4,ud_yue_hk,raw,49a9d875c4f0760f4ee7d89739303377c9e8734c5e1ee066f18a02e7ce5fea5a,c57eef85e9d45467b37b16a74061fa07-af9331ff81d8,c1-b1-a1,18633,17629,13918,20377,16811,12544,3263,371,1451,10335,16811,13919,11008,366,2853,0,0,0,713,1004
minicpm4,ud_zh_gsd,core,49a9d875c4f0760f4ee7d89739303377c9e8734c5e1ee066f18a02e7ce5fea5a,8cac770ebc7b997f152fcbf748555fd2-af9331ff81d8,c1-b1-a1,19235,15035,12010,16837,16418,7182,5065,757,2031,3532,12747,8439,7847,738,44,0,0,0,375,500
minicpm4,ud_zh_gsd,legal,49a9d875c4f0760f4ee7d89739303377c9e8734c5e1ee066f18a02e7ce5fea5a,8cac770ebc7b997f152fcbf748555fd2-af9331ff81d8,c1-b1-a1,19235,18735,12010,16837,16418,10753,5165,786,2031,6519,16418,12039,7847,767,44,0,0,0,375,500
minicpm4,ud_zh_gsd,raw,49a9d875c4f0760f4ee7d89739303377c9e8734c5e1ee066f18a02e7ce5fea5a,8cac770ebc7b997f152fcbf748555fd2-af9331ff81d8,c1-b1-a1,19235,18735,12010,16837,16418,10753,5165,786,2031,6519,16418,12039,7847,767,44,0,0,0,375,500
minicpm4,ud_zh_gsdsimp,core,49a9d875c4f0760f4ee7d89739303377c9e8734c5e1ee066f18a02e7ce5fea5a,6f25aa75467198a1068703ba7201892f-af9331ff81d8,c1-b1-a1,19235,15035,12010,13813,13425,6490,2768,1449,4328,4229,9758,8439,10052,1365,34,0,0,0,354,500
minicpm4,ud_zh_gsdsimp,legal,49a9d875c4f0760f4ee7d89739303377c9e8734c5e1ee066f18a02e7ce5fea5a,6f25aa75467198a1068703ba7201892f-af9331ff81d8,c1-b1-a1,19235,18735,12010,13813,13425,10057,2868,1482,4328,7372,13425,12039,10052,1398,34,0,0,0,354,500
minicpm4,ud_zh_gsdsimp,raw,49a9d875c4f0760f4ee7d89739303377c9e8734c5e1ee066f18a02e7ce5fea5a,6f25aa75467198a1068703ba7201892f-af9331ff81d8,c1-b1-a1,19235,18735,12010,13813,13425,10057,2868,1482,4328,7372,13425,12039,10052,1398,34,0,0,0,354,500
minicpm4,ud_zh_hk,core,49a9d875c4f0760f4ee7d89739303377c9e8734c5e1ee066f18a02e7ce5fea5a,3b03a30f7f07a74d502e63ab7b2158b1-af9331ff81d8,c1-b1-a1,14063,10547,9874,12248,11604,5558,2589,895,1505,3682,9151,7457,7553,859,22,0,0,0,622,1004
minicpm4,ud_zh_hk,legal,49a9d875c4f0760f4ee7d89739303377c9e8734c5e1ee066f18a02e7ce5fea5a,3b03a30f7f07a74d502e63ab7b2158b1-af9331ff81d8,c1-b1-a1,14063,13059,9874,12248,11604,7975,2625,895,1564,5917,11604,9874,7553,859,22,0,0,0,622,1004
minicpm4,ud_zh_hk,raw,49a9d875c4f0760f4ee7d89739303377c9e8734c5e1ee066f18a02e7ce5fea5a,3b03a30f7f07a74d502e63ab7b2158b1-af9331ff81d8,c1-b1-a1,14063,13059,9874,12248,11604,7975,2625,895,1564,5917,11604,9874,7553,859,22,0,0,0,622,1004
minicpm4,vistec_th,core,49a9d875c4f0760f4ee7d89739303377c9e8734c5e1ee066f18a02e7ce5fea5a,bed5ca30c44920d580dad8f82cb8699a-af9331ff81d8,c1-b1-a1,1392530,681825,337977,2529629,1333501,255805,383045,22,42953,94148,643850,260827,12580,21,1191746,545118,0,0,4382,5000
minicpm4,vistec_th,legal,49a9d875c4f0760f4ee7d89739303377c9e8734c5e1ee066f18a02e7ce5fea5a,bed5ca30c44920d580dad8f82cb8699a-af9331ff81d8,c1-b1-a1,1392530,842412,337977,2529629,1333501,380375,403008,15615,43414,176436,788383,400990,12580,15594,1191746,545118,0,0,4382,5000
minicpm4,vistec_th,raw,49a9d875c4f0760f4ee7d89739303377c9e8734c5e1ee066f18a02e7ce5fea5a,bed5ca30c44920d580dad8f82cb8699a-af9331ff81d8,c1-b1-a1,1392530,1387530,337977,2529629,1333501,380487,948014,15615,43414,55605,1333501,401102,12580,15594,1191746,545118,0,0,4382,5000
minicpm4,wisesight1000,core,49a9d875c4f0760f4ee7d89739303377c9e8734c5e1ee066f18a02e7ce5fea5a,db4e643f660267c46562963d21e2ca5d-af9331ff81d8,c1-b1-a1,75135,35989,18790,134133,70275,12708,19528,12,3741,4626,33229,13713,1529,12,62932,27877,0,0,926,993
minicpm4,wisesight1000,legal,49a9d875c4f0760f4ee7d89739303377c9e8734c5e1ee066f18a02e7ce5fea5a,db4e643f660267c46562963d21e2ca5d-af9331ff81d8,c1-b1-a1,75135,46265,18790,134133,70275,20763,20642,959,3901,9831,42398,22715,1529,956,62932,27877,0,0,926,993
minicpm4,wisesight1000,raw,49a9d875c4f0760f4ee7d89739303377c9e8734c5e1ee066f18a02e7ce5fea5a,db4e643f660267c46562963d21e2ca5d-af9331ff81d8,c1-b1-a1,75135,74142,18790,134133,70275,20778,48504,959,3901,3952,70275,22730,1529,956,62932,27877,0,0,926,993
mistral-v3,alt_km,core,d733a43f7e81e164d2bdd79f29e782b89a60b0bc6ec5c7d5b5ca966b94765ffc,57adf94bc86a52a59e4151d41cf87c72-af9331ff81d8,c1-b1-a1,699986,349503,177585,867193,693425,154142,189633,0,5728,31129,348775,159142,10626,0,169218,325103,0,0,4550,5000
mistral-v3,alt_km,legal,d733a43f7e81e164d2bdd79f29e782b89a60b0bc6ec5c7d5b5ca966b94765ffc,57adf94bc86a52a59e4151d41cf87c72-af9331ff81d8,c1-b1-a1,699986,369883,177585,867193,693425,172522,190800,742,5819,43359,368322,178264,10626,741,169218,325103,0,0,4550,5000
mistral-v3,alt_km,raw,d733a43f7e81e164d2bdd79f29e782b89a60b0bc6ec5c7d5b5ca966b94765ffc,57adf94bc86a52a59e4151d41cf87c72-af9331ff81d8,c1-b1-a1,699986,694986,177585,867193,693425,172523,515902,742,5819,10089,693425,178265,10626,741,169218,325103,0,0,4550,5000
mistral-v3,hkcancor_d,core,d733a43f7e81e164d2bdd79f29e782b89a60b0bc6ec5c7d5b5ca966b94765ffc,f318a47addd2c515077cf9aec2e1f445-af9331ff81d8,c1-b1-a1,2858,1962,2445,5738,2851,1554,404,0,4,1451,2215,1811,2068,0,2635,0,0,0,252,257
mistral-v3,hkcancor_d,legal,d733a43f7e81e164d2bdd79f29e782b89a60b0bc6ec5c7d5b5ca966b94765ffc,f318a47addd2c515077cf9aec2e1f445-af9331ff81d8,c1-b1-a1,2858,2601,2445,5738,2851,2185,409,3,4,2062,2851,2445,2068,3,2635,0,0,0,252,257
mistral-v3,hkcancor_d,raw,d733a43f7e81e164d2bdd79f29e782b89a60b0bc6ec5c7d5b5ca966b94765ffc,f318a47addd2c515077cf9aec2e1f445-af9331ff81d8,c1-b1-a1,2858,2601,2445,5738,2851,2185,409,3,4,2062,2851,2445,2068,3,2635,0,0,0,252,257
mistral-v3,hkcancor_p,core,d733a43f7e81e164d2bdd79f29e782b89a60b0bc6ec5c7d5b5ca966b94765ffc,edbbd3fee436612fbcab80d64f4359d8-af9331ff81d8,c1-b1-a1,2858,1962,2178,5738,2851,1311,647,0,4,1033,2215,1568,1599,0,2635,0,0,0,252,257
mistral-v3,hkcancor_p,legal,d733a43f7e81e164d2bdd79f29e782b89a60b0bc6ec5c7d5b5ca966b94765ffc,edbbd3fee436612fbcab80d64f4359d8-af9331ff81d8,c1-b1-a1,2858,2601,2178,5738,2851,1918,676,3,4,1593,2851,2178,1599,3,2635,0,0,0,252,257
mistral-v3,hkcancor_p,raw,d733a43f7e81e164d2bdd79f29e782b89a60b0bc6ec5c7d5b5ca966b94765ffc,edbbd3fee436612fbcab80d64f4359d8-af9331ff81d8,c1-b1-a1,2858,2601,2178,5738,2851,1918,676,3,4,1593,2851,2178,1599,3,2635,0,0,0,252,257
mistral-v3,hkcancor_s,core,d733a43f7e81e164d2bdd79f29e782b89a60b0bc6ec5c7d5b5ca966b94765ffc,b8ddbfc684e40364d686881c7f75b390-af9331ff81d8,c1-b1-a1,2858,1962,2178,5738,2851,1311,647,0,4,1033,2215,1568,1599,0,2635,0,0,0,252,257
mistral-v3,hkcancor_s,legal,d733a43f7e81e164d2bdd79f29e782b89a60b0bc6ec5c7d5b5ca966b94765ffc,b8ddbfc684e40364d686881c7f75b390-af9331ff81d8,c1-b1-a1,2858,2601,2178,5738,2851,1918,676,3,4,1593,2851,2178,1599,3,2635,0,0,0,252,257
mistral-v3,hkcancor_s,raw,d733a43f7e81e164d2bdd79f29e782b89a60b0bc6ec5c7d5b5ca966b94765ffc,b8ddbfc684e40364d686881c7f75b390-af9331ff81d8,c1-b1-a1,2858,2601,2178,5738,2851,1918,676,3,4,1593,2851,2178,1599,3,2635,0,0,0,252,257
mistral-v3,khpos,core,d733a43f7e81e164d2bdd79f29e782b89a60b0bc6ec5c7d5b5ca966b94765ffc,db07f6e38fbdec98e108f08272cddb44-af9331ff81d8,c1-b1-a1,50072,24146,10778,65166,50065,9183,14963,0,0,2000,25146,10183,627,0,14106,24166,0,0,995,1000
mistral-v3,khpos,legal,d733a43f7e81e164d2bdd79f29e782b89a60b0bc6ec5c7d5b5ca966b94765ffc,db07f6e38fbdec98e108f08272cddb44-af9331ff81d8,c1-b1-a1,50072,24906,10778,65166,50065,9774,15125,3,4,2539,25899,10777,627,3,14106,24166,0,0,995,1000
mistral-v3,khpos,raw,d733a43f7e81e164d2bdd79f29e782b89a60b0bc6ec5c7d5b5ca966b94765ffc,db07f6e38fbdec98e108f08272cddb44-af9331ff81d8,c1-b1-a1,50072,49072,10778,65166,50065,9775,39290,3,4,621,50065,10778,627,3,14106,24166,0,0,995,1000
mistral-v3,osf_cwsa_zh,core,d733a43f7e81e164d2bdd79f29e782b89a60b0bc6ec5c7d5b5ca966b94765ffc,40a6e2b75aed4185096260b399664383-af9331ff81d8,c1-b1-a1,10310,9313,5425,14722,10310,4428,4885,0,0,1168,9813,4928,1665,0,3912,0,0,0,500,500
mistral-v3,osf_cwsa_zh,legal,d733a43f7e81e164d2bdd79f29e782b89a60b0bc6ec5c7d5b5ca966b94765ffc,40a6e2b75aed4185096260b399664383-af9331ff81d8,c1-b1-a1,10310,9810,5425,14722,10310,4925,4885,0,0,1665,10310,5425,1665,0,3912,0,0,0,500,500
mistral-v3,osf_cwsa_zh,raw,d733a43f7e81e164d2bdd79f29e782b89a60b0bc6ec5c7d5b5ca966b94765ffc,40a6e2b75aed4185096260b399664383-af9331ff81d8,c1-b1-a1,10310,9810,5425,14722,10310,4925,4885,0,0,1665,10310,5425,1665,0,3912,0,0,0,500,500
mistral-v3,sighan_as,core,d733a43f7e81e164d2bdd79f29e782b89a60b0bc6ec5c7d5b5ca966b94765ffc,2be63cd08c949b44cd6e9a69edbec5fc-af9331ff81d8,c1-b1-a1,68582,54820,42425,98383,68353,29089,25510,0,221,13769,59599,34089,21116,0,25046,0,0,0,4984,5000
mistral-v3,sighan_as,legal,d733a43f7e81e164d2bdd79f29e782b89a60b0bc6ec5c7d5b5ca966b94765ffc,2be63cd08c949b44cd6e9a69edbec5fc-af9331ff81d8,c1-b1-a1,68582,63582,42425,98383,68353,37424,25929,1,228,21114,68353,42425,21116,1,25046,0,0,0,4984,5000
mistral-v3,sighan_as,raw,d733a43f7e81e164d2bdd79f29e782b89a60b0bc6ec5c7d5b5ca966b94765ffc,2be63cd08c949b44cd6e9a69edbec5fc-af9331ff81d8,c1-b1-a1,68582,63582,42425,98383,68353,37424,25929,1,228,21114,68353,42425,21116,1,25046,0,0,0,4984,5000
mistral-v3,sighan_cityu,core,d733a43f7e81e164d2bdd79f29e782b89a60b0bc6ec5c7d5b5ca966b94765ffc,58581cf718d59e4d15084352ad65b879-af9331ff81d8,c1-b1-a1,67689,53468,40936,92200,67368,27146,26020,10,292,9744,54658,28648,19160,10,23378,0,0,0,1454,1492
mistral-v3,sighan_cityu,legal,d733a43f7e81e164d2bdd79f29e782b89a60b0bc6ec5c7d5b5ca966b94765ffc,58581cf718d59e4d15084352ad65b879-af9331ff81d8,c1-b1-a1,67689,66197,40936,92200,67368,39434,26442,10,311,19153,67368,40936,19160,10,23378,0,0,0,1454,1492
mistral-v3,sighan_cityu,raw,d733a43f7e81e164d2bdd79f29e782b89a60b0bc6ec5c7d5b5ca966b94765ffc,58581cf718d59e4d15084352ad65b879-af9331ff81d8,c1-b1-a1,67689,66197,40936,92200,67368,39434,26442,10,311,19153,67368,40936,19160,10,23378,0,0,0,1454,1492
mistral-v3,sighan_msr,core,d733a43f7e81e164d2bdd79f29e782b89a60b0bc6ec5c7d5b5ca966b94765ffc,0560e07eb0101afa53c16a255caaa319-af9331ff81d8,c1-b1-a1,184355,146372,106873,221197,183911,71669,74399,0,304,24998,150053,75654,48316,0,33376,0,0,0,3910,3985
mistral-v3,sighan_msr,legal,d733a43f7e81e164d2bdd79f29e782b89a60b0bc6ec5c7d5b5ca966b94765ffc,0560e07eb0101afa53c16a255caaa319-af9331ff81d8,c1-b1-a1,184355,180370,106873,221197,183911,102748,77178,140,304,48091,183911,106873,48316,85,33376,0,0,0,3910,3985
mistral-v3,sighan_msr,raw,d733a43f7e81e164d2bdd79f29e782b89a60b0bc6ec5c7d5b5ca966b94765ffc,0560e07eb0101afa53c16a255caaa319-af9331ff81d8,c1-b1-a1,184355,180370,106873,221197,183911,102748,77178,140,304,48091,183911,106873,48316,85,33376,0,0,0,3910,3985
mistral-v3,sighan_pku,core,d733a43f7e81e164d2bdd79f29e782b89a60b0bc6ec5c7d5b5ca966b94765ffc,b2a4d594aa65a829a81df1b6afce55ee-af9331ff81d8,c1-b1-a1,172733,135942,104372,198000,172330,69780,65850,17,295,23871,137574,71741,47727,17,23782,0,0,0,1888,1944
mistral-v3,sighan_pku,legal,d733a43f7e81e164d2bdd79f29e782b89a60b0bc6ec5c7d5b5ca966b94765ffc,b2a4d594aa65a829a81df1b6afce55ee-af9331ff81d8,c1-b1-a1,172733,170789,104372,198000,172330,102411,67975,17,386,47710,172330,104372,47727,17,23782,0,0,0,1888,1944
mistral-v3,sighan_pku,raw,d733a43f7e81e164d2bdd79f29e782b89a60b0bc6ec5c7d5b5ca966b94765ffc,b2a4d594aa65a829a81df1b6afce55ee-af9331ff81d8,c1-b1-a1,172733,170789,104372,198000,172330,102411,67975,17,386,47710,172330,104372,47727,17,23782,0,0,0,1888,1944
mistral-v3,ud_th_pud,core,d733a43f7e81e164d2bdd79f29e782b89a60b0bc6ec5c7d5b5ca966b94765ffc,4b0e1b9bb0262e2aedf915e4322e9c30-af9331ff81d8,c1-b1-a1,98318,50336,22330,99914,98064,18881,31352,0,103,6254,51233,19881,493,0,864,42272,0,0,986,1000
mistral-v3,ud_th_pud,legal,d733a43f7e81e164d2bdd79f29e782b89a60b0bc6ec5c7d5b5ca966b94765ffc,4b0e1b9bb0262e2aedf915e4322e9c30-af9331ff81d8,c1-b1-a1,98318,55046,22330,99914,98064,23342,31450,144,110,9522,55792,24486,493,143,864,42272,0,0,986,1000
mistral-v3,ud_th_pud,raw,d733a43f7e81e164d2bdd79f29e782b89a60b0bc6ec5c7d5b5ca966b94765ffc,4b0e1b9bb0262e2aedf915e4322e9c30-af9331ff81d8,c1-b1-a1,98318,97318,22330,99914,98064,23342,73722,144,110,2386,98064,24486,493,143,864,42272,0,0,986,1000
mistral-v3,ud_yue_hk,core,d733a43f7e81e164d2bdd79f29e782b89a60b0bc6ec5c7d5b5ca966b94765ffc,c57eef85e9d45467b37b16a74061fa07-af9331ff81d8,c1-b1-a1,18633,12998,13918,30435,18341,8439,4342,0,217,5756,13785,9443,9958,0,11095,0,0,0,999,1004
mistral-v3,ud_yue_hk,legal,d733a43f7e81e164d2bdd79f29e782b89a60b0bc6ec5c7d5b5ca966b94765ffc,c57eef85e9d45467b37b16a74061fa07-af9331ff81d8,c1-b1-a1,18633,17629,13918,30435,18341,12914,4423,1,291,9958,18341,13919,9958,1,11095,0,0,0,999,1004
mistral-v3,ud_yue_hk,raw,d733a43f7e81e164d2bdd79f29e782b89a60b0bc6ec5c7d5b5ca966b94765ffc,c57eef85e9d45467b37b16a74061fa07-af9331ff81d8,c1-b1-a1,18633,17629,13918,30435,18341,12914,4423,1,291,9958,18341,13919,9958,1,11095,0,0,0,999,1004
mistral-v3,ud_zh_gsd,core,d733a43f7e81e164d2bdd79f29e782b89a60b0bc6ec5c7d5b5ca966b94765ffc,8cac770ebc7b997f152fcbf748555fd2-af9331ff81d8,c1-b1-a1,19235,15035,12010,24897,18959,7939,6849,0,247,3351,15288,8439,6189,0,5442,0,0,0,496,500
mistral-v3,ud_zh_gsd,legal,d733a43f7e81e164d2bdd79f29e782b89a60b0bc6ec5c7d5b5ca966b94765ffc,8cac770ebc7b997f152fcbf748555fd2-af9331ff81d8,c1-b1-a1,19235,18735,12010,24897,18959,11510,6949,29,247,6169,18959,12039,6189,29,5442,0,0,0,496,500
mistral-v3,ud_zh_gsd,raw,d733a43f7e81e164d2bdd79f29e782b89a60b0bc6ec5c7d5b5ca966b94765ffc,8cac770ebc7b997f152fcbf748555fd2-af9331ff81d8,c1-b1-a1,19235,18735,12010,24897,18959,11510,6949,29,247,6169,18959,12039,6189,29,5442,0,0,0,496,500
mistral-v3,ud_zh_gsdsimp,core,d733a43f7e81e164d2bdd79f29e782b89a60b0bc6ec5c7d5b5ca966b94765ffc,6f25aa75467198a1068703ba7201892f-af9331ff81d8,c1-b1-a1,19235,15035,12010,22185,18927,7907,6849,32,247,3291,15256,8439,6189,32,2762,0,0,0,496,500
mistral-v3,ud_zh_gsdsimp,legal,d733a43f7e81e164d2bdd79f29e782b89a60b0bc6ec5c7d5b5ca966b94765ffc,6f25aa75467198a1068703ba7201892f-af9331ff81d8,c1-b1-a1,19235,18735,12010,22185,18927,11478,6949,61,247,6107,18927,12039,6189,61,2762,0,0,0,496,500
mistral-v3,ud_zh_gsdsimp,raw,d733a43f7e81e164d2bdd79f29e782b89a60b0bc6ec5c7d5b5ca966b94765ffc,6f25aa75467198a1068703ba7201892f-af9331ff81d8,c1-b1-a1,19235,18735,12010,22185,18927,11478,6949,61,247,6107,18927,12039,6189,61,2762,0,0,0,496,500
mistral-v3,ud_zh_hk,core,d733a43f7e81e164d2bdd79f29e782b89a60b0bc6ec5c7d5b5ca966b94765ffc,3b03a30f7f07a74d502e63ab7b2158b1-af9331ff81d8,c1-b1-a1,14063,10547,9874,19029,13905,6453,3986,0,108,4100,11443,7457,6282,0,4130,0,0,0,994,1004
mistral-v3,ud_zh_hk,legal,d733a43f7e81e164d2bdd79f29e782b89a60b0bc6ec5c7d5b5ca966b94765ffc,3b03a30f7f07a74d502e63ab7b2158b1-af9331ff81d8,c1-b1-a1,14063,13059,9874,19029,13905,8870,4031,0,158,6282,13905,9874,6282,0,4130,0,0,0,994,1004
mistral-v3,ud_zh_hk,raw,d733a43f7e81e164d2bdd79f29e782b89a60b0bc6ec5c7d5b5ca966b94765ffc,3b03a30f7f07a74d502e63ab7b2158b1-af9331ff81d8,c1-b1-a1,14063,13059,9874,19029,13905,8870,4031,0,158,6282,13905,9874,6282,0,4130,0,0,0,994,1004
mistral-v3,vistec_th,core,d733a43f7e81e164d2bdd79f29e782b89a60b0bc6ec5c7d5b5ca966b94765ffc,bed5ca30c44920d580dad8f82cb8699a-af9331ff81d8,c1-b1-a1,1392530,681825,337977,1355699,1331884,255820,384637,7,41361,94126,645457,260827,13107,7,19464,545118,0,0,4351,5000
mistral-v3,vistec_th,legal,d733a43f7e81e164d2bdd79f29e782b89a60b0bc6ec5c7d5b5ca966b94765ffc,bed5ca30c44920d580dad8f82cb8699a-af9331ff81d8,c1-b1-a1,1392530,842412,337977,1355699,1331884,379179,402587,16811,43835,174877,786766,400990,13107,16787,19464,545118,0,0,4351,5000
mistral-v3,vistec_th,raw,d733a43f7e81e164d2bdd79f29e782b89a60b0bc6ec5c7d5b5ca966b94765ffc,bed5ca30c44920d580dad8f82cb8699a-af9331ff81d8,c1-b1-a1,1392530,1387530,337977,1355699,1331884,379291,947593,16811,43835,54046,1331884,401102,13107,16787,19464,545118,0,0,4351,5000
mistral-v3,wisesight1000,core,d733a43f7e81e164d2bdd79f29e782b89a60b0bc6ec5c7d5b5ca966b94765ffc,db4e643f660267c46562963d21e2ca5d-af9331ff81d8,c1-b1-a1,75135,35989,18790,72247,70201,12711,19722,9,3547,4622,33426,13713,1497,9,1120,27877,0,0,926,993
mistral-v3,wisesight1000,legal,d733a43f7e81e164d2bdd79f29e782b89a60b0bc6ec5c7d5b5ca966b94765ffc,db4e643f660267c46562963d21e2ca5d-af9331ff81d8,c1-b1-a1,75135,46265,18790,72247,70201,20648,20683,1074,3860,9636,42324,22715,1497,1061,1120,27877,0,0,926,993
mistral-v3,wisesight1000,raw,d733a43f7e81e164d2bdd79f29e782b89a60b0bc6ec5c7d5b5ca966b94765ffc,db4e643f660267c46562963d21e2ca5d-af9331ff81d8,c1-b1-a1,75135,74142,18790,72247,70201,20663,48545,1074,3860,3757,70201,22730,1497,1061,1120,27877,0,0,926,993
mt5,hkcancor_d,core,297886a9471541e16050965d438331d539e3b8d6b42490e0d668df9eaa22fa1d,f318a47addd2c515077cf9aec2e1f445-af9331ff81d8,c1-b1-a1,2858,1962,2445,2955,2705,1509,318,45,90,1446,2084,1811,2148,44,0,0,0,0,250,257
mt5,hkcancor_d,legal,297886a9471541e16050965d438331d539e3b8d6b42490e0d668df9eaa22fa1d,f318a47addd2c515077cf9aec2e1f445-af9331ff81d8,c1-b1-a1,2858,2601,2445,2955,2705,2125,323,63,90,2028,2705,2445,2148,59,0,0,0,0,250,257
mt5,hkcancor_d,raw,297886a9471541e16050965d438331d539e3b8d6b42490e0d668df9eaa22fa1d,f318a47addd2c515077cf9aec2e1f445-af9331ff81d8,c1-b1-a1,2858,2601,2445,2955,2705,2125,323,63,90,2028,2705,2445,2148,59,0,0,0,0,250,257
mt5,hkcancor_p,core,297886a9471541e16050965d438331d539e3b8d6b42490e0d668df9eaa22fa1d,edbbd3fee436612fbcab80d64f4359d8-af9331ff81d8,c1-b1-a1,2858,1962,2178,2955,2705,1279,548,32,103,1058,2084,1568,1686,31,0,0,0,0,250,257
mt5,hkcancor_p,legal,297886a9471541e16050965d438331d539e3b8d6b42490e0d668df9eaa22fa1d,edbbd3fee436612fbcab80d64f4359d8-af9331ff81d8,c1-b1-a1,2858,2601,2178,2955,2705,1875,573,46,107,1600,2705,2178,1686,42,0,0,0,0,250,257
mt5,hkcancor_p,raw,297886a9471541e16050965d438331d539e3b8d6b42490e0d668df9eaa22fa1d,edbbd3fee436612fbcab80d64f4359d8-af9331ff81d8,c1-b1-a1,2858,2601,2178,2955,2705,1875,573,46,107,1600,2705,2178,1686,42,0,0,0,0,250,257
mt5,hkcancor_s,core,297886a9471541e16050965d438331d539e3b8d6b42490e0d668df9eaa22fa1d,b8ddbfc684e40364d686881c7f75b390-af9331ff81d8,c1-b1-a1,2858,1962,2178,2955,2705,1279,548,32,103,1058,2084,1568,1686,31,0,0,0,0,250,257
mt5,hkcancor_s,legal,297886a9471541e16050965d438331d539e3b8d6b42490e0d668df9eaa22fa1d,b8ddbfc684e40364d686881c7f75b390-af9331ff81d8,c1-b1-a1,2858,2601,2178,2955,2705,1875,573,46,107,1600,2705,2178,1686,42,0,0,0,0,250,257
mt5,hkcancor_s,raw,297886a9471541e16050965d438331d539e3b8d6b42490e0d668df9eaa22fa1d,b8ddbfc684e40364d686881c7f75b390-af9331ff81d8,c1-b1-a1,2858,2601,2178,2955,2705,1875,573,46,107,1600,2705,2178,1686,42,0,0,0,0,250,257
mt5,khpos,core,297886a9471541e16050965d438331d539e3b8d6b42490e0d668df9eaa22fa1d,db07f6e38fbdec98e108f08272cddb44-af9331ff81d8,c1-b1-a1,50072,24146,10778,16065,15841,8724,3499,459,11464,7057,13223,10183,7572,446,0,1932,0,0,224,1000
mt5,khpos,legal,297886a9471541e16050965d438331d539e3b8d6b42490e0d668df9eaa22fa1d,db07f6e38fbdec98e108f08272cddb44-af9331ff81d8,c1-b1-a1,50072,24906,10778,16065,15841,9248,3661,529,11468,7487,13909,10777,7572,510,0,1932,0,0,224,1000
mt5,khpos,raw,297886a9471541e16050965d438331d539e3b8d6b42490e0d668df9eaa22fa1d,db07f6e38fbdec98e108f08272cddb44-af9331ff81d8,c1-b1-a1,50072,49072,10778,16065,15841,9248,5593,530,33701,6699,15841,10778,7572,511,0,1932,0,0,224,1000
mt5,osf_cwsa_zh,core,297886a9471541e16050965d438331d539e3b8d6b42490e0d668df9eaa22fa1d,40a6e2b75aed4185096260b399664383-af9331ff81d8,c1-b1-a1,10310,9313,5425,8607,8118,4215,2906,213,1979,2328,7621,4928,3143,213,0,0,0,0,489,500
mt5,osf_cwsa_zh,legal,297886a9471541e16050965d438331d539e3b8d6b42490e0d668df9eaa22fa1d,40a6e2b75aed4185096260b399664383-af9331ff81d8,c1-b1-a1,10310,9810,5425,8607,8118,4712,2906,213,1979,2825,8118,5425,3143,213,0,0,0,0,489,500
mt5,osf_cwsa_zh,raw,297886a9471541e16050965d438331d539e3b8d6b42490e0d668df9eaa22fa1d,40a6e2b75aed4185096260b399664383-af9331ff81d8,c1-b1-a1,10310,9810,5425,8607,8118,4712,2906,213,1979,2825,8118,5425,3143,213,0,0,0,0,489,500
mt5,sighan_as,core,297886a9471541e16050965d438331d539e3b8d6b42490e0d668df9eaa22fa1d,2be63cd08c949b44cd6e9a69edbec5fc-af9331ff81d8,c1-b1-a1,68582,54820,42425,60571,55802,27100,15245,1989,10486,18359,47345,34089,29590,1962,53,0,0,0,4716,5000
mt5,sighan_as,legal,297886a9471541e16050965d438331d539e3b8d6b42490e0d668df9eaa22fa1d,2be63cd08c949b44cd6e9a69edbec5fc-af9331ff81d8,c1-b1-a1,68582,63582,42425,60571,55802,35268,15534,2157,10623,25782,55802,42425,29590,2083,53,0,0,0,4716,5000
mt5,sighan_as,raw,297886a9471541e16050965d438331d539e3b8d6b42490e0d668df9eaa22fa1d,2be63cd08c949b44cd6e9a69edbec5fc-af9331ff81d8,c1-b1-a1,68582,63582,42425,60571,55802,35268,15534,2157,10623,25782,55802,42425,29590,2083,53,0,0,0,4716,5000
mt5,sighan_cityu,core,297886a9471541e16050965d438331d539e3b8d6b42490e0d668df9eaa22fa1d,58581cf718d59e4d15084352ad65b879-af9331ff81d8,c1-b1-a1,67689,53468,40936,57149,55812,25587,16439,1569,9873,13815,43518,28648,27321,1541,8,0,0,0,1329,1492
mt5,sighan_cityu,legal,297886a9471541e16050965d438331d539e3b8d6b42490e0d668df9eaa22fa1d,58581cf718d59e4d15084352ad65b879-af9331ff81d8,c1-b1-a1,67689,66197,40936,57149,55812,37585,16735,1859,10018,24022,55812,40936,27321,1822,8,0,0,0,1329,1492
mt5,sighan_cityu,raw,297886a9471541e16050965d438331d539e3b8d6b42490e0d668df9eaa22fa1d,58581cf718d59e4d15084352ad65b879-af9331ff81d8,c1-b1-a1,67689,66197,40936,57149,55812,37585,16735,1859,10018,24022,55812,40936,27321,1822,8,0,0,0,1329,1492
mt5,sighan_msr,core,297886a9471541e16050965d438331d539e3b8d6b42490e0d668df9eaa22fa1d,0560e07eb0101afa53c16a255caaa319-af9331ff81d8,c1-b1-a1,184355,146372,106873,128440,124922,65440,22689,6229,52014,48797,92114,75654,88467,6107,0,0,0,0,3518,3985
mt5,sighan_msr,legal,297886a9471541e16050965d438331d539e3b8d6b42490e0d668df9eaa22fa1d,0560e07eb0101afa53c16a255caaa319-af9331ff81d8,c1-b1-a1,184355,180370,106873,128440,124922,95886,25051,7002,52431,75792,124922,106873,88467,6757,0,0,0,0,3518,3985
mt5,sighan_msr,raw,297886a9471541e16050965d438331d539e3b8d6b42490e0d668df9eaa22fa1d,0560e07eb0101afa53c16a255caaa319-af9331ff81d8,c1-b1-a1,184355,180370,106873,128440,124922,95886,25051,7002,52431,75792,124922,106873,88467,6757,0,0,0,0,3518,3985
mt5,sighan_pku,core,297886a9471541e16050965d438331d539e3b8d6b42490e0d668df9eaa22fa1d,b2a4d594aa65a829a81df1b6afce55ee-af9331ff81d8,c1-b1-a1,172733,135942,104372,121424,119718,63111,21341,6686,44804,43716,86396,71741,85189,6523,226,0,0,0,1480,1944
mt5,sighan_pku,legal,297886a9471541e16050965d438331d539e3b8d6b42490e0d668df9eaa22fa1d,b2a4d594aa65a829a81df1b6afce55ee-af9331ff81d8,c1-b1-a1,172733,170789,104372,121424,119718,94743,23031,7685,45330,71432,119718,104372,85189,7466,226,0,0,0,1480,1944
mt5,sighan_pku,raw,297886a9471541e16050965d438331d539e3b8d6b42490e0d668df9eaa22fa1d,b2a4d594aa65a829a81df1b6afce55ee-af9331ff81d8,c1-b1-a1,172733,170789,104372,121424,119718,94743,23031,7685,45330,71432,119718,104372,85189,7466,226,0,0,0,1480,1944
mt5,ud_th_pud,core,297886a9471541e16050965d438331d539e3b8d6b42490e0d668df9eaa22fa1d,4b0e1b9bb0262e2aedf915e4322e9c30-af9331ff81d8,c1-b1-a1,98318,50336,22330,27375,26794,15384,5696,3497,25759,10511,22080,19881,18679,3272,0,1357,0,0,581,1000
mt5,ud_th_pud,legal,297886a9471541e16050965d438331d539e3b8d6b42490e0d668df9eaa22fa1d,4b0e1b9bb0262e2aedf915e4322e9c30-af9331ff81d8,c1-b1-a1,98318,55046,22330,27375,26794,18710,5727,4776,25833,12330,25437,24486,18679,4496,0,1357,0,0,581,1000
mt5,ud_th_pud,raw,297886a9471541e16050965d438331d539e3b8d6b42490e0d668df9eaa22fa1d,4b0e1b9bb0262e2aedf915e4322e9c30-af9331ff81d8,c1-b1-a1,98318,97318,22330,27375,26794,18710,7084,4776,66748,12063,26794,24486,18679,4496,0,1357,0,0,581,1000
mt5,ud_yue_hk,core,297886a9471541e16050965d438331d539e3b8d6b42490e0d668df9eaa22fa1d,c57eef85e9d45467b37b16a74061fa07-af9331ff81d8,c1-b1-a1,18633,12998,13918,17338,16352,8143,2680,296,1879,6629,11827,9443,11502,294,0,0,0,0,986,1004
mt5,ud_yue_hk,legal,297886a9471541e16050965d438331d539e3b8d6b42490e0d668df9eaa22fa1d,c57eef85e9d45467b37b16a74061fa07-af9331ff81d8,c1-b1-a1,18633,17629,13918,17338,16352,12587,2761,328,1953,10876,16352,13919,11502,326,0,0,0,0,986,1004
mt5,ud_yue_hk,raw,297886a9471541e16050965d438331d539e3b8d6b42490e0d668df9eaa22fa1d,c57eef85e9d45467b37b16a74061fa07-af9331ff81d8,c1-b1-a1,18633,17629,13918,17338,16352,12587,2761,328,1953,10876,16352,13919,11502,326,0,0,0,0,986,1004
mt5,ud_zh_gsd,core,297886a9471541e16050965d438331d539e3b8d6b42490e0d668df9eaa22fa1d,8cac770ebc7b997f152fcbf748555fd2-af9331ff81d8,c1-b1-a1,19235,15035,12010,15741,15310,7395,3872,544,3224,4396,11767,8439,8630,541,0,0,0,0,431,500
mt5,ud_zh_gsd,legal,297886a9471541e16050965d438331d539e3b8d6b42490e0d668df9eaa22fa1d,8cac770ebc7b997f152fcbf748555fd2-af9331ff81d8,c1-b1-a1,19235,18735,12010,15741,15310,10895,3915,644,3281,7488,15310,12039,8630,639,0,0,0,0,431,500
mt5,ud_zh_gsd,raw,297886a9471541e16050965d438331d539e3b8d6b42490e0d668df9eaa22fa1d,8cac770ebc7b997f152fcbf748555fd2-af9331ff81d8,c1-b1-a1,19235,18735,12010,15741,15310,10895,3915,644,3281,7488,15310,12039,8630,639,0,0,0,0,431,500
mt5,ud_zh_gsdsimp,core,297886a9471541e16050965d438331d539e3b8d6b42490e0d668df9eaa22fa1d,6f25aa75467198a1068703ba7201892f-af9331ff81d8,c1-b1-a1,19235,15035,12010,14376,13949,7086,2829,853,4267,4740,10415,8439,9627,820,0,0,0,0,427,500
mt5,ud_zh_gsdsimp,legal,297886a9471541e16050965d438331d539e3b8d6b42490e0d668df9eaa22fa1d,6f25aa75467198a1068703ba7201892f-af9331ff81d8,c1-b1-a1,19235,18735,12010,14376,13949,10577,2872,962,4324,7885,13949,12039,9627,926,0,0,0,0,427,500
mt5,ud_zh_gsdsimp,raw,297886a9471541e16050965d438331d539e3b8d6b42490e0d668df9eaa22fa1d,6f25aa75467198a1068703ba7201892f-af9331ff81d8,c1-b1-a1,19235,18735,12010,14376,13949,10577,2872,962,4324,7885,13949,12039,9627,926,0,0,0,0,427,500
mt5,ud_zh_hk,core,297886a9471541e16050965d438331d539e3b8d6b42490e0d668df9eaa22fa1d,3b03a30f7f07a74d502e63ab7b2158b1-af9331ff81d8,c1-b1-a1,14063,10547,9874,12156,11159,5773,1966,680,2128,4575,8743,7457,8161,667,0,0,0,0,997,1004
mt5,ud_zh_hk,legal,297886a9471541e16050965d438331d539e3b8d6b42490e0d668df9eaa22fa1d,3b03a30f7f07a74d502e63ab7b2158b1-af9331ff81d8,c1-b1-a1,14063,13059,9874,12156,11159,8153,2002,717,2187,6808,11159,9874,8161,704,0,0,0,0,997,1004
mt5,ud_zh_hk,raw,297886a9471541e16050965d438331d539e3b8d6b42490e0d668df9eaa22fa1d,3b03a30f7f07a74d502e63ab7b2158b1-af9331ff81d8,c1-b1-a1,14063,13059,9874,12156,11159,8153,2002,717,2187,6808,11159,9874,8161,704,0,0,0,0,997,1004
mt5,vistec_th,core,297886a9471541e16050965d438331d539e3b8d6b42490e0d668df9eaa22fa1d,bed5ca30c44920d580dad8f82cb8699a-af9331ff81d8,c1-b1-a1,1392530,681825,337977,442853,440514,218993,77392,36834,348606,153989,301385,260827,277817,35649,0,19640,0,0,2339,5000
mt5,vistec_th,legal,297886a9471541e16050965d438331d539e3b8d6b42490e0d668df9eaa22fa1d,bed5ca30c44920d580dad8f82cb8699a-af9331ff81d8,c1-b1-a1,1392530,842412,337977,442853,440514,320639,95235,75351,351187,215602,420874,400990,277817,72261,0,19640,0,0,2339,5000
mt5,vistec_th,raw,297886a9471541e16050965d438331d539e3b8d6b42490e0d668df9eaa22fa1d,bed5ca30c44920d580dad8f82cb8699a-af9331ff81d8,c1-b1-a1,1392530,1387530,337977,442853,440514,320717,114797,75385,876631,208882,440514,401102,277817,72288,0,19640,0,0,2339,5000
mt5,wisesight1000,core,297886a9471541e16050965d438331d539e3b8d6b42490e0d668df9eaa22fa1d,db4e643f660267c46562963d21e2ca5d-af9331ff81d8,c1-b1-a1,75135,35989,18790,24955,24361,10879,3664,1841,19605,8331,15536,13713,15577,1755,0,1268,0,19,594,993
mt5,wisesight1000,legal,297886a9471541e16050965d438331d539e3b8d6b42490e0d668df9eaa22fa1d,db4e643f660267c46562963d21e2ca5d-af9331ff81d8,c1-b1-a1,75135,46265,18790,24955,24361,17643,4457,4079,20086,12594,23093,22715,15577,3891,0,1268,0,19,594,993
mt5,wisesight1000,raw,297886a9471541e16050965d438331d539e3b8d6b42490e0d668df9eaa22fa1d,db4e643f660267c46562963d21e2ca5d-af9331ff81d8,c1-b1-a1,75135,74142,18790,24955,24361,17655,5713,4082,46692,12102,24361,22730,15577,3894,0,1268,0,19,594,993
nllb,alt_km,core,fba105c043767c2a13238444672be0f049e6ef2aad7642cc63954bcbd02ee972,57adf94bc86a52a59e4151d41cf87c72-af9331ff81d8,c1-b1-a1,699986,349503,177585,264393,264374,135384,42176,18758,153185,96184,182560,159142,120617,18602,0,63880,0,0,19,5000
nllb,alt_km,legal,fba105c043767c2a13238444672be0f049e6ef2aad7642cc63954bcbd02ee972,57adf94bc86a52a59e4151d41cf87c72-af9331ff81d8,c1-b1-a1,699986,369883,177585,264393,264374,152711,42783,20553,153836,110453,200494,178264,120617,20312,0,63880,0,0,19,5000
nllb,alt_km,raw,fba105c043767c2a13238444672be0f049e6ef2aad7642cc63954bcbd02ee972,57adf94bc86a52a59e4151d41cf87c72-af9331ff81d8,c1-b1-a1,699986,694986,177585,264393,264374,152711,106663,20554,415058,91366,264374,178265,120617,20313,0,63880,0,0,19,5000
nllb,hkcancor_d,core,fba105c043767c2a13238444672be0f049e6ef2aad7642cc63954bcbd02ee972,f318a47addd2c515077cf9aec2e1f445-af9331ff81d8,c1-b1-a1,2858,1962,2445,2716,2594,1472,247,82,161,1446,1976,1811,2221,82,0,0,0,0,122,257
nllb,hkcancor_d,legal,fba105c043767c2a13238444672be0f049e6ef2aad7642cc63954bcbd02ee972,f318a47addd2c515077cf9aec2e1f445-af9331ff81d8,c1-b1-a1,2858,2601,2445,2716,2594,2085,252,103,161,2028,2594,2445,2221,103,0,0,0,0,122,257
nllb,hkcancor_d,raw,fba105c043767c2a13238444672be0f049e6ef2aad7642cc63954bcbd02ee972,f318a47addd2c515077cf9aec2e1f445-af9331ff81d8,c1-b1-a1,2858,2601,2445,2716,2594,2085,252,103,161,2028,2594,2445,2221,103,0,0,0,0,122,257
nllb,hkcancor_p,core,fba105c043767c2a13238444672be0f049e6ef2aad7642cc63954bcbd02ee972,edbbd3fee436612fbcab80d64f4359d8-af9331ff81d8,c1-b1-a1,2858,1962,2178,2716,2594,1261,458,50,193,1096,1976,1568,1779,50,0,0,0,0,122,257
nllb,hkcancor_p,legal,fba105c043767c2a13238444672be0f049e6ef2aad7642cc63954bcbd02ee972,edbbd3fee436612fbcab80d64f4359d8-af9331ff81d8,c1-b1-a1,2858,2601,2178,2716,2594,1868,469,53,211,1679,2594,2178,1779,53,0,0,0,0,122,257
nllb,hkcancor_p,raw,fba105c043767c2a13238444672be0f049e6ef2aad7642cc63954bcbd02ee972,edbbd3fee436612fbcab80d64f4359d8-af9331ff81d8,c1-b1-a1,2858,2601,2178,2716,2594,1868,469,53,211,1679,2594,2178,1779,53,0,0,0,0,122,257
nllb,hkcancor_s,core,fba105c043767c2a13238444672be0f049e6ef2aad7642cc63954bcbd02ee972,b8ddbfc684e40364d686881c7f75b390-af9331ff81d8,c1-b1-a1,2858,1962,2178,2716,2594,1261,458,50,193,1096,1976,1568,1779,50,0,0,0,0,122,257
nllb,hkcancor_s,legal,fba105c043767c2a13238444672be0f049e6ef2aad7642cc63954bcbd02ee972,b8ddbfc684e40364d686881c7f75b390-af9331ff81d8,c1-b1-a1,2858,2601,2178,2716,2594,1868,469,53,211,1679,2594,2178,1779,53,0,0,0,0,122,257
nllb,hkcancor_s,raw,fba105c043767c2a13238444672be0f049e6ef2aad7642cc63954bcbd02ee972,b8ddbfc684e40364d686881c7f75b390-af9331ff81d8,c1-b1-a1,2858,2601,2178,2716,2594,1868,469,53,211,1679,2594,2178,1779,53,0,0,0,0,122,257
nllb,khpos,core,fba105c043767c2a13238444672be0f049e6ef2aad7642cc63954bcbd02ee972,db07f6e38fbdec98e108f08272cddb44-af9331ff81d8,c1-b1-a1,50072,24146,10778,20073,20070,8609,4840,574,10123,6074,14449,10183,5567,574,0,4932,0,0,3,1000
nllb,khpos,legal,fba105c043767c2a13238444672be0f049e6ef2aad7642cc63954bcbd02ee972,db07f6e38fbdec98e108f08272cddb44-af9331ff81d8,c1-b1-a1,50072,24906,10778,20073,20070,9136,5002,641,10127,6503,15138,10777,5567,641,0,4932,0,0,3,1000
nllb,khpos,raw,fba105c043767c2a13238444672be0f049e6ef2aad7642cc63954bcbd02ee972,db07f6e38fbdec98e108f08272cddb44-af9331ff81d8,c1-b1-a1,50072,49072,10778,20073,20070,9136,9934,642,29360,5050,20070,10778,5567,642,0,4932,0,0,3,1000
nllb,osf_cwsa_zh,core,fba105c043767c2a13238444672be0f049e6ef2aad7642cc63954bcbd02ee972,40a6e2b75aed4185096260b399664383-af9331ff81d8,c1-b1-a1,10310,9313,5425,8680,8473,4275,3201,153,1684,2225,7976,4928,2925,153,0,0,0,0,207,500
nllb,osf_cwsa_zh,legal,fba105c043767c2a13238444672be0f049e6ef2aad7642cc63954bcbd02ee972,40a6e2b75aed4185096260b399664383-af9331ff81d8,c1-b1-a1,10310,9810,5425,8680,8473,4772,3201,153,1684,2722,8473,5425,2925,153,0,0,0,0,207,500
nllb,osf_cwsa_zh,raw,fba105c043767c2a13238444672be0f049e6ef2aad7642cc63954bcbd02ee972,40a6e2b75aed4185096260b399664383-af9331ff81d8,c1-b1-a1,10310,9810,5425,8680,8473,4772,3201,153,1684,2722,8473,5425,2925,153,0,0,0,0,207,500
nllb,sighan_as,core,fba105c043767c2a13238444672be0f049e6ef2aad7642cc63954bcbd02ee972,2be63cd08c949b44cd6e9a69edbec5fc-af9331ff81d8,c1-b1-a1,68582,54820,42425,60112,58211,27704,16968,1385,8763,18300,49672,34089,28239,1377,0,0,0,0,1901,5000
nllb,sighan_as,legal,fba105c043767c2a13238444672be0f049e6ef2aad7642cc63954bcbd02ee972,2be63cd08c949b44cd6e9a69edbec5fc-af9331ff81d8,c1-b1-a1,68582,63582,42425,60112,58211,35919,17292,1506,8865,25753,58211,42425,28239,1472,0,0,0,0,1901,5000
nllb,sighan_as,raw,fba105c043767c2a13238444672be0f049e6ef2aad7642cc63954bcbd02ee972,2be63cd08c949b44cd6e9a69edbec5fc-af9331ff81d8,c1-b1-a1,68582,63582,42425,60112,58211,35919,17292,1506,8865,25753,58211,42425,28239,1472,0,0,0,0,1901,5000
nllb,sighan_cityu,core,fba105c043767c2a13238444672be0f049e6ef2aad7642cc63954bcbd02ee972,58581cf718d59e4d15084352ad65b879-af9331ff81d8,c1-b1-a1,67689,53468,40936,58877,58188,26125,18052,1031,8260,13666,45669,28648,25948,1024,1,0,0,0,688,1492
nllb,sighan_cityu,legal,fba105c043767c2a13238444672be0f049e6ef2aad7642cc63954bcbd02ee972,58581cf718d59e4d15084352ad65b879-af9331ff81d8,c1-b1-a1,67689,66197,40936,58877,58188,38310,18386,1134,8367,24119,58188,40936,25948,1124,1,0,0,0,688,1492
nllb,sighan_cityu,raw,fba105c043767c2a13238444672be0f049e6ef2aad7642cc63954bcbd02ee972,58581cf718d59e4d15084352ad65b879-af9331ff81d8,c1-b1-a1,67689,66197,40936,58877,58188,38310,18386,1134,8367,24119,58188,40936,25948,1124,1,0,0,0,688,1492
nllb,sighan_msr,core,fba105c043767c2a13238444672be0f049e6ef2aad7642cc63954bcbd02ee972,0560e07eb0101afa53c16a255caaa319-af9331ff81d8,c1-b1-a1,184355,146372,106873,151524,150085,68800,43988,2869,30715,39946,116773,75654,71321,2858,0,0,0,0,1439,3985
nllb,sighan_msr,legal,fba105c043767c2a13238444672be0f049e6ef2aad7642cc63954bcbd02ee972,0560e07eb0101afa53c16a255caaa319-af9331ff81d8,c1-b1-a1,184355,180370,106873,151524,150085,99623,46477,3265,31005,66228,150085,106873,71321,3186,0,0,0,0,1439,3985
nllb,sighan_msr,raw,fba105c043767c2a13238444672be0f049e6ef2aad7642cc63954bcbd02ee972,0560e07eb0101afa53c16a255caaa319-af9331ff81d8,c1-b1-a1,184355,180370,106873,151524,150085,99623,46477,3265,31005,66228,150085,106873,71321,3186,0,0,0,0,1439,3985
nllb,sighan_pku,core,fba105c043767c2a13238444672be0f049e6ef2aad7642cc63954bcbd02ee972,b2a4d594aa65a829a81df1b6afce55ee-af9331ff81d8,c1-b1-a1,172733,135942,104372,142440,141347,66648,38657,3149,27488,37157,107249,71741,70220,3122,227,0,0,1,866,1944
nllb,sighan_pku,legal,fba105c043767c2a13238444672be0f049e6ef2aad7642cc63954bcbd02ee972,b2a4d594aa65a829a81df1b6afce55ee-af9331ff81d8,c1-b1-a1,172733,170789,104372,142440,141347,99006,40397,3422,27964,64666,141347,104372,70220,3391,227,0,0,1,866,1944
nllb,sighan_pku,raw,fba105c043767c2a13238444672be0f049e6ef2aad7642cc63954bcbd02ee972,b2a4d594aa65a829a81df1b6afce55ee-af9331ff81d8,c1-b1-a1,172733,170789,104372,142440,141347,99006,40397,3422,27964,64666,141347,104372,70220,3391,227,0,0,1,866,1944
nllb,ud_th_pud,core,fba105c043767c2a13238444672be0f049e6ef2aad7642cc63954bcbd02ee972,4b0e1b9bb0262e2aedf915e4322e9c30-af9331ff81d8,c1-b1-a1,98318,50336,22330,37496,37434,17092,10437,1789,21018,10940,28529,19881,14411,1769,0,6345,0,0,62,1000
nllb,ud_th_pud,legal,fba105c043767c2a13238444672be0f049e6ef2aad7642cc63954bcbd02ee972,4b0e1b9bb0262e2aedf915e4322e9c30-af9331ff81d8,c1-b1-a1,98318,55046,22330,37496,37434,19615,10474,3871,21086,11594,31089,24486,14411,3784,0,6345,0,0,62,1000
nllb,ud_th_pud,raw,fba105c043767c2a13238444672be0f049e6ef2aad7642cc63954bcbd02ee972,4b0e1b9bb0262e2aedf915e4322e9c30-af9331ff81d8,c1-b1-a1,98318,97318,22330,37496,37434,19615,16819,3871,57013,10518,37434,24486,14411,3784,0,6345,0,0,62,1000
nllb,ud_yue_hk,core,fba105c043767c2a13238444672be0f049e6ef2aad7642cc63954bcbd02ee972,c57eef85e9d45467b37b16a74061fa07-af9331ff81d8,c1-b1-a1,18633,12998,13918,16099,15700,7835,2323,604,2236,6388,11162,9443,11868,592,0,0,0,0,399,1004
nllb,ud_yue_hk,legal,fba105c043767c2a13238444672be0f049e6ef2aad7642cc63954bcbd02ee972,c57eef85e9d45467b37b16a74061fa07-af9331ff81d8,c1-b1-a1,18633,17629,13918,16099,15700,12303,2393,612,2321,10707,15700,13919,11868,600,0,0,0,0,399,1004
nllb,ud_yue_hk,raw,fba105c043767c2a13238444672be0f049e6ef2aad7642cc63954bcbd02ee972,c57eef85e9d45467b37b16a74061fa07-af9331ff81d8,c1-b1-a1,18633,17629,13918,16099,15700,12303,2393,612,2321,10707,15700,13919,11868,600,0,0,0,0,399,1004
nllb,ud_zh_gsd,core,fba105c043767c2a13238444672be0f049e6ef2aad7642cc63954bcbd02ee972,8cac770ebc7b997f152fcbf748555fd2-af9331ff81d8,c1-b1-a1,19235,15035,12010,16107,15917,7546,4292,393,2804,4400,12338,8439,8247,389,0,0,0,0,190,500
nllb,ud_zh_gsd,legal,fba105c043767c2a13238444672be0f049e6ef2aad7642cc63954bcbd02ee972,8cac770ebc7b997f152fcbf748555fd2-af9331ff81d8,c1-b1-a1,19235,18735,12010,16107,15917,11070,4347,469,2849,7482,15917,12039,8247,464,0,0,0,0,190,500
nllb,ud_zh_gsd,raw,fba105c043767c2a13238444672be0f049e6ef2aad7642cc63954bcbd02ee972,8cac770ebc7b997f152fcbf748555fd2-af9331ff81d8,c1-b1-a1,19235,18735,12010,16107,15917,11070,4347,469,2849,7482,15917,12039,8247,464,0,0,0,0,190,500
nllb,ud_zh_gsdsimp,core,fba105c043767c2a13238444672be0f049e6ef2aad7642cc63954bcbd02ee972,6f25aa75467198a1068703ba7201892f-af9331ff81d8,c1-b1-a1,19235,15035,12010,15873,15674,7462,4135,477,2961,4394,12097,8439,8391,453,0,0,0,0,199,500
nllb,ud_zh_gsdsimp,legal,fba105c043767c2a13238444672be0f049e6ef2aad7642cc63954bcbd02ee972,6f25aa75467198a1068703ba7201892f-af9331ff81d8,c1-b1-a1,19235,18735,12010,15873,15674,10984,4190,555,3006,7479,15674,12039,8391,530,0,0,0,0,199,500
nllb,ud_zh_gsdsimp,raw,fba105c043767c2a13238444672be0f049e6ef2aad7642cc63954bcbd02ee972,6f25aa75467198a1068703ba7201892f-af9331ff81d8,c1-b1-a1,19235,18735,12010,15873,15674,10984,4190,555,3006,7479,15674,12039,8391,530,0,0,0,0,199,500
nllb,ud_zh_hk,core,fba105c043767c2a13238444672be0f049e6ef2aad7642cc63954bcbd02ee972,3b03a30f7f07a74d502e63ab7b2158b1-af9331ff81d8,c1-b1-a1,14063,10547,9874,11873,11584,5991,2146,462,1948,4859,9141,7457,8029,460,0,0,0,0,289,1004
nllb,ud_zh_hk,legal,fba105c043767c2a13238444672be0f049e6ef2aad7642cc63954bcbd02ee972,3b03a30f7f07a74d502e63ab7b2158b1-af9331ff81d8,c1-b1-a1,14063,13059,9874,11873,11584,8403,2177,467,2012,7163,11584,9874,8029,465,0,0,0,0,289,1004
nllb,ud_zh_hk,raw,fba105c043767c2a13238444672be0f049e6ef2aad7642cc63954bcbd02ee972,3b03a30f7f07a74d502e63ab7b2158b1-af9331ff81d8,c1-b1-a1,14063,13059,9874,11873,11584,8403,2177,467,2012,7163,11584,9874,8029,465,0,0,0,0,289,1004
nllb,vistec_th,core,fba105c043767c2a13238444672be0f049e6ef2aad7642cc63954bcbd02ee972,bed5ca30c44920d580dad8f82cb8699a-af9331ff81d8,c1-b1-a1,1392530,681825,337977,534551,534321,232311,126376,23516,299622,157132,363687,260827,227028,23485,0,75511,0,0,230,5000
nllb,vistec_th,legal,fba105c043767c2a13238444672be0f049e6ef2aad7642cc63954bcbd02ee972,bed5ca30c44920d580dad8f82cb8699a-af9331ff81d8,c1-b1-a1,1392530,842412,337977,534551,534321,310179,143631,85811,302791,179885,458810,400990,227028,83899,0,75511,0,0,230,5000
nllb,vistec_th,raw,fba105c043767c2a13238444672be0f049e6ef2aad7642cc63954bcbd02ee972,bed5ca30c44920d580dad8f82cb8699a-af9331ff81d8,c1-b1-a1,1392530,1387530,337977,534551,534321,310258,219063,85844,772365,161555,534321,401102,227028,83929,0,75511,0,0,230,5000
nllb,wisesight1000,core,fba105c043767c2a13238444672be0f049e6ef2aad7642cc63954bcbd02ee972,db4e643f660267c46562963d21e2ca5d-af9331ff81d8,c1-b1-a1,75135,35989,18790,30893,30842,11831,6689,889,16580,8659,19513,13713,12017,888,0,5373,0,19,51,993
nllb,wisesight1000,legal,fba105c043767c2a13238444672be0f049e6ef2aad7642cc63954bcbd02ee972,db4e643f660267c46562963d21e2ca5d-af9331ff81d8,c1-b1-a1,75135,46265,18790,30893,30842,17024,7452,4698,17091,10334,25469,22715,12017,4598,0,5373,0,19,51,993
nllb,wisesight1000,raw,fba105c043767c2a13238444672be0f049e6ef2aad7642cc63954bcbd02ee972,db4e643f660267c46562963d21e2ca5d-af9331ff81d8,c1-b1-a1,75135,74142,18790,30893,30842,17035,12814,4702,39591,8868,30842,22730,12017,4602,0,5373,0,19,51,993
o200k_base,alt_km,core,05b3eebedeb9779bfc6567860bbcfd51a80a512040acd46291a6e2da228ca484,57adf94bc86a52a59e4151d41cf87c72-af9331ff81d8,c1-b1-a1,699986,349503,177585,430550,395068,132918,67425,21224,127936,82334,205343,159142,50209,21224,35482,170399,0,0,0,5000
o200k_base,alt_km,legal,05b3eebedeb9779bfc6567860bbcfd51a80a512040acd46291a6e2da228ca484,57adf94bc86a52a59e4151d41cf87c72-af9331ff81d8,c1-b1-a1,699986,369883,177585,430550,395068,151143,68526,22121,128093,97999,224669,178264,50209,22117,35482,170399,0,0,0,5000
o200k_base,alt_km,raw,05b3eebedeb9779bfc6567860bbcfd51a80a512040acd46291a6e2da228ca484,57adf94bc86a52a59e4151d41cf87c72-af9331ff81d8,c1-b1-a1,699986,694986,177585,430550,395068,151144,238924,22121,282797,44065,395068,178265,50209,22117,35482,170399,0,0,0,5000
o200k_base,hkcancor_d,core,05b3eebedeb9779bfc6567860bbcfd51a80a512040acd46291a6e2da228ca484,f318a47addd2c515077cf9aec2e1f445-af9331ff81d8,c1-b1-a1,2858,1962,2445,3810,2792,1542,358,12,50,1469,2157,1811,2108,12,1018,0,0,0,0,257
o200k_base,hkcancor_d,legal,05b3eebedeb9779bfc6567860bbcfd51a80a512040acd46291a6e2da228ca484,f318a47addd2c515077cf9aec2e1f445-af9331ff81d8,c1-b1-a1,2858,2601,2445,3810,2792,2172,363,16,50,2079,2792,2445,2108,16,1018,0,0,0,0,257
o200k_base,hkcancor_d,raw,05b3eebedeb9779bfc6567860bbcfd51a80a512040acd46291a6e2da228ca484,f318a47addd2c515077cf9aec2e1f445-af9331ff81d8,c1-b1-a1,2858,2601,2445,3810,2792,2172,363,16,50,2079,2792,2445,2108,16,1018,0,0,0,0,257
o200k_base,hkcancor_p,core,05b3eebedeb9779bfc6567860bbcfd51a80a512040acd46291a6e2da228ca484,edbbd3fee436612fbcab80d64f4359d8-af9331ff81d8,c1-b1-a1,2858,1962,2178,3810,2792,1305,595,6,56,1062,2157,1568,1638,6,1018,0,0,0,0,257
o200k_base,hkcancor_p,legal,05b3eebedeb9779bfc6567860bbcfd51a80a512040acd46291a6e2da228ca484,edbbd3fee436612fbcab80d64f4359d8-af9331ff81d8,c1-b1-a1,2858,2601,2178,3810,2792,1911,624,10,56,1622,2792,2178,1638,10,1018,0,0,0,0,257
o200k_base,hkcancor_p,raw,05b3eebedeb9779bfc6567860bbcfd51a80a512040acd46291a6e2da228ca484,edbbd3fee436612fbcab80d64f4359d8-af9331ff81d8,c1-b1-a1,2858,2601,2178,3810,2792,1911,624,10,56,1622,2792,2178,1638,10,1018,0,0,0,0,257
o200k_base,hkcancor_s,core,05b3eebedeb9779bfc6567860bbcfd51a80a512040acd46291a6e2da228ca484,b8ddbfc684e40364d686881c7f75b390-af9331ff81d8,c1-b1-a1,2858,1962,2178,3810,2792,1305,595,6,56,1062,2157,1568,1638,6,1018,0,0,0,0,257
o200k_base,hkcancor_s,legal,05b3eebedeb9779bfc6567860bbcfd51a80a512040acd46291a6e2da228ca484,b8ddbfc684e40364d686881c7f75b390-af9331ff81d8,c1-b1-a1,2858,2601,2178,3810,2792,1911,624,10,56,1622,2792,2178,1638,10,1018,0,0,0,0,257
o200k_base,hkcancor_s,raw,05b3eebedeb9779bfc6567860bbcfd51a80a512040acd46291a6e2da228ca484,b8ddbfc684e40364d686881c7f75b390-af9331ff81d8,c1-b1-a1,2858,2601,2178,3810,2792,1911,624,10,56,1622,2792,2178,1638,10,1018,0,0,0,0,257
o200k_base,khpos,core,05b3eebedeb9779bfc6567860bbcfd51a80a512040acd46291a6e2da228ca484,db07f6e38fbdec98e108f08272cddb44-af9331ff81d8,c1-b1-a1,50072,24146,10778,32389,29422,8059,6843,1124,8120,4593,15902,10183,1981,1124,2967,12770,0,0,0,1000
o200k_base,khpos,legal,05b3eebedeb9779bfc6567860bbcfd51a80a512040acd46291a6e2da228ca484,db07f6e38fbdec98e108f08272cddb44-af9331ff81d8,c1-b1-a1,50072,24906,10778,32389,29422,8647,7005,1130,8124,5144,16652,10777,1981,1130,2967,12770,0,0,0,1000
o200k_base,khpos,raw,05b3eebedeb9779bfc6567860bbcfd51a80a512040acd46291a6e2da228ca484,db07f6e38fbdec98e108f08272cddb44-af9331ff81d8,c1-b1-a1,50072,49072,10778,32389,29422,8647,19775,1131,19519,1929,29422,10778,1981,1131,2967,12770,0,0,0,1000
o200k_base,osf_cwsa_zh,core,05b3eebedeb9779bfc6567860bbcfd51a80a512040acd46291a6e2da228ca484,40a6e2b75aed4185096260b399664383-af9331ff81d8,c1-b1-a1,10310,9313,5425,10135,9272,4314,3961,114,924,1710,8775,4928,2342,114,863,0,0,0,0,500
o200k_base,osf_cwsa_zh,legal,05b3eebedeb9779bfc6567860bbcfd51a80a512040acd46291a6e2da228ca484,40a6e2b75aed4185096260b399664383-af9331ff81d8,c1-b1-a1,10310,9810,5425,10135,9272,4811,3961,114,924,2207,9272,5425,2342,114,863,0,0,0,0,500
o200k_base,osf_cwsa_zh,raw,05b3eebedeb9779bfc6567860bbcfd51a80a512040acd46291a6e2da228ca484,40a6e2b75aed4185096260b399664383-af9331ff81d8,c1-b1-a1,10310,9810,5425,10135,9272,4811,3961,114,924,2207,9272,5425,2342,114,863,0,0,0,0,500
o200k_base,sighan_as,core,05b3eebedeb9779bfc6567860bbcfd51a80a512040acd46291a6e2da228ca484,2be63cd08c949b44cd6e9a69edbec5fc-af9331ff81d8,c1-b1-a1,68582,54820,42425,68224,62222,28167,20553,922,5178,16314,53720,34089,25324,915,6002,0,0,0,0,5000
o200k_base,sighan_as,legal,05b3eebedeb9779bfc6567860bbcfd51a80a512040acd46291a6e2da228ca484,2be63cd08c949b44cd6e9a69edbec5fc-af9331ff81d8,c1-b1-a1,68582,63582,42425,68224,62222,36255,20967,1170,5190,23342,62222,42425,25324,1149,6002,0,0,0,0,5000
o200k_base,sighan_as,raw,05b3eebedeb9779bfc6567860bbcfd51a80a512040acd46291a6e2da228ca484,2be63cd08c949b44cd6e9a69edbec5fc-af9331ff81d8,c1-b1-a1,68582,63582,42425,68224,62222,36255,20967,1170,5190,23342,62222,42425,25324,1149,6002,0,0,0,0,5000
o200k_base,sighan_cityu,core,05b3eebedeb9779bfc6567860bbcfd51a80a512040acd46291a6e2da228ca484,58581cf718d59e4d15084352ad65b879-af9331ff81d8,c1-b1-a1,67689,53468,40936,65908,60080,26414,20917,742,5395,11913,48823,28648,23342,735,5828,0,0,0,0,1492
o200k_base,sighan_cityu,legal,05b3eebedeb9779bfc6567860bbcfd51a80a512040acd46291a6e2da228ca484,58581cf718d59e4d15084352ad65b879-af9331ff81d8,c1-b1-a1,67689,66197,40936,65908,60080,37250,21338,2194,5415,19630,60080,40936,23342,2174,5828,0,0,0,0,1492
o200k_base,sighan_cityu,raw,05b3eebedeb9779bfc6567860bbcfd51a80a512040acd46291a6e2da228ca484,58581cf718d59e4d15084352ad65b879-af9331ff81d8,c1-b1-a1,67689,66197,40936,65908,60080,37250,21338,2194,5415,19630,60080,40936,23342,2174,5828,0,0,0,0,1492
o200k_base,sighan_msr,core,05b3eebedeb9779bfc6567860bbcfd51a80a512040acd46291a6e2da228ca484,0560e07eb0101afa53c16a255caaa319-af9331ff81d8,c1-b1-a1,184355,146372,106873,142022,138907,69219,36615,2450,38088,46131,109819,75654,77815,2442,3115,0,0,0,0,3985
o200k_base,sighan_msr,legal,05b3eebedeb9779bfc6567860bbcfd51a80a512040acd46291a6e2da228ca484,0560e07eb0101afa53c16a255caaa319-af9331ff81d8,c1-b1-a1,184355,180370,106873,142022,138907,95529,39393,7359,38089,65443,138907,106873,77815,7222,3115,0,0,0,0,3985
o200k_base,sighan_msr,raw,05b3eebedeb9779bfc6567860bbcfd51a80a512040acd46291a6e2da228ca484,0560e07eb0101afa53c16a255caaa319-af9331ff81d8,c1-b1-a1,184355,180370,106873,142022,138907,95529,39393,7359,38089,65443,138907,106873,77815,7222,3115,0,0,0,0,3985
o200k_base,sighan_pku,core,05b3eebedeb9779bfc6567860bbcfd51a80a512040acd46291a6e2da228ca484,b2a4d594aa65a829a81df1b6afce55ee-af9331ff81d8,c1-b1-a1,172733,135942,104372,134663,131852,66784,33180,3013,32965,41255,101908,71741,74779,2983,2811,0,0,0,0,1944
o200k_base,sighan_pku,legal,05b3eebedeb9779bfc6567860bbcfd51a80a512040acd46291a6e2da228ca484,b2a4d594aa65a829a81df1b6afce55ee-af9331ff81d8,c1-b1-a1,172733,170789,104372,134663,131852,94615,35293,7813,33068,61504,131852,104372,74779,7672,2811,0,0,0,0,1944
o200k_base,sighan_pku,raw,05b3eebedeb9779bfc6567860bbcfd51a80a512040acd46291a6e2da228ca484,b2a4d594aa65a829a81df1b6afce55ee-af9331ff81d8,c1-b1-a1,172733,170789,104372,134663,131852,94615,35293,7813,33068,61504,131852,104372,74779,7672,2811,0,0,0,0,1944
o200k_base,ud_th_pud,core,05b3eebedeb9779bfc6567860bbcfd51a80a512040acd46291a6e2da228ca484,4b0e1b9bb0262e2aedf915e4322e9c30-af9331ff81d8,c1-b1-a1,98318,50336,22330,42389,42186,17272,10431,1609,21024,11417,28703,19881,11720,1586,203,10583,0,0,0,1000
o200k_base,ud_th_pud,legal,05b3eebedeb9779bfc6567860bbcfd51a80a512040acd46291a6e2da228ca484,4b0e1b9bb0262e2aedf915e4322e9c30-af9331ff81d8,c1-b1-a1,98318,55046,22330,42389,42186,20075,10528,3411,21032,12541,31603,24486,11720,3382,203,10583,0,0,0,1000
o200k_base,ud_th_pud,raw,05b3eebedeb9779bfc6567860bbcfd51a80a512040acd46291a6e2da228ca484,4b0e1b9bb0262e2aedf915e4322e9c30-af9331ff81d8,c1-b1-a1,98318,97318,22330,42389,42186,20075,21111,3411,52721,10390,42186,24486,11720,3382,203,10583,0,0,0,1000
o200k_base,ud_yue_hk,core,05b3eebedeb9779bfc6567860bbcfd51a80a512040acd46291a6e2da228ca484,c57eef85e9d45467b37b16a74061fa07-af9331ff81d8,c1-b1-a1,18633,12998,13918,20292,16716,8369,3384,70,1175,6459,12757,9443,10850,70,3576,0,0,0,0,1004
o200k_base,ud_yue_hk,legal,05b3eebedeb9779bfc6567860bbcfd51a80a512040acd46291a6e2da228ca484,c57eef85e9d45467b37b16a74061fa07-af9331ff81d8,c1-b1-a1,18633,17629,13918,20292,16716,12264,3448,651,1266,9706,16716,13919,10850,650,3576,0,0,0,0,1004
o200k_base,ud_yue_hk,raw,05b3eebedeb9779bfc6567860bbcfd51a80a512040acd46291a6e2da228ca484,c57eef85e9d45467b37b16a74061fa07-af9331ff81d8,c1-b1-a1,18633,17629,13918,20292,16716,12264,3448,651,1266,9706,16716,13919,10850,650,3576,0,0,0,0,1004
o200k_base,ud_zh_gsd,core,05b3eebedeb9779bfc6567860bbcfd51a80a512040acd46291a6e2da228ca484,8cac770ebc7b997f152fcbf748555fd2-af9331ff81d8,c1-b1-a1,19235,15035,12010,18142,16675,7726,5110,213,1986,3973,13336,8439,7394,211,1467,0,0,0,0,500
o200k_base,ud_zh_gsd,legal,05b3eebedeb9779bfc6567860bbcfd51a80a512040acd46291a6e2da228ca484,8cac770ebc7b997f152fcbf748555fd2-af9331ff81d8,c1-b1-a1,19235,18735,12010,18142,16675,10966,5209,573,1987,6409,16675,12039,7394,564,1467,0,0,0,0,500
o200k_base,ud_zh_gsd,raw,05b3eebedeb9779bfc6567860bbcfd51a80a512040acd46291a6e2da228ca484,8cac770ebc7b997f152fcbf748555fd2-af9331ff81d8,c1-b1-a1,19235,18735,12010,18142,16675,10966,5209,573,1987,6409,16675,12039,7394,564,1467,0,0,0,0,500
o200k_base,ud_zh_gsdsimp,core,05b3eebedeb9779bfc6567860bbcfd51a80a512040acd46291a6e2da228ca484,6f25aa75467198a1068703ba7201892f-af9331ff81d8,c1-b1-a1,19235,15035,12010,15700,15316,7578,4009,361,3087,4657,12087,8439,8473,355,384,0,0,0,0,500
o200k_base,ud_zh_gsdsimp,legal,05b3eebedeb9779bfc6567860bbcfd51a80a512040acd46291a6e2da228ca484,6f25aa75467198a1068703ba7201892f-af9331ff81d8,c1-b1-a1,19235,18735,12010,15700,15316,10708,4108,831,3088,7018,15316,12039,8473,816,384,0,0,0,0,500
o200k_base,ud_zh_gsdsimp,raw,05b3eebedeb9779bfc6567860bbcfd51a80a512040acd46291a6e2da228ca484,6f25aa75467198a1068703ba7201892f-af9331ff81d8,c1-b1-a1,19235,18735,12010,15700,15316,10708,4108,831,3088,7018,15316,12039,8473,816,384,0,0,0,0,500
o200k_base,ud_zh_hk,core,05b3eebedeb9779bfc6567860bbcfd51a80a512040acd46291a6e2da228ca484,3b03a30f7f07a74d502e63ab7b2158b1-af9331ff81d8,c1-b1-a1,14063,10547,9874,12956,12132,6130,2841,323,1253,4506,9975,7457,7374,322,824,0,0,0,0,1004
o200k_base,ud_zh_hk,legal,05b3eebedeb9779bfc6567860bbcfd51a80a512040acd46291a6e2da228ca484,3b03a30f7f07a74d502e63ab7b2158b1-af9331ff81d8,c1-b1-a1,14063,13059,9874,12956,12132,8259,2869,611,1320,6255,12132,9874,7374,607,824,0,0,0,0,1004
o200k_base,ud_zh_hk,raw,05b3eebedeb9779bfc6567860bbcfd51a80a512040acd46291a6e2da228ca484,3b03a30f7f07a74d502e63ab7b2158b1-af9331ff81d8,c1-b1-a1,14063,13059,9874,12956,12132,8259,2869,611,1320,6255,12132,9874,7374,607,824,0,0,0,0,1004
o200k_base,vistec_th,core,05b3eebedeb9779bfc6567860bbcfd51a80a512040acd46291a6e2da228ca484,bed5ca30c44920d580dad8f82cb8699a-af9331ff81d8,c1-b1-a1,1392530,681825,337977,619157,616945,229119,136253,26708,289745,146773,370372,260827,164773,26650,2212,149676,0,0,0,5000
o200k_base,vistec_th,legal,05b3eebedeb9779bfc6567860bbcfd51a80a512040acd46291a6e2da228ca484,bed5ca30c44920d580dad8f82cb8699a-af9331ff81d8,c1-b1-a1,1392530,842412,337977,619157,616945,308982,153287,87008,293135,174135,467269,400990,164773,86667,2212,149676,0,0,0,5000
o200k_base,vistec_th,raw,05b3eebedeb9779bfc6567860bbcfd51a80a512040acd46291a6e2da228ca484,bed5ca30c44920d580dad8f82cb8699a-af9331ff81d8,c1-b1-a1,1392530,1387530,337977,619157,616945,309060,302885,87042,688543,136528,616945,401102,164773,86701,2212,149676,0,0,0,5000
o200k_base,wisesight1000,core,05b3eebedeb9779bfc6567860bbcfd51a80a512040acd46291a6e2da228ca484,db4e643f660267c46562963d21e2ca5d-af9331ff81d8,c1-b1-a1,75135,35989,18790,33672,33447,11505,6464,1215,16805,8250,18962,13713,9617,1211,225,8350,0,0,0,993
o200k_base,wisesight1000,legal,05b3eebedeb9779bfc6567860bbcfd51a80a512040acd46291a6e2da228ca484,db4e643f660267c46562963d21e2ca5d-af9331ff81d8,c1-b1-a1,75135,46265,18790,33672,33447,16853,7251,4869,17292,10149,25097,22715,9617,4828,225,8350,0,0,0,993
o200k_base,wisesight1000,raw,05b3eebedeb9779bfc6567860bbcfd51a80a512040acd46291a6e2da228ca484,db4e643f660267c46562963d21e2ca5d-af9331ff81d8,c1-b1-a1,75135,74142,18790,33672,33447,16865,15589,4872,36816,7673,33447,22730,9617,4831,225,8350,0,0,0,993
olmo2,alt_km,core,d4ad4ae0a43b26f23f0bda249b411969bed55a5b98b322a6b8fd7567b038927a,57adf94bc86a52a59e4151d41cf87c72-af9331ff81d8,c1-b1-a1,699986,349503,177585,1137730,578482,145377,139448,8765,55913,50418,289825,159142,12136,8765,559248,269303,0,0,0,5000
olmo2,alt_km,legal,d4ad4ae0a43b26f23f0bda249b411969bed55a5b98b322a6b8fd7567b038927a,57adf94bc86a52a59e4151d41cf87c72-af9331ff81d8,c1-b1-a1,699986,369883,177585,1137730,578482,163630,140549,9634,56070,64618,309179,178264,12136,9632,559248,269303,0,0,0,5000
olmo2,alt_km,raw,d4ad4ae0a43b26f23f0bda249b411969bed55a5b98b322a6b8fd7567b038927a,57adf94bc86a52a59e4151d41cf87c72-af9331ff81d8,c1-b1-a1,699986,694986,177585,1137730,578482,163631,409851,9634,111870,11303,578482,178265,12136,9632,559248,269303,0,0,0,5000
olmo2,hkcancor_d,core,d4ad4ae0a43b26f23f0bda249b411969bed55a5b98b322a6b8fd7567b038927a,f318a47addd2c515077cf9aec2e1f445-af9331ff81d8,c1-b1-a1,2858,1962,2445,5192,2835,1554,388,0,20,1467,2199,1811,2083,0,2357,0,0,0,0,257
olmo2,hkcancor_d,legal,d4ad4ae0a43b26f23f0bda249b411969bed55a5b98b322a6b8fd7567b038927a,f318a47addd2c515077cf9aec2e1f445-af9331ff81d8,c1-b1-a1,2858,2601,2445,5192,2835,2185,393,3,20,2077,2835,2445,2083,3,2357,0,0,0,0,257
olmo2,hkcancor_d,raw,d4ad4ae0a43b26f23f0bda249b411969bed55a5b98b322a6b8fd7567b038927a,f318a47addd2c515077cf9aec2e1f445-af9331ff81d8,c1-b1-a1,2858,2601,2445,5192,2835,2185,393,3,20,2077,2835,2445,2083,3,2357,0,0,0,0,257
olmo2,hkcancor_p,core,d4ad4ae0a43b26f23f0bda249b411969bed55a5b98b322a6b8fd7567b038927a,edbbd3fee436612fbcab80d64f4359d8-af9331ff81d8,c1-b1-a1,2858,1962,2178,5192,2835,1311,631,0,20,1049,2199,1568,1614,0,2357,0,0,0,0,257
olmo2,hkcancor_p,legal,d4ad4ae0a43b26f23f0bda249b411969bed55a5b98b322a6b8fd7567b038927a,edbbd3fee436612fbcab80d64f4359d8-af9331ff81d8,c1-b1-a1,2858,2601,2178,5192,2835,1918,660,3,20,1608,2835,2178,1614,3,2357,0,0,0,0,257
olmo2,hkcancor_p,raw,d4ad4ae0a43b26f23f0bda249b411969bed55a5b98b322a6b8fd7567b038927a,edbbd3fee436612fbcab80d64f4359d8-af9331ff81d8,c1-b1-a1,2858,2601,2178,5192,2835,1918,660,3,20,1608,2835,2178,1614,3,2357,0,0,0,0,257
olmo2,hkcancor_s,core,d4ad4ae0a43b26f23f0bda249b411969bed55a5b98b322a6b8fd7567b038927a,b8ddbfc684e40364d686881c7f75b390-af9331ff81d8,c1-b1-a1,2858,1962,2178,5192,2835,1311,631,0,20,1049,2199,1568,1614,0,2357,0,0,0,0,257
olmo2,hkcancor_s,legal,d4ad4ae0a43b26f23f0bda249b411969bed55a5b98b322a6b8fd7567b038927a,b8ddbfc684e40364d686881c7f75b390-af9331ff81d8,c1-b1-a1,2858,2601,2178,5192,2835,1918,660,3,20,1608,2835,2178,1614,3,2357,0,0,0,0,257
olmo2,hkcancor_s,raw,d4ad4ae0a43b26f23f0bda249b411969bed55a5b98b322a6b8fd7567b038927a,b8ddbfc684e40364d686881c7f75b390-af9331ff81d8,c1-b1-a1,2858,2601,2178,5192,2835,1918,660,3,20,1608,2835,2178,1614,3,2357,0,0,0,0,257
olmo2,khpos,core,d4ad4ae0a43b26f23f0bda249b411969bed55a5b98b322a6b8fd7567b038927a,db07f6e38fbdec98e108f08272cddb44-af9331ff81d8,c1-b1-a1,50072,24146,10778,83243,42109,8575,11977,608,2986,2625,21552,10183,627,608,41134,19804,0,0,0,1000
olmo2,khpos,legal,d4ad4ae0a43b26f23f0bda249b411969bed55a5b98b322a6b8fd7567b038927a,db07f6e38fbdec98e108f08272cddb44-af9331ff81d8,c1-b1-a1,50072,24906,10778,83243,42109,9166,12139,611,2990,3167,22305,10777,627,611,41134,19804,0,0,0,1000
olmo2,khpos,raw,d4ad4ae0a43b26f23f0bda249b411969bed55a5b98b322a6b8fd7567b038927a,db07f6e38fbdec98e108f08272cddb44-af9331ff81d8,c1-b1-a1,50072,49072,10778,83243,42109,9166,31943,612,7351,620,42109,10778,627,612,41134,19804,0,0,0,1000
olmo2,osf_cwsa_zh,core,d4ad4ae0a43b26f23f0bda249b411969bed55a5b98b322a6b8fd7567b038927a,40a6e2b75aed4185096260b399664383-af9331ff81d8,c1-b1-a1,10310,9313,5425,15894,10154,4426,4731,2,154,1293,9657,4928,1792,2,5740,0,0,0,0,500
olmo2,osf_cwsa_zh,legal,d4ad4ae0a43b26f23f0bda249b411969bed55a5b98b322a6b8fd7567b038927a,40a6e2b75aed4185096260b399664383-af9331ff81d8,c1-b1-a1,10310,9810,5425,15894,10154,4923,4731,2,154,1790,10154,5425,1792,2,5740,0,0,0,0,500
olmo2,osf_cwsa_zh,raw,d4ad4ae0a43b26f23f0bda249b411969bed55a5b98b322a6b8fd7567b038927a,40a6e2b75aed4185096260b399664383-af9331ff81d8,c1-b1-a1,10310,9810,5425,15894,10154,4923,4731,2,154,1790,10154,5425,1792,2,5740,0,0,0,0,500
olmo2,sighan_as,core,d4ad4ae0a43b26f23f0bda249b411969bed55a5b98b322a6b8fd7567b038927a,2be63cd08c949b44cd6e9a69edbec5fc-af9331ff81d8,c1-b1-a1,68582,54820,42425,101843,67474,29051,24728,38,1003,14340,58779,34089,21768,37,34369,0,0,3,0,5000
olmo2,sighan_as,legal,d4ad4ae0a43b26f23f0bda249b411969bed55a5b98b322a6b8fd7567b038927a,2be63cd08c949b44cd6e9a69edbec5fc-af9331ff81d8,c1-b1-a1,68582,63582,42425,101843,67474,37328,25146,97,1011,21588,67474,42425,21768,96,34369,0,0,3,0,5000
olmo2,sighan_as,raw,d4ad4ae0a43b26f23f0bda249b411969bed55a5b98b322a6b8fd7567b038927a,2be63cd08c949b44cd6e9a69edbec5fc-af9331ff81d8,c1-b1-a1,68582,63582,42425,101843,67474,37328,25146,97,1011,21588,67474,42425,21768,96,34369,0,0,3,0,5000
olmo2,sighan_cityu,core,d4ad4ae0a43b26f23f0bda249b411969bed55a5b98b322a6b8fd7567b038927a,58581cf718d59e4d15084352ad65b879-af9331ff81d8,c1-b1-a1,67689,53468,40936,100764,65866,27123,24703,33,1609,10266,53318,28648,19988,27,34898,0,0,8,0,1492
olmo2,sighan_cityu,legal,d4ad4ae0a43b26f23f0bda249b411969bed55a5b98b322a6b8fd7567b038927a,58581cf718d59e4d15084352ad65b879-af9331ff81d8,c1-b1-a1,67689,66197,40936,100764,65866,39250,25124,194,1629,19626,65866,40936,19988,188,34898,0,0,8,0,1492
olmo2,sighan_cityu,raw,d4ad4ae0a43b26f23f0bda249b411969bed55a5b98b322a6b8fd7567b038927a,58581cf718d59e4d15084352ad65b879-af9331ff81d8,c1-b1-a1,67689,66197,40936,100764,65866,39250,25124,194,1629,19626,65866,40936,19988,188,34898,0,0,8,0,1492
olmo2,sighan_msr,core,d4ad4ae0a43b26f23f0bda249b411969bed55a5b98b322a6b8fd7567b038927a,0560e07eb0101afa53c16a255caaa319-af9331ff81d8,c1-b1-a1,184355,146372,106873,220939,177541,71623,68994,46,5709,28269,144602,75654,52483,40,43398,0,0,12,0,3985
olmo2,sighan_msr,legal,d4ad4ae0a43b26f23f0bda249b411969bed55a5b98b322a6b8fd7567b038927a,0560e07eb0101afa53c16a255caaa319-af9331ff81d8,c1-b1-a1,184355,180370,106873,220939,177541,101783,71773,1105,5709,50396,177541,106873,52483,1044,43398,0,0,12,0,3985
olmo2,sighan_msr,raw,d4ad4ae0a43b26f23f0bda249b411969bed55a5b98b322a6b8fd7567b038927a,0560e07eb0101afa53c16a255caaa319-af9331ff81d8,c1-b1-a1,184355,180370,106873,220939,177541,101783,71773,1105,5709,50396,177541,106873,52483,1044,43398,0,0,12,0,3985
olmo2,sighan_pku,core,d4ad4ae0a43b26f23f0bda249b411969bed55a5b98b322a6b8fd7567b038927a,b2a4d594aa65a829a81df1b6afce55ee-af9331ff81d8,c1-b1-a1,172733,135942,104372,210376,164768,69567,59459,230,6686,26606,130970,71741,51870,227,45608,0,0,14,0,1944
olmo2,sighan_pku,legal,d4ad4ae0a43b26f23f0bda249b411969bed55a5b98b322a6b8fd7567b038927a,b2a4d594aa65a829a81df1b6afce55ee-af9331ff81d8,c1-b1-a1,172733,170789,104372,210376,164768,101249,61575,1179,6786,49681,164768,104372,51870,1176,45608,0,0,14,0,1944
olmo2,sighan_pku,raw,d4ad4ae0a43b26f23f0bda249b411969bed55a5b98b322a6b8fd7567b038927a,b2a4d594aa65a829a81df1b6afce55ee-af9331ff81d8,c1-b1-a1,172733,170789,104372,210376,164768,101249,61575,1179,6786,49681,164768,104372,51870,1176,45608,0,0,14,0,1944
olmo2,ud_th_pud,core,d4ad4ae0a43b26f23f0bda249b411969bed55a5b98b322a6b8fd7567b038927a,4b0e1b9bb0262e2aedf915e4322e9c30-af9331ff81d8,c1-b1-a1,98318,50336,22330,93621,89493,18807,27893,74,3562,6891,47700,19881,641,74,4128,37450,0,0,0,1000
olmo2,ud_th_pud,legal,d4ad4ae0a43b26f23f0bda249b411969bed55a5b98b322a6b8fd7567b038927a,4b0e1b9bb0262e2aedf915e4322e9c30-af9331ff81d8,c1-b1-a1,98318,55046,22330,93621,89493,23052,27991,434,3569,10011,52043,24486,641,433,4128,37450,0,0,0,1000
olmo2,ud_th_pud,raw,d4ad4ae0a43b26f23f0bda249b411969bed55a5b98b322a6b8fd7567b038927a,4b0e1b9bb0262e2aedf915e4322e9c30-af9331ff81d8,c1-b1-a1,98318,97318,22330,93621,89493,23052,65441,434,8391,2310,89493,24486,641,433,4128,37450,0,0,0,1000
olmo2,ud_yue_hk,core,d4ad4ae0a43b26f23f0bda249b411969bed55a5b98b322a6b8fd7567b038927a,c57eef85e9d45467b37b16a74061fa07-af9331ff81d8,c1-b1-a1,18633,12998,13918,29158,18076,8429,4115,10,444,5949,13548,9443,10180,9,11082,0,0,1,0,1004
olmo2,ud_yue_hk,legal,d4ad4ae0a43b26f23f0bda249b411969bed55a5b98b322a6b8fd7567b038927a,c57eef85e9d45467b37b16a74061fa07-af9331ff81d8,c1-b1-a1,18633,17629,13918,29158,18076,12892,4180,23,534,10141,18076,13919,10180,22,11082,0,0,1,0,1004
olmo2,ud_yue_hk,raw,d4ad4ae0a43b26f23f0bda249b411969bed55a5b98b322a6b8fd7567b038927a,c57eef85e9d45467b37b16a74061fa07-af9331ff81d8,c1-b1-a1,18633,17629,13918,29158,18076,12892,4180,23,534,10141,18076,13919,10180,22,11082,0,0,1,0,1004
olmo2,ud_zh_gsd,core,d4ad4ae0a43b26f23f0bda249b411969bed55a5b98b322a6b8fd7567b038927a,8cac770ebc7b997f152fcbf748555fd2-af9331ff81d8,c1-b1-a1,19235,15035,12010,27266,18159,7935,6104,4,992,3525,14539,8439,6458,4,9107,0,0,3,0,500
olmo2,ud_zh_gsd,legal,d4ad4ae0a43b26f23f0bda249b411969bed55a5b98b322a6b8fd7567b038927a,8cac770ebc7b997f152fcbf748555fd2-af9331ff81d8,c1-b1-a1,19235,18735,12010,27266,18159,11455,6204,84,992,6334,18159,12039,6458,84,9107,0,0,3,0,500
olmo2,ud_zh_gsd,raw,d4ad4ae0a43b26f23f0bda249b411969bed55a5b98b322a6b8fd7567b038927a,8cac770ebc7b997f152fcbf748555fd2-af9331ff81d8,c1-b1-a1,19235,18735,12010,27266,18159,11455,6204,84,992,6334,18159,12039,6458,84,9107,0,0,3,0,500
olmo2,ud_zh_gsdsimp,core,d4ad4ae0a43b26f23f0bda249b411969bed55a5b98b322a6b8fd7567b038927a,6f25aa75467198a1068703ba7201892f-af9331ff81d8,c1-b1-a1,19235,15035,12010,23167,17899,7902,5934,37,1162,3614,14336,8439,6629,37,5268,0,0,2,0,500
olmo2,ud_zh_gsdsimp,legal,d4ad4ae0a43b26f23f0bda249b411969bed55a5b98b322a6b8fd7567b038927a,6f25aa75467198a1068703ba7201892f-af9331ff81d8,c1-b1-a1,19235,18735,12010,23167,17899,11365,6034,174,1162,6329,17899,12039,6629,174,5268,0,0,2,0,500
olmo2,ud_zh_gsdsimp,raw,d4ad4ae0a43b26f23f0bda249b411969bed55a5b98b322a6b8fd7567b038927a,6f25aa75467198a1068703ba7201892f-af9331ff81d8,c1-b1-a1,19235,18735,12010,23167,17899,11365,6034,174,1162,6329,17899,12039,6629,174,5268,0,0,2,0,500
olmo2,ud_zh_hk,core,d4ad4ae0a43b26f23f0bda249b411969bed55a5b98b322a6b8fd7567b038927a,3b03a30f7f07a74d502e63ab7b2158b1-af9331ff81d8,c1-b1-a1,14063,10547,9874,19788,13590,6396,3772,57,322,4182,11172,7457,6497,56,6198,0,0,1,0,1004
olmo2,ud_zh_hk,legal,d4ad4ae0a43b26f23f0bda249b411969bed55a5b98b322a6b8fd7567b038927a,3b03a30f7f07a74d502e63ab7b2158b1-af9331ff81d8,c1-b1-a1,14063,13059,9874,19788,13590,8786,3800,84,389,6340,13590,9874,6497,83,6198,0,0,1,0,1004
olmo2,ud_zh_hk,raw,d4ad4ae0a43b26f23f0bda249b411969bed55a5b98b322a6b8fd7567b038927a,3b03a30f7f07a74d502e63ab7b2158b1-af9331ff81d8,c1-b1-a1,14063,13059,9874,19788,13590,8786,3800,84,389,6340,13590,9874,6497,83,6198,0,0,1,0,1004
olmo2,vistec_th,core,d4ad4ae0a43b26f23f0bda249b411969bed55a5b98b322a6b8fd7567b038927a,bed5ca30c44920d580dad8f82cb8699a-af9331ff81d8,c1-b1-a1,1392530,681825,337977,1254210,1216803,254215,341273,1612,84725,102242,600488,260827,16364,1610,37407,481831,0,0,0,5000
olmo2,vistec_th,legal,d4ad4ae0a43b26f23f0bda249b411969bed55a5b98b322a6b8fd7567b038927a,bed5ca30c44920d580dad8f82cb8699a-af9331ff81d8,c1-b1-a1,1392530,842412,337977,1254210,1216803,371120,358852,24870,87570,177461,734972,400990,16364,24829,37407,481831,0,0,0,5000
olmo2,vistec_th,raw,d4ad4ae0a43b26f23f0bda249b411969bed55a5b98b322a6b8fd7567b038927a,bed5ca30c44920d580dad8f82cb8699a-af9331ff81d8,c1-b1-a1,1392530,1387530,337977,1254210,1216803,371229,840574,24873,150854,50067,1216803,401102,16364,24832,37407,481831,0,0,0,5000
olmo2,wisesight1000,core,d4ad4ae0a43b26f23f0bda249b411969bed55a5b98b322a6b8fd7567b038927a,db4e643f660267c46562963d21e2ca5d-af9331ff81d8,c1-b1-a1,75135,35989,18790,65880,63609,12634,16746,86,6523,5251,30373,13713,1937,86,2271,24826,0,0,0,993
olmo2,wisesight1000,legal,d4ad4ae0a43b26f23f0bda249b411969bed55a5b98b322a6b8fd7567b038927a,db4e643f660267c46562963d21e2ca5d-af9331ff81d8,c1-b1-a1,75135,46265,18790,65880,63609,20213,17577,1509,6966,10042,38783,22715,1937,1493,2271,24826,0,0,0,993
olmo2,wisesight1000,raw,d4ad4ae0a43b26f23f0bda249b411969bed55a5b98b322a6b8fd7567b038927a,db4e643f660267c46562963d21e2ca5d-af9331ff81d8,c1-b1-a1,75135,74142,18790,65880,63609,20228,42388,1509,10017,3667,63609,22730,1937,1493,2271,24826,0,0,0,993
phi4,alt_km,core,a866478e5adc2c166f44f5bb16194776cd5c2804fba2c261d11ea48925324325,57adf94bc86a52a59e4151d41cf87c72-af9331ff81d8,c1-b1-a1,699986,349503,177585,1137730,578482,145377,139448,8765,55913,50418,289825,159142,12136,8765,559248,269303,0,0,0,5000
phi4,alt_km,legal,a866478e5adc2c166f44f5bb16194776cd5c2804fba2c261d11ea48925324325,57adf94bc86a52a59e4151d41cf87c72-af9331ff81d8,c1-b1-a1,699986,369883,177585,1137730,578482,163630,140549,9634,56070,64618,309179,178264,12136,9632,559248,269303,0,0,0,5000
phi4,alt_km,raw,a866478e5adc2c166f44f5bb16194776cd5c2804fba2c261d11ea48925324325,57adf94bc86a52a59e4151d41cf87c72-af9331ff81d8,c1-b1-a1,699986,694986,177585,1137730,578482,163631,409851,9634,111870,11303,578482,178265,12136,9632,559248,269303,0,0,0,5000
phi4,hkcancor_d,core,a866478e5adc2c166f44f5bb16194776cd5c2804fba2c261d11ea48925324325,f318a47addd2c515077cf9aec2e1f445-af9331ff81d8,c1-b1-a1,2858,1962,2445,5192,2835,1554,388,0,20,1467,2199,1811,2083,0,2357,0,0,0,0,257
phi4,hkcancor_d,legal,a866478e5adc2c166f44f5bb16194776cd5c2804fba2c261d11ea48925324325,f318a47addd2c515077cf9aec2e1f445-af9331ff81d8,c1-b1-a1,2858,2601,2445,5192,2835,2185,393,3,20,2077,2835,2445,2083,3,2357,0,0,0,0,257
phi4,hkcancor_d,raw,a866478e5adc2c166f44f5bb16194776cd5c2804fba2c261d11ea48925324325,f318a47addd2c515077cf9aec2e1f445-af9331ff81d8,c1-b1-a1,2858,2601,2445,5192,2835,2185,393,3,20,2077,2835,2445,2083,3,2357,0,0,0,0,257
phi4,hkcancor_p,core,a866478e5adc2c166f44f5bb16194776cd5c2804fba2c261d11ea48925324325,edbbd3fee436612fbcab80d64f4359d8-af9331ff81d8,c1-b1-a1,2858,1962,2178,5192,2835,1311,631,0,20,1049,2199,1568,1614,0,2357,0,0,0,0,257
phi4,hkcancor_p,legal,a866478e5adc2c166f44f5bb16194776cd5c2804fba2c261d11ea48925324325,edbbd3fee436612fbcab80d64f4359d8-af9331ff81d8,c1-b1-a1,2858,2601,2178,5192,2835,1918,660,3,20,1608,2835,2178,1614,3,2357,0,0,0,0,257
phi4,hkcancor_p,raw,a866478e5adc2c166f44f5bb16194776cd5c2804fba2c261d11ea48925324325,edbbd3fee436612fbcab80d64f4359d8-af9331ff81d8,c1-b1-a1,2858,2601,2178,5192,2835,1918,660,3,20,1608,2835,2178,1614,3,2357,0,0,0,0,257
phi4,hkcancor_s,core,a866478e5adc2c166f44f5bb16194776cd5c2804fba2c261d11ea48925324325,b8ddbfc684e40364d686881c7f75b390-af9331ff81d8,c1-b1-a1,2858,1962,2178,5192,2835,1311,631,0,20,1049,2199,1568,1614,0,2357,0,0,0,0,257
phi4,hkcancor_s,legal,a866478e5adc2c166f44f5bb16194776cd5c2804fba2c261d11ea48925324325,b8ddbfc684e40364d686881c7f75b390-af9331ff81d8,c1-b1-a1,2858,2601,2178,5192,2835,1918,660,3,20,1608,2835,2178,1614,3,2357,0,0,0,0,257
phi4,hkcancor_s,raw,a866478e5adc2c166f44f5bb16194776cd5c2804fba2c261d11ea48925324325,b8ddbfc684e40364d686881c7f75b390-af9331ff81d8,c1-b1-a1,2858,2601,2178,5192,2835,1918,660,3,20,1608,2835,2178,1614,3,2357,0,0,0,0,257
phi4,khpos,core,a866478e5adc2c166f44f5bb16194776cd5c2804fba2c261d11ea48925324325,db07f6e38fbdec98e108f08272cddb44-af9331ff81d8,c1-b1-a1,50072,24146,10778,83243,42109,8575,11977,608,2986,2625,21552,10183,627,608,41134,19804,0,0,0,1000
phi4,khpos,legal,a866478e5adc2c166f44f5bb16194776cd5c2804fba2c261d11ea48925324325,db07f6e38fbdec98e108f08272cddb44-af9331ff81d8,c1-b1-a1,50072,24906,10778,83243,42109,9166,12139,611,2990,3167,22305,10777,627,611,41134,19804,0,0,0,1000
phi4,khpos,raw,a866478e5adc2c166f44f5bb16194776cd5c2804fba2c261d11ea48925324325,db07f6e38fbdec98e108f08272cddb44-af9331ff81d8,c1-b1-a1,50072,49072,10778,83243,42109,9166,31943,612,7351,620,42109,10778,627,612,41134,19804,0,0,0,1000
phi4,osf_cwsa_zh,core,a866478e5adc2c166f44f5bb16194776cd5c2804fba2c261d11ea48925324325,40a6e2b75aed4185096260b399664383-af9331ff81d8,c1-b1-a1,10310,9313,5425,15894,10154,4426,4731,2,154,1293,9657,4928,1792,2,5740,0,0,0,0,500
phi4,osf_cwsa_zh,legal,a866478e5adc2c166f44f5bb16194776cd5c2804fba2c261d11ea48925324325,40a6e2b75aed4185096260b399664383-af9331ff81d8,c1-b1-a1,10310,9810,5425,15894,10154,4923,4731,2,154,1790,10154,5425,1792,2,5740,0,0,0,0,500
phi4,osf_cwsa_zh,raw,a866478e5adc2c166f44f5bb16194776cd5c2804fba2c261d11ea48925324325,40a6e2b75aed4185096260b399664383-af9331ff81d8,c1-b1-a1,10310,9810,5425,15894,10154,4923,4731,2,154,1790,10154,5425,1792,2,5740,0,0,0,0,500
phi4,sighan_as,core,a866478e5adc2c166f44f5bb16194776cd5c2804fba2c261d11ea48925324325,2be63cd08c949b44cd6e9a69edbec5fc-af9331ff81d8,c1-b1-a1,68582,54820,42425,101843,67474,29051,24728,38,1003,14340,58779,34089,21768,37,34369,0,0,3,0,5000
phi4,sighan_as,legal,a866478e5adc2c166f44f5bb16194776cd5c2804fba2c261d11ea48925324325,2be63cd08c949b44cd6e9a69edbec5fc-af9331ff81d8,c1-b1-a1,68582,63582,42425,101843,67474,37328,25146,97,1011,21588,67474,42425,21768,96,34369,0,0,3,0,5000
phi4,sighan_as,raw,a866478e5adc2c166f44f5bb16194776cd5c2804fba2c261d11ea48925324325,2be63cd08c949b44cd6e9a69edbec5fc-af9331ff81d8,c1-b1-a1,68582,63582,42425,101843,67474,37328,25146,97,1011,21588,67474,42425,21768,96,34369,0,0,3,0,5000
phi4,sighan_cityu,core,a866478e5adc2c166f44f5bb16194776cd5c2804fba2c261d11ea48925324325,58581cf718d59e4d15084352ad65b879-af9331ff81d8,c1-b1-a1,67689,53468,40936,100764,65866,27123,24703,33,1609,10266,53318,28648,19988,27,34898,0,0,8,0,1492
phi4,sighan_cityu,legal,a866478e5adc2c166f44f5bb16194776cd5c2804fba2c261d11ea48925324325,58581cf718d59e4d15084352ad65b879-af9331ff81d8,c1-b1-a1,67689,66197,40936,100764,65866,39250,25124,194,1629,19626,65866,40936,19988,188,34898,0,0,8,0,1492
phi4,sighan_cityu,raw,a866478e5adc2c166f44f5bb16194776cd5c2804fba2c261d11ea48925324325,58581cf718d59e4d15084352ad65b879-af9331ff81d8,c1-b1-a1,67689,66197,40936,100764,65866,39250,25124,194,1629,19626,65866,40936,19988,188,34898,0,0,8,0,1492
phi4,sighan_msr,core,a866478e5adc2c166f44f5bb16194776cd5c2804fba2c261d11ea48925324325,0560e07eb0101afa53c16a255caaa319-af9331ff81d8,c1-b1-a1,184355,146372,106873,220939,177541,71623,68994,46,5709,28269,144602,75654,52483,40,43398,0,0,12,0,3985
phi4,sighan_msr,legal,a866478e5adc2c166f44f5bb16194776cd5c2804fba2c261d11ea48925324325,0560e07eb0101afa53c16a255caaa319-af9331ff81d8,c1-b1-a1,184355,180370,106873,220939,177541,101783,71773,1105,5709,50396,177541,106873,52483,1044,43398,0,0,12,0,3985
phi4,sighan_msr,raw,a866478e5adc2c166f44f5bb16194776cd5c2804fba2c261d11ea48925324325,0560e07eb0101afa53c16a255caaa319-af9331ff81d8,c1-b1-a1,184355,180370,106873,220939,177541,101783,71773,1105,5709,50396,177541,106873,52483,1044,43398,0,0,12,0,3985
phi4,sighan_pku,core,a866478e5adc2c166f44f5bb16194776cd5c2804fba2c261d11ea48925324325,b2a4d594aa65a829a81df1b6afce55ee-af9331ff81d8,c1-b1-a1,172733,135942,104372,210376,164768,69567,59459,230,6686,26606,130970,71741,51870,227,45608,0,0,14,0,1944
phi4,sighan_pku,legal,a866478e5adc2c166f44f5bb16194776cd5c2804fba2c261d11ea48925324325,b2a4d594aa65a829a81df1b6afce55ee-af9331ff81d8,c1-b1-a1,172733,170789,104372,210376,164768,101249,61575,1179,6786,49681,164768,104372,51870,1176,45608,0,0,14,0,1944
phi4,sighan_pku,raw,a866478e5adc2c166f44f5bb16194776cd5c2804fba2c261d11ea48925324325,b2a4d594aa65a829a81df1b6afce55ee-af9331ff81d8,c1-b1-a1,172733,170789,104372,210376,164768,101249,61575,1179,6786,49681,164768,104372,51870,1176,45608,0,0,14,0,1944
phi4,ud_th_pud,core,a866478e5adc2c166f44f5bb16194776cd5c2804fba2c261d11ea48925324325,4b0e1b9bb0262e2aedf915e4322e9c30-af9331ff81d8,c1-b1-a1,98318,50336,22330,93621,89493,18807,27893,74,3562,6891,47700,19881,641,74,4128,37450,0,0,0,1000
phi4,ud_th_pud,legal,a866478e5adc2c166f44f5bb16194776cd5c2804fba2c261d11ea48925324325,4b0e1b9bb0262e2aedf915e4322e9c30-af9331ff81d8,c1-b1-a1,98318,55046,22330,93621,89493,23052,27991,434,3569,10011,52043,24486,641,433,4128,37450,0,0,0,1000
phi4,ud_th_pud,raw,a866478e5adc2c166f44f5bb16194776cd5c2804fba2c261d11ea48925324325,4b0e1b9bb0262e2aedf915e4322e9c30-af9331ff81d8,c1-b1-a1,98318,97318,22330,93621,89493,23052,65441,434,8391,2310,89493,24486,641,433,4128,37450,0,0,0,1000
phi4,ud_yue_hk,core,a866478e5adc2c166f44f5bb16194776cd5c2804fba2c261d11ea48925324325,c57eef85e9d45467b37b16a74061fa07-af9331ff81d8,c1-b1-a1,18633,12998,13918,29158,18076,8429,4115,10,444,5949,13548,9443,10180,9,11082,0,0,1,0,1004
phi4,ud_yue_hk,legal,a866478e5adc2c166f44f5bb16194776cd5c2804fba2c261d11ea48925324325,c57eef85e9d45467b37b16a74061fa07-af9331ff81d8,c1-b1-a1,18633,17629,13918,29158,18076,12892,4180,23,534,10141,18076,13919,10180,22,11082,0,0,1,0,1004
phi4,ud_yue_hk,raw,a866478e5adc2c166f44f5bb16194776cd5c2804fba2c261d11ea48925324325,c57eef85e9d45467b37b16a74061fa07-af9331ff81d8,c1-b1-a1,18633,17629,13918,29158,18076,12892,4180,23,534,10141,18076,13919,10180,22,11082,0,0,1,0,1004
phi4,ud_zh_gsd,core,a866478e5adc2c166f44f5bb16194776cd5c2804fba2c261d11ea48925324325,8cac770ebc7b997f152fcbf748555fd2-af9331ff81d8,c1-b1-a1,19235,15035,12010,27266,18159,7935,6104,4,992,3525,14539,8439,6458,4,9107,0,0,3,0,500
phi4,ud_zh_gsd,legal,a866478e5adc2c166f44f5bb16194776cd5c2804fba2c261d11ea48925324325,8cac770ebc7b997f152fcbf748555fd2-af9331ff81d8,c1-b1-a1,19235,18735,12010,27266,18159,11455,6204,84,992,6334,18159,12039,6458,84,9107,0,0,3,0,500
phi4,ud_zh_gsd,raw,a866478e5adc2c166f44f5bb16194776cd5c2804fba2c261d11ea48925324325,8cac770ebc7b997f152fcbf748555fd2-af9331ff81d8,c1-b1-a1,19235,18735,12010,27266,18159,11455,6204,84,992,6334,18159,12039,6458,84,9107,0,0,3,0,500
phi4,ud_zh_gsdsimp,core,a866478e5adc2c166f44f5bb16194776cd5c2804fba2c261d11ea48925324325,6f25aa75467198a1068703ba7201892f-af9331ff81d8,c1-b1-a1,19235,15035,12010,23167,17899,7902,5934,37,1162,3614,14336,8439,6629,37,5268,0,0,2,0,500
phi4,ud_zh_gsdsimp,legal,a866478e5adc2c166f44f5bb16194776cd5c2804fba2c261d11ea48925324325,6f25aa75467198a1068703ba7201892f-af9331ff81d8,c1-b1-a1,19235,18735,12010,23167,17899,11365,6034,174,1162,6329,17899,12039,6629,174,5268,0,0,2,0,500
phi4,ud_zh_gsdsimp,raw,a866478e5adc2c166f44f5bb16194776cd5c2804fba2c261d11ea48925324325,6f25aa75467198a1068703ba7201892f-af9331ff81d8,c1-b1-a1,19235,18735,12010,23167,17899,11365,6034,174,1162,6329,17899,12039,6629,174,5268,0,0,2,0,500
phi4,ud_zh_hk,core,a866478e5adc2c166f44f5bb16194776cd5c2804fba2c261d11ea48925324325,3b03a30f7f07a74d502e63ab7b2158b1-af9331ff81d8,c1-b1-a1,14063,10547,9874,19788,13590,6396,3772,57,322,4182,11172,7457,6497,56,6198,0,0,1,0,1004
phi4,ud_zh_hk,legal,a866478e5adc2c166f44f5bb16194776cd5c2804fba2c261d11ea48925324325,3b03a30f7f07a74d502e63ab7b2158b1-af9331ff81d8,c1-b1-a1,14063,13059,9874,19788,13590,8786,3800,84,389,6340,13590,9874,6497,83,6198,0,0,1,0,1004
phi4,ud_zh_hk,raw,a866478e5adc2c166f44f5bb16194776cd5c2804fba2c261d11ea48925324325,3b03a30f7f07a74d502e63ab7b2158b1-af9331ff81d8,c1-b1-a1,14063,13059,9874,19788,13590,8786,3800,84,389,6340,13590,9874,6497,83,6198,0,0,1,0,1004
phi4,vistec_th,core,a866478e5adc2c166f44f5bb16194776cd5c2804fba2c261d11ea48925324325,bed5ca30c44920d580dad8f82cb8699a-af9331ff81d8,c1-b1-a1,1392530,681825,337977,1254210,1216803,254215,341273,1612,84725,102242,600488,260827,16364,1610,37407,481831,0,0,0,5000
phi4,vistec_th,legal,a866478e5adc2c166f44f5bb16194776cd5c2804fba2c261d11ea48925324325,bed5ca30c44920d580dad8f82cb8699a-af9331ff81d8,c1-b1-a1,1392530,842412,337977,1254210,1216803,371120,358852,24870,87570,177461,734972,400990,16364,24829,37407,481831,0,0,0,5000
phi4,vistec_th,raw,a866478e5adc2c166f44f5bb16194776cd5c2804fba2c261d11ea48925324325,bed5ca30c44920d580dad8f82cb8699a-af9331ff81d8,c1-b1-a1,1392530,1387530,337977,1254210,1216803,371229,840574,24873,150854,50067,1216803,401102,16364,24832,37407,481831,0,0,0,5000
phi4,wisesight1000,core,a866478e5adc2c166f44f5bb16194776cd5c2804fba2c261d11ea48925324325,db4e643f660267c46562963d21e2ca5d-af9331ff81d8,c1-b1-a1,75135,35989,18790,65880,63609,12634,16746,86,6523,5251,30373,13713,1937,86,2271,24826,0,0,0,993
phi4,wisesight1000,legal,a866478e5adc2c166f44f5bb16194776cd5c2804fba2c261d11ea48925324325,db4e643f660267c46562963d21e2ca5d-af9331ff81d8,c1-b1-a1,75135,46265,18790,65880,63609,20213,17577,1509,6966,10042,38783,22715,1937,1493,2271,24826,0,0,0,993
phi4,wisesight1000,raw,a866478e5adc2c166f44f5bb16194776cd5c2804fba2c261d11ea48925324325,db4e643f660267c46562963d21e2ca5d-af9331ff81d8,c1-b1-a1,75135,74142,18790,65880,63609,20228,42388,1509,10017,3667,63609,22730,1937,1493,2271,24826,0,0,0,993
sea-lion-gemma,alt_km,core,57396845ccc1ddafc1eb1e2b31320e9d7ca74bc6103a71416af4166cd7b534cf,57adf94bc86a52a59e4151d41cf87c72-af9331ff81d8,c1-b1-a1,699986,349503,177585,675718,675668,154140,188430,2,6931,31162,347570,159142,11346,2,50,308581,0,0,0,5000
sea-lion-gemma,alt_km,legal,57396845ccc1ddafc1eb1e2b31320e9d7ca74bc6103a71416af4166cd7b534cf,57adf94bc86a52a59e4151d41cf87c72-af9331ff81d8,c1-b1-a1,699986,369883,177585,675718,675668,172490,189597,774,7022,43853,367087,178264,11346,770,50,308581,0,0,0,5000
sea-lion-gemma,alt_km,raw,57396845ccc1ddafc1eb1e2b31320e9d7ca74bc6103a71416af4166cd7b534cf,57adf94bc86a52a59e4151d41cf87c72-af9331ff81d8,c1-b1-a1,699986,694986,177585,675718,675668,172491,498177,774,23544,10583,675668,178265,11346,770,50,308581,0,0,0,5000
sea-lion-gemma,hkcancor_d,core,57396845ccc1ddafc1eb1e2b31320e9d7ca74bc6103a71416af4166cd7b534cf,f318a47addd2c515077cf9aec2e1f445-af9331ff81d8,c1-b1-a1,2858,1962,2445,2892,2633,1467,273,87,135,1401,1997,1811,2189,87,259,0,0,0,0,257
sea-lion-gemma,hkcancor_d,legal,57396845ccc1ddafc1eb1e2b31320e9d7ca74bc6103a71416af4166cd7b534cf,f318a47addd2c515077cf9aec2e1f445-af9331ff81d8,c1-b1-a1,2858,2601,2445,2892,2633,2098,278,90,135,2011,2633,2445,2189,90,259,0,0,0,0,257
sea-lion-gemma,hkcancor_d,raw,57396845ccc1ddafc1eb1e2b31320e9d7ca74bc6103a71416af4166cd7b534cf,f318a47addd2c515077cf9aec2e1f445-af9331ff81d8,c1-b1-a1,2858,2601,2445,2892,2633,2098,278,90,135,2011,2633,2445,2189,90,259,0,0,0,0,257
sea-lion-gemma,hkcancor_p,core,57396845ccc1ddafc1eb1e2b31320e9d7ca74bc6103a71416af4166cd7b534cf,edbbd3fee436612fbcab80d64f4359d8-af9331ff81d8,c1-b1-a1,2858,1962,2178,2892,2633,1247,493,64,158,1041,1997,1568,1728,64,259,0,0,0,0,257
sea-lion-gemma,hkcancor_p,legal,57396845ccc1ddafc1eb1e2b31320e9d7ca74bc6103a71416af4166cd7b534cf,edbbd3fee436612fbcab80d64f4359d8-af9331ff81d8,c1-b1-a1,2858,2601,2178,2892,2633,1854,522,67,158,1597,2633,2178,1728,67,259,0,0,0,0,257
sea-lion-gemma,hkcancor_p,raw,57396845ccc1ddafc1eb1e2b31320e9d7ca74bc6103a71416af4166cd7b534cf,edbbd3fee436612fbcab80d64f4359d8-af9331ff81d8,c1-b1-a1,2858,2601,2178,2892,2633,1854,522,67,158,1597,2633,2178,1728,67,259,0,0,0,0,257
sea-lion-gemma,hkcancor_s,core,57396845ccc1ddafc1eb1e2b31320e9d7ca74bc6103a71416af4166cd7b534cf,b8ddbfc684e40364d686881c7f75b390-af9331ff81d8,c1-b1-a1,2858,1962,2178,2892,2633,1247,493,64,158,1041,1997,1568,1728,64,259,0,0,0,0,257
sea-lion-gemma,hkcancor_s,legal,57396845ccc1ddafc1eb1e2b31320e9d7ca74bc6103a71416af4166cd7b534cf,b8ddbfc684e40364d686881c7f75b390-af9331ff81d8,c1-b1-a1,2858,2601,2178,2892,2633,1854,522,67,158,1597,2633,2178,1728,67,259,0,0,0,0,257
sea-lion-gemma,hkcancor_s,raw,57396845ccc1ddafc1eb1e2b31320e9d7ca74bc6103a71416af4166cd7b534cf,b8ddbfc684e40364d686881c7f75b390-af9331ff81d8,c1-b1-a1,2858,2601,2178,2892,2633,1854,522,67,158,1597,2633,2178,1728,67,259,0,0,0,0,257
sea-lion-gemma,khpos,core,57396845ccc1ddafc1eb1e2b31320e9d7ca74bc6103a71416af4166cd7b534cf,db07f6e38fbdec98e108f08272cddb44-af9331ff81d8,c1-b1-a1,50072,24146,10778,48907,48863,9183,14963,0,0,2000,25146,10183,627,0,44,22967,0,0,0,1000
sea-lion-gemma,khpos,legal,57396845ccc1ddafc1eb1e2b31320e9d7ca74bc6103a71416af4166cd7b534cf,db07f6e38fbdec98e108f08272cddb44-af9331ff81d8,c1-b1-a1,50072,24906,10778,48907,48863,9771,15125,6,4,2533,25896,10777,627,6,44,22967,0,0,0,1000
sea-lion-gemma,khpos,raw,57396845ccc1ddafc1eb1e2b31320e9d7ca74bc6103a71416af4166cd7b534cf,db07f6e38fbdec98e108f08272cddb44-af9331ff81d8,c1-b1-a1,50072,49072,10778,48907,48863,9771,38092,7,1202,615,48863,10778,627,7,44,22967,0,0,0,1000
sea-lion-gemma,osf_cwsa_zh,core,57396845ccc1ddafc1eb1e2b31320e9d7ca74bc6103a71416af4166cd7b534cf,40a6e2b75aed4185096260b399664383-af9331ff81d8,c1-b1-a1,10310,9313,5425,7535,7535,4098,2440,330,2445,2544,7038,4928,3492,329,0,0,0,0,0,500
sea-lion-gemma,osf_cwsa_zh,legal,57396845ccc1ddafc1eb1e2b31320e9d7ca74bc6103a71416af4166cd7b534cf,40a6e2b75aed4185096260b399664383-af9331ff81d8,c1-b1-a1,10310,9810,5425,7535,7535,4595,2440,330,2445,3041,7535,5425,3492,329,0,0,0,0,0,500
sea-lion-gemma,osf_cwsa_zh,raw,57396845ccc1ddafc1eb1e2b31320e9d7ca74bc6103a71416af4166cd7b534cf,40a6e2b75aed4185096260b399664383-af9331ff81d8,c1-b1-a1,10310,9810,5425,7535,7535,4595,2440,330,2445,3041,7535,5425,3492,329,0,0,0,0,0,500
sea-lion-gemma,sighan_as,core,57396845ccc1ddafc1eb1e2b31320e9d7ca74bc6103a71416af4166cd7b534cf,2be63cd08c949b44cd6e9a69edbec5fc-af9331ff81d8,c1-b1-a1,68582,54820,42425,53336,53330,26117,13658,2972,12073,18804,44775,34089,31569,2881,6,0,0,0,0,5000
sea-lion-gemma,sighan_as,legal,57396845ccc1ddafc1eb1e2b31320e9d7ca74bc6103a71416af4166cd7b534cf,2be63cd08c949b44cd6e9a69edbec5fc-af9331ff81d8,c1-b1-a1,68582,63582,42425,53336,53330,34255,14075,3170,12082,26130,53330,42425,31569,3063,6,0,0,0,0,5000
sea-lion-gemma,sighan_as,raw,57396845ccc1ddafc1eb1e2b31320e9d7ca74bc6103a71416af4166cd7b534cf,2be63cd08c949b44cd6e9a69edbec5fc-af9331ff81d8,c1-b1-a1,68582,63582,42425,53336,53330,34255,14075,3170,12082,26130,53330,42425,31569,3063,6,0,0,0,0,5000
sea-lion-gemma,sighan_cityu,core,57396845ccc1ddafc1eb1e2b31320e9d7ca74bc6103a71416af4166cd7b534cf,58581cf718d59e4d15084352ad65b879-af9331ff81d8,c1-b1-a1,67689,53468,40936,54215,54209,25016,15293,2140,11019,14268,41801,28648,28675,2081,6,0,0,0,0,1492
sea-lion-gemma,sighan_cityu,legal,57396845ccc1ddafc1eb1e2b31320e9d7ca74bc6103a71416af4166cd7b534cf,58581cf718d59e4d15084352ad65b879-af9331ff81d8,c1-b1-a1,67689,66197,40936,54215,54209,37017,15700,2427,11053,24551,54209,40936,28675,2359,6,0,0,0,0,1492
sea-lion-gemma,sighan_cityu,raw,57396845ccc1ddafc1eb1e2b31320e9d7ca74bc6103a71416af4166cd7b534cf,58581cf718d59e4d15084352ad65b879-af9331ff81d8,c1-b1-a1,67689,66197,40936,54215,54209,37017,15700,2427,11053,24551,54209,40936,28675,2359,6,0,0,0,0,1492
sea-lion-gemma,sighan_msr,core,57396845ccc1ddafc1eb1e2b31320e9d7ca74bc6103a71416af4166cd7b534cf,0560e07eb0101afa53c16a255caaa319-af9331ff81d8,c1-b1-a1,184355,146372,106873,130026,130026,64620,28154,7049,46549,45698,96759,75654,86196,6915,0,0,0,0,0,3985
sea-lion-gemma,sighan_msr,legal,57396845ccc1ddafc1eb1e2b31320e9d7ca74bc6103a71416af4166cd7b534cf,0560e07eb0101afa53c16a255caaa319-af9331ff81d8,c1-b1-a1,184355,180370,106873,130026,130026,95110,30931,7778,46551,73000,130026,106873,86196,7535,0,0,0,0,0,3985
sea-lion-gemma,sighan_msr,raw,57396845ccc1ddafc1eb1e2b31320e9d7ca74bc6103a71416af4166cd7b534cf,0560e07eb0101afa53c16a255caaa319-af9331ff81d8,c1-b1-a1,184355,180370,106873,130026,130026,95110,30931,7778,46551,73000,130026,106873,86196,7535,0,0,0,0,0,3985
sea-lion-gemma,sighan_pku,core,57396845ccc1ddafc1eb1e2b31320e9d7ca74bc6103a71416af4166cd7b534cf,b2a4d594aa65a829a81df1b6afce55ee-af9331ff81d8,c1-b1-a1,172733,135942,104372,125363,125359,62601,26857,7196,39288,40874,91402,71741,82164,6984,4,0,0,0,0,1944
sea-lion-gemma,sighan_pku,legal,57396845ccc1ddafc1eb1e2b31320e9d7ca74bc6103a71416af4166cd7b534cf,b2a4d594aa65a829a81df1b6afce55ee-af9331ff81d8,c1-b1-a1,172733,170789,104372,125363,125359,94507,28908,7921,39453,68723,125359,104372,82164,7656,4,0,0,0,0,1944
sea-lion-gemma,sighan_pku,raw,57396845ccc1ddafc1eb1e2b31320e9d7ca74bc6103a71416af4166cd7b534cf,b2a4d594aa65a829a81df1b6afce55ee-af9331ff81d8,c1-b1-a1,172733,170789,104372,125363,125359,94507,28908,7921,39453,68723,125359,104372,82164,7656,4,0,0,0,0,1944
sea-lion-gemma,ud_th_pud,core,57396845ccc1ddafc1eb1e2b31320e9d7ca74bc6103a71416af4166cd7b534cf,4b0e1b9bb0262e2aedf915e4322e9c30-af9331ff81d8,c1-b1-a1,98318,50336,22330,40648,40648,17951,11207,930,20248,12233,30158,19881,13499,930,0,7565,0,0,0,1000
sea-lion-gemma,ud_th_pud,legal,57396845ccc1ddafc1eb1e2b31320e9d7ca74bc6103a71416af4166cd7b534cf,4b0e1b9bb0262e2aedf915e4322e9c30-af9331ff81d8,c1-b1-a1,98318,55046,22330,40648,40648,20778,11305,2708,20255,13350,33083,24486,13499,2705,0,7565,0,0,0,1000
sea-lion-gemma,ud_th_pud,raw,57396845ccc1ddafc1eb1e2b31320e9d7ca74bc6103a71416af4166cd7b534cf,4b0e1b9bb0262e2aedf915e4322e9c30-af9331ff81d8,c1-b1-a1,98318,97318,22330,40648,40648,20778,18870,2708,54962,11991,40648,24486,13499,2705,0,7565,0,0,0,1000
sea-lion-gemma,ud_yue_hk,core,57396845ccc1ddafc1eb1e2b31320e9d7ca74bc6103a71416af4166cd7b534cf,c57eef85e9d45467b37b16a74061fa07-af9331ff81d8,c1-b1-a1,18633,12998,13918,15719,15682,7909,2245,530,2314,6572,11158,9443,11903,520,37,0,0,0,0,1004
sea-lion-gemma,ud_yue_hk,legal,57396845ccc1ddafc1eb1e2b31320e9d7ca74bc6103a71416af4166cd7b534cf,c57eef85e9d45467b37b16a74061fa07-af9331ff81d8,c1-b1-a1,18633,17629,13918,15719,15682,12352,2326,563,2388,10830,15682,13919,11903,553,37,0,0,0,0,1004
sea-lion-gemma,ud_yue_hk,raw,57396845ccc1ddafc1eb1e2b31320e9d7ca74bc6103a71416af4166cd7b534cf,c57eef85e9d45467b37b16a74061fa07-af9331ff81d8,c1-b1-a1,18633,17629,13918,15719,15682,12352,2326,563,2388,10830,15682,13919,11903,553,37,0,0,0,0,1004
sea-lion-gemma,ud_zh_gsd,core,57396845ccc1ddafc1eb1e2b31320e9d7ca74bc6103a71416af4166cd7b534cf,8cac770ebc7b997f152fcbf748555fd2-af9331ff81d8,c1-b1-a1,19235,15035,12010,15185,15181,7164,3925,775,3171,4472,11589,8439,8977,748,4,0,0,0,0,500
sea-lion-gemma,ud_zh_gsd,legal,57396845ccc1ddafc1eb1e2b31320e9d7ca74bc6103a71416af4166cd7b534cf,8cac770ebc7b997f152fcbf748555fd2-af9331ff81d8,c1-b1-a1,19235,18735,12010,15185,15181,10656,4025,883,3171,7470,15181,12039,8977,855,4,0,0,0,0,500
sea-lion-gemma,ud_zh_gsd,raw,57396845ccc1ddafc1eb1e2b31320e9d7ca74bc6103a71416af4166cd7b534cf,8cac770ebc7b997f152fcbf748555fd2-af9331ff81d8,c1-b1-a1,19235,18735,12010,15185,15181,10656,4025,883,3171,7470,15181,12039,8977,855,4,0,0,0,0,500
sea-lion-gemma,ud_zh_gsdsimp,core,57396845ccc1ddafc1eb1e2b31320e9d7ca74bc6103a71416af4166cd7b534cf,6f25aa75467198a1068703ba7201892f-af9331ff81d8,c1-b1-a1,19235,15035,12010,14473,14467,6958,3417,981,3679,4530,10875,8439,9459,939,6,0,0,0,0,500
sea-lion-gemma,ud_zh_gsdsimp,legal,57396845ccc1ddafc1eb1e2b31320e9d7ca74bc6103a71416af4166cd7b534cf,6f25aa75467198a1068703ba7201892f-af9331ff81d8,c1-b1-a1,19235,18735,12010,14473,14467,10450,3517,1089,3679,7551,14467,12039,9459,1046,6,0,0,0,0,500
sea-lion-gemma,ud_zh_gsdsimp,raw,57396845ccc1ddafc1eb1e2b31320e9d7ca74bc6103a71416af4166cd7b534cf,6f25aa75467198a1068703ba7201892f-af9331ff81d8,c1-b1-a1,19235,18735,12010,14473,14467,10450,3517,1089,3679,7551,14467,12039,9459,1046,6,0,0,0,0,500
sea-lion-gemma,ud_zh_hk,core,57396845ccc1ddafc1eb1e2b31320e9d7ca74bc6103a71416af4166cd7b534cf,3b03a30f7f07a74d502e63ab7b2158b1-af9331ff81d8,c1-b1-a1,14063,10547,9874,10208,10208,5431,1366,1022,2728,4494,7801,7457,8729,978,0,0,0,0,0,1004
sea-lion-gemma,ud_zh_hk,legal,57396845ccc1ddafc1eb1e2b31320e9d7ca74bc6103a71416af4166cd7b534cf,3b03a30f7f07a74d502e63ab7b2158b1-af9331ff81d8,c1-b1-a1,14063,13059,9874,10208,10208,7802,1402,1068,2787,6728,10208,9874,8729,1024,0,0,0,0,0,1004
sea-lion-gemma,ud_zh_hk,raw,57396845ccc1ddafc1eb1e2b31320e9d7ca74bc6103a71416af4166cd7b534cf,3b03a30f7f07a74d502e63ab7b2158b1-af9331ff81d8,c1-b1-a1,14063,13059,9874,10208,10208,7802,1402,1068,2787,6728,10208,9874,8729,1024,0,0,0,0,0,1004
sea-lion-gemma,vistec_th,core,57396845ccc1ddafc1eb1e2b31320e9d7ca74bc6103a71416af4166cd7b534cf,bed5ca30c44920d580dad8f82cb8699a-af9331ff81d8,c1-b1-a1,1392530,681825,337977,570537,570537,241840,131844,13987,294154,171780,378684,260827,207691,13986,0,93588,0,0,0,5000
sea-lion-gemma,vistec_th,legal,57396845ccc1ddafc1eb1e2b31320e9d7ca74bc6103a71416af4166cd7b534cf,bed5ca30c44920d580dad8f82cb8699a-af9331ff81d8,c1-b1-a1,1392530,842412,337977,570537,570537,322651,149298,73339,297124,199236,476949,400990,207691,73132,0,93588,0,0,0,5000
sea-lion-gemma,vistec_th,raw,57396845ccc1ddafc1eb1e2b31320e9d7ca74bc6103a71416af4166cd7b534cf,bed5ca30c44920d580dad8f82cb8699a-af9331ff81d8,c1-b1-a1,1392530,1387530,337977,570537,570537,322732,242805,73370,748623,175501,570537,401102,207691,73161,0,93588,0,0,0,5000
sea-lion-gemma,wisesight1000,core,57396845ccc1ddafc1eb1e2b31320e9d7ca74bc6103a71416af4166cd7b534cf,db4e643f660267c46562963d21e2ca5d-af9331ff81d8,c1-b1-a1,75135,35989,18790,31913,31913,12112,6651,608,16618,9264,19756,13713,11568,608,0,5873,0,0,0,993
sea-lion-gemma,wisesight1000,legal,57396845ccc1ddafc1eb1e2b31320e9d7ca74bc6103a71416af4166cd7b534cf,db4e643f660267c46562963d21e2ca5d-af9331ff81d8,c1-b1-a1,75135,46265,18790,31913,31913,17504,7543,4218,17000,11131,26040,22715,11568,4188,0,5873,0,0,0,993
sea-lion-gemma,wisesight1000,raw,57396845ccc1ddafc1eb1e2b31320e9d7ca74bc6103a71416af4166cd7b534cf,db4e643f660267c46562963d21e2ca5d-af9331ff81d8,c1-b1-a1,75135,74142,18790,31913,31913,17516,13404,4221,39001,9462,31913,22730,11568,4191,0,5873,0,0,0,993
smollm2,alt_km,core,86fa098fd98f1da8091802b560bbbd707e6b6865e8ce29eb1c6cb56cd7da5376,57adf94bc86a52a59e4151d41cf87c72-af9331ff81d8,c1-b1-a1,699986,349503,177585,1515853,692989,154142,189224,0,6137,31138,348366,159142,10840,0,822864,325103,0,0,0,5000
smollm2,alt_km,legal,86fa098fd98f1da8091802b560bbbd707e6b6865e8ce29eb1c6cb56cd7da5376,57adf94bc86a52a59e4151d41cf87c72-af9331ff81d8,c1-b1-a1,699986,369883,177585,1515853,692989,172501,190385,763,6234,43447,367886,178264,10840,762,822864,325103,0,0,0,5000
smollm2,alt_km,raw,86fa098fd98f1da8091802b560bbbd707e6b6865e8ce29eb1c6cb56cd7da5376,57adf94bc86a52a59e4151d41cf87c72-af9331ff81d8,c1-b1-a1,699986,694986,177585,1515853,692989,172502,515487,763,6234,10177,692989,178265,10840,762,822864,325103,0,0,0,5000
smollm2,hkcancor_d,core,86fa098fd98f1da8091802b560bbbd707e6b6865e8ce29eb1c6cb56cd7da5376,f318a47addd2c515077cf9aec2e1f445-af9331ff81d8,c1-b1-a1,2858,1962,2445,6404,2850,1554,403,0,5,1452,2214,1811,2068,0,3554,0,0,0,0,257
smollm2,hkcancor_d,legal,86fa098fd98f1da8091802b560bbbd707e6b6865e8ce29eb1c6cb56cd7da5376,f318a47addd2c515077cf9aec2e1f445-af9331ff81d8,c1-b1-a1,2858,2601,2445,6404,2850,2185,408,3,5,2062,2850,2445,2068,3,3554,0,0,0,0,257
smollm2,hkcancor_d,raw,86fa098fd98f1da8091802b560bbbd707e6b6865e8ce29eb1c6cb56cd7da5376,f318a47addd2c515077cf9aec2e1f445-af9331ff81d8,c1-b1-a1,2858,2601,2445,6404,2850,2185,408,3,5,2062,2850,2445,2068,3,3554,0,0,0,0,257
smollm2,hkcancor_p,core,86fa098fd98f1da8091802b560bbbd707e6b6865e8ce29eb1c6cb56cd7da5376,edbbd3fee436612fbcab80d64f4359d8-af9331ff81d8,c1-b1-a1,2858,1962,2178,6404,2850,1311,646,0,5,1034,2214,1568,1599,0,3554,0,0,0,0,257
smollm2,hkcancor_p,legal,86fa098fd98f1da8091802b560bbbd707e6b6865e8ce29eb1c6cb56cd7da5376,edbbd3fee436612fbcab80d64f4359d8-af9331ff81d8,c1-b1-a1,2858,2601,2178,6404,2850,1918,675,3,5,1593,2850,2178,1599,3,3554,0,0,0,0,257
smollm2,hkcancor_p,raw,86fa098fd98f1da8091802b560bbbd707e6b6865e8ce29eb1c6cb56cd7da5376,edbbd3fee436612fbcab80d64f4359d8-af9331ff81d8,c1-b1-a1,2858,2601,2178,6404,2850,1918,675,3,5,1593,2850,2178,1599,3,3554,0,0,0,0,257
smollm2,hkcancor_s,core,86fa098fd98f1da8091802b560bbbd707e6b6865e8ce29eb1c6cb56cd7da5376,b8ddbfc684e40364d686881c7f75b390-af9331ff81d8,c1-b1-a1,2858,1962,2178,6404,2850,1311,646,0,5,1034,2214,1568,1599,0,3554,0,0,0,0,257
smollm2,hkcancor_s,legal,86fa098fd98f1da8091802b560bbbd707e6b6865e8ce29eb1c6cb56cd7da5376,b8ddbfc684e40364d686881c7f75b390-af9331ff81d8,c1-b1-a1,2858,2601,2178,6404,2850,1918,675,3,5,1593,2850,2178,1599,3,3554,0,0,0,0,257
smollm2,hkcancor_s,raw,86fa098fd98f1da8091802b560bbbd707e6b6865e8ce29eb1c6cb56cd7da5376,b8ddbfc684e40364d686881c7f75b390-af9331ff81d8,c1-b1-a1,2858,2601,2178,6404,2850,1918,675,3,5,1593,2850,2178,1599,3,3554,0,0,0,0,257
smollm2,khpos,core,86fa098fd98f1da8091802b560bbbd707e6b6865e8ce29eb1c6cb56cd7da5376,db07f6e38fbdec98e108f08272cddb44-af9331ff81d8,c1-b1-a1,50072,24146,10778,111142,50065,9183,14963,0,0,2000,25146,10183,627,0,61077,24166,0,0,0,1000
smollm2,khpos,legal,86fa098fd98f1da8091802b560bbbd707e6b6865e8ce29eb1c6cb56cd7da5376,db07f6e38fbdec98e108f08272cddb44-af9331ff81d8,c1-b1-a1,50072,24906,10778,111142,50065,9774,15125,3,4,2539,25899,10777,627,3,61077,24166,0,0,0,1000
smollm2,khpos,raw,86fa098fd98f1da8091802b560bbbd707e6b6865e8ce29eb1c6cb56cd7da5376,db07f6e38fbdec98e108f08272cddb44-af9331ff81d8,c1-b1-a1,50072,49072,10778,111142,50065,9775,39290,3,4,621,50065,10778,627,3,61077,24166,0,0,0,1000
smollm2,osf_cwsa_zh,core,86fa098fd98f1da8091802b560bbbd707e6b6865e8ce29eb1c6cb56cd7da5376,40a6e2b75aed4185096260b399664383-af9331ff81d8,c1-b1-a1,10310,9313,5425,21076,10307,4428,4882,0,3,1168,9810,4928,1665,0,10769,0,0,0,0,500
smollm2,osf_cwsa_zh,legal,86fa098fd98f1da8091802b560bbbd707e6b6865e8ce29eb1c6cb56cd7da5376,40a6e2b75aed4185096260b399664383-af9331ff81d8,c1-b1-a1,10310,9810,5425,21076,10307,4925,4882,0,3,1665,10307,5425,1665,0,10769,0,0,0,0,500
smollm2,osf_cwsa_zh,raw,86fa098fd98f1da8091802b560bbbd707e6b6865e8ce29eb1c6cb56cd7da5376,40a6e2b75aed4185096260b399664383-af9331ff81d8,c1-b1-a1,10310,9810,5425,21076,10307,4925,4882,0,3,1665,10307,5425,1665,0,10769,0,0,0,0,500
smollm2,sighan_as,core,86fa098fd98f1da8091802b560bbbd707e6b6865e8ce29eb1c6cb56cd7da5376,2be63cd08c949b44cd6e9a69edbec5fc-af9331ff81d8,c1-b1-a1,68582,54820,42425,136576,68343,29089,25500,0,231,13769,59589,34089,21119,0,68233,0,0,0,0,5000
smollm2,sighan_as,legal,86fa098fd98f1da8091802b560bbbd707e6b6865e8ce29eb1c6cb56cd7da5376,2be63cd08c949b44cd6e9a69edbec5fc-af9331ff81d8,c1-b1-a1,68582,63582,42425,136576,68343,37424,25919,1,238,21117,68343,42425,21119,1,68233,0,0,0,0,5000
smollm2,sighan_as,raw,86fa098fd98f1da8091802b560bbbd707e6b6865e8ce29eb1c6cb56cd7da5376,2be63cd08c949b44cd6e9a69edbec5fc-af9331ff81d8,c1-b1-a1,68582,63582,42425,136576,68343,37424,25919,1,238,21117,68343,42425,21119,1,68233,0,0,0,0,5000
smollm2,sighan_cityu,core,86fa098fd98f1da8091802b560bbbd707e6b6865e8ce29eb1c6cb56cd7da5376,58581cf718d59e4d15084352ad65b879-af9331ff81d8,c1-b1-a1,67689,53468,40936,135480,67332,27144,25987,12,325,9752,54623,28648,19172,12,68148,0,0,0,0,1492
smollm2,sighan_cityu,legal,86fa098fd98f1da8091802b560bbbd707e6b6865e8ce29eb1c6cb56cd7da5376,58581cf718d59e4d15084352ad65b879-af9331ff81d8,c1-b1-a1,67689,66197,40936,135480,67332,39431,26409,13,344,19164,67332,40936,19172,13,68148,0,0,0,0,1492
smollm2,sighan_cityu,raw,86fa098fd98f1da8091802b560bbbd707e6b6865e8ce29eb1c6cb56cd7da5376,58581cf718d59e4d15084352ad65b879-af9331ff81d8,c1-b1-a1,67689,66197,40936,135480,67332,39431,26409,13,344,19164,67332,40936,19172,13,68148,0,0,0,0,1492
smollm2,sighan_msr,core,86fa098fd98f1da8091802b560bbbd707e6b6865e8ce29eb1c6cb56cd7da5376,0560e07eb0101afa53c16a255caaa319-af9331ff81d8,c1-b1-a1,184355,146372,106873,335535,183909,71669,74397,0,306,25000,150051,75654,48318,0,151626,0,0,0,0,3985
smollm2,sighan_msr,legal,86fa098fd98f1da8091802b560bbbd707e6b6865e8ce29eb1c6cb56cd7da5376,0560e07eb0101afa53c16a255caaa319-af9331ff81d8,c1-b1-a1,184355,180370,106873,335535,183909,102748,77176,140,306,48093,183909,106873,48318,85,151626,0,0,0,0,3985
smollm2,sighan_msr,raw,86fa098fd98f1da8091802b560bbbd707e6b6865e8ce29eb1c6cb56cd7da5376,0560e07eb0101afa53c16a255caaa319-af9331ff81d8,c1-b1-a1,184355,180370,106873,335535,183909,102748,77176,140,306,48093,183909,106873,48318,85,151626,0,0,0,0,3985
smollm2,sighan_pku,core,86fa098fd98f1da8091802b560bbbd707e6b6865e8ce29eb1c6cb56cd7da5376,b2a4d594aa65a829a81df1b6afce55ee-af9331ff81d8,c1-b1-a1,172733,135942,104372,312253,172307,69780,65834,17,311,23877,137558,71741,47739,17,139946,0,0,0,0,1944
smollm2,sighan_pku,legal,86fa098fd98f1da8091802b560bbbd707e6b6865e8ce29eb1c6cb56cd7da5376,b2a4d594aa65a829a81df1b6afce55ee-af9331ff81d8,c1-b1-a1,172733,170789,104372,312253,172307,102404,67959,24,402,47715,172307,104372,47739,24,139946,0,0,0,0,1944
smollm2,sighan_pku,raw,86fa098fd98f1da8091802b560bbbd707e6b6865e8ce29eb1c6cb56cd7da5376,b2a4d594aa65a829a81df1b6afce55ee-af9331ff81d8,c1-b1-a1,172733,170789,104372,312253,172307,102404,67959,24,402,47715,172307,104372,47739,24,139946,0,0,0,0,1944
smollm2,ud_th_pud,core,86fa098fd98f1da8091802b560bbbd707e6b6865e8ce29eb1c6cb56cd7da5376,4b0e1b9bb0262e2aedf915e4322e9c30-af9331ff81d8,c1-b1-a1,98318,50336,22330,181251,98051,18881,31340,0,115,6254,51221,19881,500,0,83200,42272,0,0,0,1000
smollm2,ud_th_pud,legal,86fa098fd98f1da8091802b560bbbd707e6b6865e8ce29eb1c6cb56cd7da5376,4b0e1b9bb0262e2aedf915e4322e9c30-af9331ff81d8,c1-b1-a1,98318,55046,22330,181251,98051,23341,31438,145,122,9523,55779,24486,500,143,83200,42272,0,0,0,1000
smollm2,ud_th_pud,raw,86fa098fd98f1da8091802b560bbbd707e6b6865e8ce29eb1c6cb56cd7da5376,4b0e1b9bb0262e2aedf915e4322e9c30-af9331ff81d8,c1-b1-a1,98318,97318,22330,181251,98051,23341,73710,145,122,2387,98051,24486,500,143,83200,42272,0,0,0,1000
smollm2,ud_yue_hk,core,86fa098fd98f1da8091802b560bbbd707e6b6865e8ce29eb1c6cb56cd7da5376,c57eef85e9d45467b37b16a74061fa07-af9331ff81d8,c1-b1-a1,18633,12998,13918,37846,18323,8439,4324,0,235,5767,13767,9443,9972,0,19523,0,0,0,0,1004
smollm2,ud_yue_hk,legal,86fa098fd98f1da8091802b560bbbd707e6b6865e8ce29eb1c6cb56cd7da5376,c57eef85e9d45467b37b16a74061fa07-af9331ff81d8,c1-b1-a1,18633,17629,13918,37846,18323,12914,4405,1,309,9971,18323,13919,9972,1,19523,0,0,0,0,1004
smollm2,ud_yue_hk,raw,86fa098fd98f1da8091802b560bbbd707e6b6865e8ce29eb1c6cb56cd7da5376,c57eef85e9d45467b37b16a74061fa07-af9331ff81d8,c1-b1-a1,18633,17629,13918,37846,18323,12914,4405,1,309,9971,18323,13919,9972,1,19523,0,0,0,0,1004
smollm2,ud_zh_gsd,core,86fa098fd98f1da8091802b560bbbd707e6b6865e8ce29eb1c6cb56cd7da5376,8cac770ebc7b997f152fcbf748555fd2-af9331ff81d8,c1-b1-a1,19235,15035,12010,36399,18942,7939,6832,0,264,3351,15271,8439,6195,0,17457,0,0,0,0,500
smollm2,ud_zh_gsd,legal,86fa098fd98f1da8091802b560bbbd707e6b6865e8ce29eb1c6cb56cd7da5376,8cac770ebc7b997f152fcbf748555fd2-af9331ff81d8,c1-b1-a1,19235,18735,12010,36399,18942,11510,6932,29,264,6174,18942,12039,6195,29,17457,0,0,0,0,500
smollm2,ud_zh_gsd,raw,86fa098fd98f1da8091802b560bbbd707e6b6865e8ce29eb1c6cb56cd7da5376,8cac770ebc7b997f152fcbf748555fd2-af9331ff81d8,c1-b1-a1,19235,18735,12010,36399,18942,11510,6932,29,264,6174,18942,12039,6195,29,17457,0,0,0,0,500
smollm2,ud_zh_gsdsimp,core,86fa098fd98f1da8091802b560bbbd707e6b6865e8ce29eb1c6cb56cd7da5376,6f25aa75467198a1068703ba7201892f-af9331ff81d8,c1-b1-a1,19235,15035,12010,33630,18910,7907,6832,32,264,3291,15239,8439,6195,32,14720,0,0,0,0,500
smollm2,ud_zh_gsdsimp,legal,86fa098fd98f1da8091802b560bbbd707e6b6865e8ce29eb1c6cb56cd7da5376,6f25aa75467198a1068703ba7201892f-af9331ff81d8,c1-b1-a1,19235,18735,12010,33630,18910,11478,6932,61,264,6112,18910,12039,6195,61,14720,0,0,0,0,500
smollm2,ud_zh_gsdsimp,raw,86fa098fd98f1da8091802b560bbbd707e6b6865e8ce29eb1c6cb56cd7da5376,6f25aa75467198a1068703ba7201892f-af9331ff81d8,c1-b1-a1,19235,18735,12010,33630,18910,11478,6932,61,264,6112,18910,12039,6195,61,14720,0,0,0,0,500
smollm2,ud_zh_hk,core,86fa098fd98f1da8091802b560bbbd707e6b6865e8ce29eb1c6cb56cd7da5376,3b03a30f7f07a74d502e63ab7b2158b1-af9331ff81d8,c1-b1-a1,14063,10547,9874,27014,13880,6453,3970,0,124,4108,11427,7457,6301,0,13134,0,0,0,0,1004
smollm2,ud_zh_hk,legal,86fa098fd98f1da8091802b560bbbd707e6b6865e8ce29eb1c6cb56cd7da5376,3b03a30f7f07a74d502e63ab7b2158b1-af9331ff81d8,c1-b1-a1,14063,13059,9874,27014,13880,8870,4006,0,183,6301,13880,9874,6301,0,13134,0,0,0,0,1004
smollm2,ud_zh_hk,raw,86fa098fd98f1da8091802b560bbbd707e6b6865e8ce29eb1c6cb56cd7da5376,3b03a30f7f07a74d502e63ab7b2158b1-af9331ff81d8,c1-b1-a1,14063,13059,9874,27014,13880,8870,4006,0,183,6301,13880,9874,6301,0,13134,0,0,0,0,1004
smollm2,vistec_th,core,86fa098fd98f1da8091802b560bbbd707e6b6865e8ce29eb1c6cb56cd7da5376,bed5ca30c44920d580dad8f82cb8699a-af9331ff81d8,c1-b1-a1,1392530,681825,337977,2422184,1330396,255822,383175,5,42823,94154,643997,260827,13483,5,1091788,545118,0,0,0,5000
smollm2,vistec_th,legal,86fa098fd98f1da8091802b560bbbd707e6b6865e8ce29eb1c6cb56cd7da5376,bed5ca30c44920d580dad8f82cb8699a-af9331ff81d8,c1-b1-a1,1392530,842412,337977,2422184,1330396,379177,401101,16813,45321,174908,785278,400990,13483,16789,1091788,545118,0,0,0,5000
smollm2,vistec_th,raw,86fa098fd98f1da8091802b560bbbd707e6b6865e8ce29eb1c6cb56cd7da5376,bed5ca30c44920d580dad8f82cb8699a-af9331ff81d8,c1-b1-a1,1392530,1387530,337977,2422184,1330396,379289,946107,16813,45321,54077,1330396,401102,13483,16789,1091788,545118,0,0,0,5000
smollm2,wisesight1000,core,86fa098fd98f1da8091802b560bbbd707e6b6865e8ce29eb1c6cb56cd7da5376,db4e643f660267c46562963d21e2ca5d-af9331ff81d8,c1-b1-a1,75135,35989,18790,125872,69972,12711,19551,9,3718,4628,33255,13713,1579,9,55900,27877,0,0,0,993
smollm2,wisesight1000,legal,86fa098fd98f1da8091802b560bbbd707e6b6865e8ce29eb1c6cb56cd7da5376,db4e643f660267c46562963d21e2ca5d-af9331ff81d8,c1-b1-a1,75135,46265,18790,125872,69972,20594,20508,1128,4035,9536,42095,22715,1579,1121,55900,27877,0,0,0,993
smollm2,wisesight1000,raw,86fa098fd98f1da8091802b560bbbd707e6b6865e8ce29eb1c6cb56cd7da5376,db4e643f660267c46562963d21e2ca5d-af9331ff81d8,c1-b1-a1,75135,74142,18790,125872,69972,20609,48370,1128,4035,3666,69972,22730,1579,1121,55900,27877,0,0,0,993
tekken,alt_km,core,b5bb04d01de5f705e9a9baee9711bf3b8b51a7f90fc9d3317580ada26089aeb1,57adf94bc86a52a59e4151d41cf87c72-af9331ff81d8,c1-b1-a1,699986,349503,177585,2036286,692738,154142,189134,0,6227,31139,348276,159142,10900,0,1343548,325103,0,0,0,5000
tekken,alt_km,legal,b5bb04d01de5f705e9a9baee9711bf3b8b51a7f90fc9d3317580ada26089aeb1,57adf94bc86a52a59e4151d41cf87c72-af9331ff81d8,c1-b1-a1,699986,369883,177585,2036286,692738,172401,190234,863,6385,43385,367635,178264,10900,861,1343548,325103,0,0,0,5000
tekken,alt_km,raw,b5bb04d01de5f705e9a9baee9711bf3b8b51a7f90fc9d3317580ada26089aeb1,57adf94bc86a52a59e4151d41cf87c72-af9331ff81d8,c1-b1-a1,699986,694986,177585,2036286,692738,172402,515336,863,6385,10115,692738,178265,10900,861,1343548,325103,0,0,0,5000
tekken,hkcancor_d,core,b5bb04d01de5f705e9a9baee9711bf3b8b51a7f90fc9d3317580ada26089aeb1,f318a47addd2c515077cf9aec2e1f445-af9331ff81d8,c1-b1-a1,2858,1962,2445,4082,2795,1541,361,13,47,1468,2159,1811,2108,12,1287,0,0,1,0,257
tekken,hkcancor_d,legal,b5bb04d01de5f705e9a9baee9711bf3b8b51a7f90fc9d3317580ada26089aeb1,f318a47addd2c515077cf9aec2e1f445-af9331ff81d8,c1-b1-a1,2858,2601,2445,4082,2795,2172,366,16,47,2080,2795,2445,2108,15,1287,0,0,1,0,257
tekken,hkcancor_d,raw,b5bb04d01de5f705e9a9baee9711bf3b8b51a7f90fc9d3317580ada26089aeb1,f318a47addd2c515077cf9aec2e1f445-af9331ff81d8,c1-b1-a1,2858,2601,2445,4082,2795,2172,366,16,47,2080,2795,2445,2108,15,1287,0,0,1,0,257
tekken,hkcancor_p,core,b5bb04d01de5f705e9a9baee9711bf3b8b51a7f90fc9d3317580ada26089aeb1,edbbd3fee436612fbcab80d64f4359d8-af9331ff81d8,c1-b1-a1,2858,1962,2178,4082,2795,1302,600,9,51,1060,2159,1568,1638,9,1287,0,0,1,0,257
tekken,hkcancor_p,legal,b5bb04d01de5f705e9a9baee9711bf3b8b51a7f90fc9d3317580ada26089aeb1,edbbd3fee436612fbcab80d64f4359d8-af9331ff81d8,c1-b1-a1,2858,2601,2178,4082,2795,1909,629,12,51,1621,2795,2178,1638,12,1287,0,0,1,0,257
tekken,hkcancor_p,raw,b5bb04d01de5f705e9a9baee9711bf3b8b51a7f90fc9d3317580ada26089aeb1,edbbd3fee436612fbcab80d64f4359d8-af9331ff81d8,c1-b1-a1,2858,2601,2178,4082,2795,1909,629,12,51,1621,2795,2178,1638,12,1287,0,0,1,0,257
tekken,hkcancor_s,core,b5bb04d01de5f705e9a9baee9711bf3b8b51a7f90fc9d3317580ada26089aeb1,b8ddbfc684e40364d686881c7f75b390-af9331ff81d8,c1-b1-a1,2858,1962,2178,4082,2795,1302,600,9,51,1060,2159,1568,1638,9,1287,0,0,1,0,257
tekken,hkcancor_s,legal,b5bb04d01de5f705e9a9baee9711bf3b8b51a7f90fc9d3317580ada26089aeb1,b8ddbfc684e40364d686881c7f75b390-af9331ff81d8,c1-b1-a1,2858,2601,2178,4082,2795,1909,629,12,51,1621,2795,2178,1638,12,1287,0,0,1,0,257
tekken,hkcancor_s,raw,b5bb04d01de5f705e9a9baee9711bf3b8b51a7f90fc9d3317580ada26089aeb1,b8ddbfc684e40364d686881c7f75b390-af9331ff81d8,c1-b1-a1,2858,2601,2178,4082,2795,1909,629,12,51,1621,2795,2178,1638,12,1287,0,0,1,0,257
tekken,khpos,core,b5bb04d01de5f705e9a9baee9711bf3b8b51a7f90fc9d3317580ada26089aeb1,db07f6e38fbdec98e108f08272cddb44-af9331ff81d8,c1-b1-a1,50072,24146,10778,148924,50063,9183,14963,0,0,2000,25146,10183,627,0,98861,24166,0,0,0,1000
tekken,khpos,legal,b5bb04d01de5f705e9a9baee9711bf3b8b51a7f90fc9d3317580ada26089aeb1,db07f6e38fbdec98e108f08272cddb44-af9331ff81d8,c1-b1-a1,50072,24906,10778,148924,50063,9772,15125,5,4,2535,25897,10777,627,5,98861,24166,0,0,0,1000
tekken,khpos,raw,b5bb04d01de5f705e9a9baee9711bf3b8b51a7f90fc9d3317580ada26089aeb1,db07f6e38fbdec98e108f08272cddb44-af9331ff81d8,c1-b1-a1,50072,49072,10778,148924,50063,9773,39290,5,4,617,50063,10778,627,5,98861,24166,0,0,0,1000
tekken,osf_cwsa_zh,core,b5bb04d01de5f705e9a9baee9711bf3b8b51a7f90fc9d3317580ada26089aeb1,40a6e2b75aed4185096260b399664383-af9331ff81d8,c1-b1-a1,10310,9313,5425,11089,9504,4338,4169,90,716,1585,9007,4928,2196,89,1585,0,0,6,0,500
tekken,osf_cwsa_zh,legal,b5bb04d01de5f705e9a9baee9711bf3b8b51a7f90fc9d3317580ada26089aeb1,40a6e2b75aed4185096260b399664383-af9331ff81d8,c1-b1-a1,10310,9810,5425,11089,9504,4835,4169,90,716,2082,9504,5425,2196,89,1585,0,0,6,0,500
tekken,osf_cwsa_zh,raw,b5bb04d01de5f705e9a9baee9711bf3b8b51a7f90fc9d3317580ada26089aeb1,40a6e2b75aed4185096260b399664383-af9331ff81d8,c1-b1-a1,10310,9810,5425,11089,9504,4835,4169,90,716,2082,9504,5425,2196,89,1585,0,0,6,0,500
tekken,sighan_as,core,b5bb04d01de5f705e9a9baee9711bf3b8b51a7f90fc9d3317580ada26089aeb1,2be63cd08c949b44cd6e9a69edbec5fc-af9331ff81d8,c1-b1-a1,68582,54820,42425,73207,63214,28241,21461,848,4270,15827,54702,34089,24708,830,9993,0,0,7,0,5000
tekken,sighan_as,legal,b5bb04d01de5f705e9a9baee9711bf3b8b51a7f90fc9d3317580ada26089aeb1,2be63cd08c949b44cd6e9a69edbec5fc-af9331ff81d8,c1-b1-a1,68582,63582,42425,73207,63214,36338,21876,1087,4281,22907,63214,42425,24708,1053,9993,0,0,7,0,5000
tekken,sighan_as,raw,b5bb04d01de5f705e9a9baee9711bf3b8b51a7f90fc9d3317580ada26089aeb1,2be63cd08c949b44cd6e9a69edbec5fc-af9331ff81d8,c1-b1-a1,68582,63582,42425,73207,63214,36338,21876,1087,4281,22907,63214,42425,24708,1053,9993,0,0,7,0,5000
tekken,sighan_cityu,core,b5bb04d01de5f705e9a9baee9711bf3b8b51a7f90fc9d3317580ada26089aeb1,58581cf718d59e4d15084352ad65b879-af9331ff81d8,c1-b1-a1,67689,53468,40936,71405,62503,26458,22190,698,4122,11320,50140,28648,22485,689,8902,0,0,19,0,1492
tekken,sighan_cityu,legal,b5bb04d01de5f705e9a9baee9711bf3b8b51a7f90fc9d3317580ada26089aeb1,58581cf718d59e4d15084352ad65b879-af9331ff81d8,c1-b1-a1,67689,66197,40936,71405,62503,38403,22608,1041,4145,20667,62503,40936,22485,1020,8902,0,0,19,0,1492
tekken,sighan_cityu,raw,b5bb04d01de5f705e9a9baee9711bf3b8b51a7f90fc9d3317580ada26089aeb1,58581cf718d59e4d15084352ad65b879-af9331ff81d8,c1-b1-a1,67689,66197,40936,71405,62503,38403,22608,1041,4145,20667,62503,40936,22485,1020,8902,0,0,19,0,1492
tekken,sighan_msr,core,b5bb04d01de5f705e9a9baee9711bf3b8b51a7f90fc9d3317580ada26089aeb1,0560e07eb0101afa53c16a255caaa319-af9331ff81d8,c1-b1-a1,184355,146372,106873,178936,164694,70081,57694,1588,17009,33260,131760,75654,61646,1536,14242,0,0,4,0,3985
tekken,sighan_msr,legal,b5bb04d01de5f705e9a9baee9711bf3b8b51a7f90fc9d3317580ada26089aeb1,0560e07eb0101afa53c16a255caaa319-af9331ff81d8,c1-b1-a1,184355,180370,106873,178936,164694,100238,60471,2650,17011,57315,164694,106873,61646,2477,14242,0,0,4,0,3985
tekken,sighan_msr,raw,b5bb04d01de5f705e9a9baee9711bf3b8b51a7f90fc9d3317580ada26089aeb1,0560e07eb0101afa53c16a255caaa319-af9331ff81d8,c1-b1-a1,184355,180370,106873,178936,164694,100238,60471,2650,17011,57315,164694,106873,61646,2477,14242,0,0,4,0,3985
tekken,sighan_pku,core,b5bb04d01de5f705e9a9baee9711bf3b8b51a7f90fc9d3317580ada26089aeb1,b2a4d594aa65a829a81df1b6afce55ee-af9331ff81d8,c1-b1-a1,172733,135942,104372,166598,153517,67535,50368,2262,15777,31111,119847,71741,61328,2213,13081,0,0,27,0,1944
tekken,sighan_pku,legal,b5bb04d01de5f705e9a9baee9711bf3b8b51a7f90fc9d3317580ada26089aeb1,b2a4d594aa65a829a81df1b6afce55ee-af9331ff81d8,c1-b1-a1,172733,170789,104372,166598,153517,99099,52474,3329,15887,55737,153517,104372,61328,3203,13081,0,0,27,0,1944
tekken,sighan_pku,raw,b5bb04d01de5f705e9a9baee9711bf3b8b51a7f90fc9d3317580ada26089aeb1,b2a4d594aa65a829a81df1b6afce55ee-af9331ff81d8,c1-b1-a1,172733,170789,104372,166598,153517,99099,52474,3329,15887,55737,153517,104372,61328,3203,13081,0,0,27,0,1944
tekken,ud_th_pud,core,b5bb04d01de5f705e9a9baee9711bf3b8b51a7f90fc9d3317580ada26089aeb1,4b0e1b9bb0262e2aedf915e4322e9c30-af9331ff81d8,c1-b1-a1,98318,50336,22330,52702,52217,17603,14022,1278,17433,10460,32625,19881,7917,1278,485,16657,0,0,0,1000
tekken,ud_th_pud,legal,b5bb04d01de5f705e9a9baee9711bf3b8b51a7f90fc9d3317580ada26089aeb1,4b0e1b9bb0262e2aedf915e4322e9c30-af9331ff81d8,c1-b1-a1,98318,55046,22330,52702,52217,20441,14119,3045,17441,11521,35560,24486,7917,3037,485,16657,0,0,0,1000
tekken,ud_th_pud,raw,b5bb04d01de5f705e9a9baee9711bf3b8b51a7f90fc9d3317580ada26089aeb1,4b0e1b9bb0262e2aedf915e4322e9c30-af9331ff81d8,c1-b1-a1,98318,97318,22330,52702,52217,20441,30776,3045,43056,7430,52217,24486,7917,3037,485,16657,0,0,0,1000
tekken,ud_yue_hk,core,b5bb04d01de5f705e9a9baee9711bf3b8b51a7f90fc9d3317580ada26089aeb1,c57eef85e9d45467b37b16a74061fa07-af9331ff81d8,c1-b1-a1,18633,12998,13918,20954,17093,8364,3218,75,1341,6588,12586,9443,10997,75,3861,0,0,1,0,1004
tekken,ud_yue_hk,legal,b5bb04d01de5f705e9a9baee9711bf3b8b51a7f90fc9d3317580ada26089aeb1,c57eef85e9d45467b37b16a74061fa07-af9331ff81d8,c1-b1-a1,18633,17629,13918,20954,17093,12806,3283,109,1431,10798,17093,13919,10997,109,3861,0,0,1,0,1004
tekken,ud_yue_hk,raw,b5bb04d01de5f705e9a9baee9711bf3b8b51a7f90fc9d3317580ada26089aeb1,c57eef85e9d45467b37b16a74061fa07-af9331ff81d8,c1-b1-a1,18633,17629,13918,20954,17093,12806,3283,109,1431,10798,17093,13919,10997,109,3861,0,0,1,0,1004
tekken,ud_zh_gsd,core,b5bb04d01de5f705e9a9baee9711bf3b8b51a7f90fc9d3317580ada26089aeb1,8cac770ebc7b997f152fcbf748555fd2-af9331ff81d8,c1-b1-a1,19235,15035,12010,19415,17415,7689,5638,250,1458,3875,13827,8439,7301,247,2000,0,0,6,0,500
tekken,ud_zh_gsd,legal,b5bb04d01de5f705e9a9baee9711bf3b8b51a7f90fc9d3317580ada26089aeb1,8cac770ebc7b997f152fcbf748555fd2-af9331ff81d8,c1-b1-a1,19235,18735,12010,19415,17415,11178,5737,361,1459,6696,17415,12039,7301,357,2000,0,0,6,0,500
tekken,ud_zh_gsd,raw,b5bb04d01de5f705e9a9baee9711bf3b8b51a7f90fc9d3317580ada26089aeb1,8cac770ebc7b997f152fcbf748555fd2-af9331ff81d8,c1-b1-a1,19235,18735,12010,19415,17415,11178,5737,361,1459,6696,17415,12039,7301,357,2000,0,0,6,0,500
tekken,ud_zh_gsdsimp,core,b5bb04d01de5f705e9a9baee9711bf3b8b51a7f90fc9d3317580ada26089aeb1,6f25aa75467198a1068703ba7201892f-af9331ff81d8,c1-b1-a1,19235,15035,12010,18372,16936,7546,5318,393,1778,3867,13364,8439,7596,380,1436,0,0,7,0,500
tekken,ud_zh_gsdsimp,legal,b5bb04d01de5f705e9a9baee9711bf3b8b51a7f90fc9d3317580ada26089aeb1,6f25aa75467198a1068703ba7201892f-af9331ff81d8,c1-b1-a1,19235,18735,12010,18372,16936,11019,5417,520,1779,6692,16936,12039,7596,505,1436,0,0,7,0,500
tekken,ud_zh_gsdsimp,raw,b5bb04d01de5f705e9a9baee9711bf3b8b51a7f90fc9d3317580ada26089aeb1,6f25aa75467198a1068703ba7201892f-af9331ff81d8,c1-b1-a1,19235,18735,12010,18372,16936,11019,5417,520,1779,6692,16936,12039,7596,505,1436,0,0,7,0,500
tekken,ud_zh_hk,core,b5bb04d01de5f705e9a9baee9711bf3b8b51a7f90fc9d3317580ada26089aeb1,3b03a30f7f07a74d502e63ab7b2158b1-af9331ff81d8,c1-b1-a1,14063,10547,9874,13690,12258,6112,2749,341,1345,4521,9865,7457,7437,337,1432,0,0,1,0,1004
tekken,ud_zh_hk,legal,b5bb04d01de5f705e9a9baee9711bf3b8b51a7f90fc9d3317580ada26089aeb1,3b03a30f7f07a74d502e63ab7b2158b1-af9331ff81d8,c1-b1-a1,14063,13059,9874,13690,12258,8477,2777,393,1412,6702,12258,9874,7437,389,1432,0,0,1,0,1004
tekken,ud_zh_hk,raw,b5bb04d01de5f705e9a9baee9711bf3b8b51a7f90fc9d3317580ada26089aeb1,3b03a30f7f07a74d502e63ab7b2158b1-af9331ff81d8,c1-b1-a1,14063,13059,9874,13690,12258,8477,2777,393,1412,6702,12258,9874,7437,389,1432,0,0,1,0,1004
tekken,vistec_th,core,b5bb04d01de5f705e9a9baee9711bf3b8b51a7f90fc9d3317580ada26089aeb1,bed5ca30c44920d580dad8f82cb8699a-af9331ff81d8,c1-b1-a1,1392530,681825,337977,782208,775083,232732,187232,23095,238766,135104,424964,260827,97904,23094,7125,250981,0,3,0,5000
tekken,vistec_th,legal,b5bb04d01de5f705e9a9baee9711bf3b8b51a7f90fc9d3317580ada26089aeb1,bed5ca30c44920d580dad8f82cb8699a-af9331ff81d8,c1-b1-a1,1392530,842412,337977,782208,775083,314584,204518,81406,241904,162901,524102,400990,97904,81318,7125,250981,0,3,0,5000
tekken,vistec_th,raw,b5bb04d01de5f705e9a9baee9711bf3b8b51a7f90fc9d3317580ada26089aeb1,bed5ca30c44920d580dad8f82cb8699a-af9331ff81d8,c1-b1-a1,1392530,1387530,337977,782208,775083,314671,455412,81431,536016,89145,775083,401102,97904,81343,7125,250981,0,3,0,5000
tekken,wisesight1000,core,b5bb04d01de5f705e9a9baee9711bf3b8b51a7f90fc9d3317580ada26089aeb1,db4e643f660267c46562963d21e2ca5d-af9331ff81d8,c1-b1-a1,75135,35989,18790,43370,42524,11695,9498,1025,13771,7397,22186,13713,5576,1025,846,14095,0,0,0,993
tekken,wisesight1000,legal,b5bb04d01de5f705e9a9baee9711bf3b8b51a7f90fc9d3317580ada26089aeb1,db4e643f660267c46562963d21e2ca5d-af9331ff81d8,c1-b1-a1,75135,46265,18790,43370,42524,17122,10314,4600,14229,9290,28429,22715,5576,4583,846,14095,0,0,0,993
tekken,wisesight1000,raw,b5bb04d01de5f705e9a9baee9711bf3b8b51a7f90fc9d3317580ada26089aeb1,db4e643f660267c46562963d21e2ca5d-af9331ff81d8,c1-b1-a1,75135,74142,18790,43370,42524,17133,24398,4604,28007,4773,42524,22730,5576,4587,846,14095,0,0,0,993
typhoon2,alt_km,core,b6c57829210d74d67e40cdeafd2544f349e31e5140bad796130b38fcf96f0dd0,57adf94bc86a52a59e4151d41cf87c72-af9331ff81d8,c1-b1-a1,699986,349503,177585,1137723,578481,145377,139447,8765,55914,50418,289824,159142,12137,8765,559242,269303,0,0,0,5000
typhoon2,alt_km,legal,b6c57829210d74d67e40cdeafd2544f349e31e5140bad796130b38fcf96f0dd0,57adf94bc86a52a59e4151d41cf87c72-af9331ff81d8,c1-b1-a1,699986,369883,177585,1137723,578481,163630,140548,9634,56071,64618,309178,178264,12137,9632,559242,269303,0,0,0,5000
typhoon2,alt_km,raw,b6c57829210d74d67e40cdeafd2544f349e31e5140bad796130b38fcf96f0dd0,57adf94bc86a52a59e4151d41cf87c72-af9331ff81d8,c1-b1-a1,699986,694986,177585,1137723,578481,163631,409850,9634,111871,11303,578481,178265,12137,9632,559242,269303,0,0,0,5000
typhoon2,hkcancor_d,core,b6c57829210d74d67e40cdeafd2544f349e31e5140bad796130b38fcf96f0dd0,f318a47addd2c515077cf9aec2e1f445-af9331ff81d8,c1-b1-a1,2858,1962,2445,3753,2799,1544,362,10,46,1469,2163,1811,2107,10,954,0,0,0,0,257
typhoon2,hkcancor_d,legal,b6c57829210d74d67e40cdeafd2544f349e31e5140bad796130b38fcf96f0dd0,f318a47addd2c515077cf9aec2e1f445-af9331ff81d8,c1-b1-a1,2858,2601,2445,3753,2799,2175,367,13,46,2081,2799,2445,2107,13,954,0,0,0,0,257
typhoon2,hkcancor_d,raw,b6c57829210d74d67e40cdeafd2544f349e31e5140bad796130b38fcf96f0dd0,f318a47addd2c515077cf9aec2e1f445-af9331ff81d8,c1-b1-a1,2858,2601,2445,3753,2799,2175,367,13,46,2081,2799,2445,2107,13,954,0,0,0,0,257
typhoon2,hkcancor_p,core,b6c57829210d74d67e40cdeafd2544f349e31e5140bad796130b38fcf96f0dd0,edbbd3fee436612fbcab80d64f4359d8-af9331ff81d8,c1-b1-a1,2858,1962,2178,3753,2799,1308,598,3,53,1069,2163,1568,1640,3,954,0,0,0,0,257
typhoon2,hkcancor_p,legal,b6c57829210d74d67e40cdeafd2544f349e31e5140bad796130b38fcf96f0dd0,edbbd3fee436612fbcab80d64f4359d8-af9331ff81d8,c1-b1-a1,2858,2601,2178,3753,2799,1915,627,6,53,1630,2799,2178,1640,6,954,0,0,0,0,257
typhoon2,hkcancor_p,raw,b6c57829210d74d67e40cdeafd2544f349e31e5140bad796130b38fcf96f0dd0,edbbd3fee436612fbcab80d64f4359d8-af9331ff81d8,c1-b1-a1,2858,2601,2178,3753,2799,1915,627,6,53,1630,2799,2178,1640,6,954,0,0,0,0,257
typhoon2,hkcancor_s,core,b6c57829210d74d67e40cdeafd2544f349e31e5140bad796130b38fcf96f0dd0,b8ddbfc684e40364d686881c7f75b390-af9331ff81d8,c1-b1-a1,2858,1962,2178,3753,2799,1308,598,3,53,1069,2163,1568,1640,3,954,0,0,0,0,257
typhoon2,hkcancor_s,legal,b6c57829210d74d67e40cdeafd2544f349e31e5140bad796130b38fcf96f0dd0,b8ddbfc684e40364d686881c7f75b390-af9331ff81d8,c1-b1-a1,2858,2601,2178,3753,2799,1915,627,6,53,1630,2799,2178,1640,6,954,0,0,0,0,257
typhoon2,hkcancor_s,raw,b6c57829210d74d67e40cdeafd2544f349e31e5140bad796130b38fcf96f0dd0,b8ddbfc684e40364d686881c7f75b390-af9331ff81d8,c1-b1-a1,2858,2601,2178,3753,2799,1915,627,6,53,1630,2799,2178,1640,6,954,0,0,0,0,257
typhoon2,khpos,core,b6c57829210d74d67e40cdeafd2544f349e31e5140bad796130b38fcf96f0dd0,db07f6e38fbdec98e108f08272cddb44-af9331ff81d8,c1-b1-a1,50072,24146,10778,83242,42108,8575,11977,608,2986,2625,21552,10183,627,608,41134,19804,0,0,0,1000
typhoon2,khpos,legal,b6c57829210d74d67e40cdeafd2544f349e31e5140bad796130b38fcf96f0dd0,db07f6e38fbdec98e108f08272cddb44-af9331ff81d8,c1-b1-a1,50072,24906,10778,83242,42108,9165,12139,612,2990,3165,22304,10777,627,612,41134,19804,0,0,0,1000
typhoon2,khpos,raw,b6c57829210d74d67e40cdeafd2544f349e31e5140bad796130b38fcf96f0dd0,db07f6e38fbdec98e108f08272cddb44-af9331ff81d8,c1-b1-a1,50072,49072,10778,83242,42108,9165,31943,613,7351,618,42108,10778,627,613,41134,19804,0,0,0,1000
typhoon2,osf_cwsa_zh,core,b6c57829210d74d67e40cdeafd2544f349e31e5140bad796130b38fcf96f0dd0,40a6e2b75aed4185096260b399664383-af9331ff81d8,c1-b1-a1,10310,9313,5425,9848,9189,4294,3898,134,987,1720,8692,4928,2378,134,659,0,0,0,0,500
typhoon2,osf_cwsa_zh,legal,b6c57829210d74d67e40cdeafd2544f349e31e5140bad796130b38fcf96f0dd0,40a6e2b75aed4185096260b399664383-af9331ff81d8,c1-b1-a1,10310,9810,5425,9848,9189,4791,3898,134,987,2217,9189,5425,2378,134,659,0,0,0,0,500
typhoon2,osf_cwsa_zh,raw,b6c57829210d74d67e40cdeafd2544f349e31e5140bad796130b38fcf96f0dd0,40a6e2b75aed4185096260b399664383-af9331ff81d8,c1-b1-a1,10310,9810,5425,9848,9189,4791,3898,134,987,2217,9189,5425,2378,134,659,0,0,0,0,500
typhoon2,sighan_as,core,b6c57829210d74d67e40cdeafd2544f349e31e5140bad796130b38fcf96f0dd0,2be63cd08c949b44cd6e9a69edbec5fc-af9331ff81d8,c1-b1-a1,68582,54820,42425,66614,62019,28063,20454,1026,5277,16319,53517,34089,25499,1025,4595,0,0,3,0,5000
typhoon2,sighan_as,legal,b6c57829210d74d67e40cdeafd2544f349e31e5140bad796130b38fcf96f0dd0,2be63cd08c949b44cd6e9a69edbec5fc-af9331ff81d8,c1-b1-a1,68582,63582,42425,66614,62019,36147,20872,1278,5285,23324,62019,42425,25499,1277,4595,0,0,3,0,5000
typhoon2,sighan_as,raw,b6c57829210d74d67e40cdeafd2544f349e31e5140bad796130b38fcf96f0dd0,2be63cd08c949b44cd6e9a69edbec5fc-af9331ff81d8,c1-b1-a1,68582,63582,42425,66614,62019,36147,20872,1278,5285,23324,62019,42425,25499,1277,4595,0,0,3,0,5000
typhoon2,sighan_cityu,core,b6c57829210d74d67e40cdeafd2544f349e31e5140bad796130b38fcf96f0dd0,58581cf718d59e4d15084352ad65b879-af9331ff81d8,c1-b1-a1,67689,53468,40936,64413,60184,26448,20828,708,5484,12097,48768,28648,23403,700,4229,0,0,25,0,1492
typhoon2,sighan_cityu,legal,b6c57829210d74d67e40cdeafd2544f349e31e5140bad796130b38fcf96f0dd0,58581cf718d59e4d15084352ad65b879-af9331ff81d8,c1-b1-a1,67689,66197,40936,64413,60184,37443,21249,2001,5504,19982,60184,40936,23403,1992,4229,0,0,25,0,1492
typhoon2,sighan_cityu,raw,b6c57829210d74d67e40cdeafd2544f349e31e5140bad796130b38fcf96f0dd0,58581cf718d59e4d15084352ad65b879-af9331ff81d8,c1-b1-a1,67689,66197,40936,64413,60184,37443,21249,2001,5504,19982,60184,40936,23403,1992,4229,0,0,25,0,1492
typhoon2,sighan_msr,core,b6c57829210d74d67e40cdeafd2544f349e31e5140bad796130b38fcf96f0dd0,0560e07eb0101afa53c16a255caaa319-af9331ff81d8,c1-b1-a1,184355,146372,106873,154018,148709,69626,45040,2043,29663,41324,118651,75654,71606,2036,5309,0,0,21,0,3985
typhoon2,sighan_msr,legal,b6c57829210d74d67e40cdeafd2544f349e31e5140bad796130b38fcf96f0dd0,0560e07eb0101afa53c16a255caaa319-af9331ff81d8,c1-b1-a1,184355,180370,106873,154018,148709,96905,47819,5983,29663,61626,148709,106873,71606,5907,5309,0,0,21,0,3985
typhoon2,sighan_msr,raw,b6c57829210d74d67e40cdeafd2544f349e31e5140bad796130b38fcf96f0dd0,0560e07eb0101afa53c16a255caaa319-af9331ff81d8,c1-b1-a1,184355,180370,106873,154018,148709,96905,47819,5983,29663,61626,148709,106873,71606,5907,5309,0,0,21,0,3985
typhoon2,sighan_pku,core,b6c57829210d74d67e40cdeafd2544f349e31e5140bad796130b38fcf96f0dd0,b2a4d594aa65a829a81df1b6afce55ee-af9331ff81d8,c1-b1-a1,172733,135942,104372,145452,140975,67447,40450,2350,25695,36819,109841,71741,68435,2347,4477,0,0,38,0,1944
typhoon2,sighan_pku,legal,b6c57829210d74d67e40cdeafd2544f349e31e5140bad796130b38fcf96f0dd0,b2a4d594aa65a829a81df1b6afce55ee-af9331ff81d8,c1-b1-a1,172733,170789,104372,145452,140975,96465,42566,5963,25795,58160,140975,104372,68435,5948,4477,0,0,38,0,1944
typhoon2,sighan_pku,raw,b6c57829210d74d67e40cdeafd2544f349e31e5140bad796130b38fcf96f0dd0,b2a4d594aa65a829a81df1b6afce55ee-af9331ff81d8,c1-b1-a1,172733,170789,104372,145452,140975,96465,42566,5963,25795,58160,140975,104372,68435,5948,4477,0,0,38,0,1944
typhoon2,ud_th_pud,core,b6c57829210d74d67e40cdeafd2544f349e31e5140bad796130b38fcf96f0dd0,4b0e1b9bb0262e2aedf915e4322e9c30-af9331ff81d8,c1-b1-a1,98318,50336,22330,47451,47418,14690,7602,4191,23853,9177,23292,19881,5389,4186,33,21202,0,0,0,1000
typhoon2,ud_th_pud,legal,b6c57829210d74d67e40cdeafd2544f349e31e5140bad796130b38fcf96f0dd0,4b0e1b9bb0262e2aedf915e4322e9c30-af9331ff81d8,c1-b1-a1,98318,55046,22330,47451,47418,17517,7699,5969,23861,10299,26216,24486,5389,5963,33,21202,0,0,0,1000
typhoon2,ud_th_pud,raw,b6c57829210d74d67e40cdeafd2544f349e31e5140bad796130b38fcf96f0dd0,4b0e1b9bb0262e2aedf915e4322e9c30-af9331ff81d8,c1-b1-a1,98318,97318,22330,47451,47418,17517,28901,5969,44931,4353,47418,24486,5389,5963,33,21202,0,0,0,1000
typhoon2,ud_yue_hk,core,b6c57829210d74d67e40cdeafd2544f349e31e5140bad796130b38fcf96f0dd0,c57eef85e9d45467b37b16a74061fa07-af9331ff81d8,c1-b1-a1,18633,12998,13918,20124,16770,8304,3462,135,1097,6259,12770,9443,10774,134,3354,0,0,1,0,1004
typhoon2,ud_yue_hk,legal,b6c57829210d74d67e40cdeafd2544f349e31e5140bad796130b38fcf96f0dd0,c57eef85e9d45467b37b16a74061fa07-af9331ff81d8,c1-b1-a1,18633,17629,13918,20124,16770,12240,3526,675,1188,9566,16770,13919,10774,673,3354,0,0,1,0,1004
typhoon2,ud_yue_hk,raw,b6c57829210d74d67e40cdeafd2544f349e31e5140bad796130b38fcf96f0dd0,c57eef85e9d45467b37b16a74061fa07-af9331ff81d8,c1-b1-a1,18633,17629,13918,20124,16770,12240,3526,675,1188,9566,16770,13919,10774,673,3354,0,0,1,0,1004
typhoon2,ud_zh_gsd,core,b6c57829210d74d67e40cdeafd2544f349e31e5140bad796130b38fcf96f0dd0,8cac770ebc7b997f152fcbf748555fd2-af9331ff81d8,c1-b1-a1,19235,15035,12010,17415,16482,7656,4982,283,2114,3975,13138,8439,7527,283,933,0,0,4,0,500
typhoon2,ud_zh_gsd,legal,b6c57829210d74d67e40cdeafd2544f349e31e5140bad796130b38fcf96f0dd0,8cac770ebc7b997f152fcbf748555fd2-af9331ff81d8,c1-b1-a1,19235,18735,12010,17415,16482,10900,5082,639,2114,6433,16482,12039,7527,633,933,0,0,4,0,500
typhoon2,ud_zh_gsd,raw,b6c57829210d74d67e40cdeafd2544f349e31e5140bad796130b38fcf96f0dd0,8cac770ebc7b997f152fcbf748555fd2-af9331ff81d8,c1-b1-a1,19235,18735,12010,17415,16482,10900,5082,639,2114,6433,16482,12039,7527,633,933,0,0,4,0,500
typhoon2,ud_zh_gsdsimp,core,b6c57829210d74d67e40cdeafd2544f349e31e5140bad796130b38fcf96f0dd0,6f25aa75467198a1068703ba7201892f-af9331ff81d8,c1-b1-a1,19235,15035,12010,16301,15738,7548,4386,391,2710,4298,12434,8439,8112,376,563,0,0,2,0,500
typhoon2,ud_zh_gsdsimp,legal,b6c57829210d74d67e40cdeafd2544f349e31e5140bad796130b38fcf96f0dd0,6f25aa75467198a1068703ba7201892f-af9331ff81d8,c1-b1-a1,19235,18735,12010,16301,15738,10752,4486,787,2710,6753,15738,12039,8112,766,563,0,0,2,0,500
typhoon2,ud_zh_gsdsimp,raw,b6c57829210d74d67e40cdeafd2544f349e31e5140bad796130b38fcf96f0dd0,6f25aa75467198a1068703ba7201892f-af9331ff81d8,c1-b1-a1,19235,18735,12010,16301,15738,10752,4486,787,2710,6753,15738,12039,8112,766,563,0,0,2,0,500
typhoon2,ud_zh_hk,core,b6c57829210d74d67e40cdeafd2544f349e31e5140bad796130b38fcf96f0dd0,3b03a30f7f07a74d502e63ab7b2158b1-af9331ff81d8,c1-b1-a1,14063,10547,9874,12804,12195,6128,2926,325,1168,4434,10058,7457,7290,324,609,0,0,1,0,1004
typhoon2,ud_zh_hk,legal,b6c57829210d74d67e40cdeafd2544f349e31e5140bad796130b38fcf96f0dd0,3b03a30f7f07a74d502e63ab7b2158b1-af9331ff81d8,c1-b1-a1,14063,13059,9874,12804,12195,8237,2954,633,1235,6138,12195,9874,7290,629,609,0,0,1,0,1004
typhoon2,ud_zh_hk,raw,b6c57829210d74d67e40cdeafd2544f349e31e5140bad796130b38fcf96f0dd0,3b03a30f7f07a74d502e63ab7b2158b1-af9331ff81d8,c1-b1-a1,14063,13059,9874,12804,12195,8237,2954,633,1235,6138,12195,9874,7290,629,609,0,0,1,0,1004
typhoon2,vistec_th,core,b6c57829210d74d67e40cdeafd2544f349e31e5140bad796130b38fcf96f0dd0,bed5ca30c44920d580dad8f82cb8699a-af9331ff81d8,c1-b1-a1,1392530,681825,337977,708703,708100,202589,115886,53238,310112,123123,323475,260827,74149,53233,603,287027,0,0,0,5000
typhoon2,vistec_th,legal,b6c57829210d74d67e40cdeafd2544f349e31e5140bad796130b38fcf96f0dd0,bed5ca30c44920d580dad8f82cb8699a-af9331ff81d8,c1-b1-a1,1392530,842412,337977,708703,708100,283093,132980,112897,313442,152237,421073,400990,74149,112823,603,287027,0,0,0,5000
typhoon2,vistec_th,raw,b6c57829210d74d67e40cdeafd2544f349e31e5140bad796130b38fcf96f0dd0,bed5ca30c44920d580dad8f82cb8699a-af9331ff81d8,c1-b1-a1,1392530,1387530,337977,708703,708100,283169,419931,112933,571497,62164,708100,401102,74149,112859,603,287027,0,0,0,5000
typhoon2,wisesight1000,core,b6c57829210d74d67e40cdeafd2544f349e31e5140bad796130b38fcf96f0dd0,db4e643f660267c46562963d21e2ca5d-af9331ff81d8,c1-b1-a1,75135,35989,18790,38138,37880,10169,5293,2551,17976,6967,16455,13713,4810,2550,258,15262,0,0,0,993
typhoon2,wisesight1000,legal,b6c57829210d74d67e40cdeafd2544f349e31e5140bad796130b38fcf96f0dd0,db4e643f660267c46562963d21e2ca5d-af9331ff81d8,c1-b1-a1,75135,46265,18790,38138,37880,15547,6078,6175,18465,9002,22618,22715,4810,6156,258,15262,0,0,0,993
typhoon2,wisesight1000,raw,b6c57829210d74d67e40cdeafd2544f349e31e5140bad796130b38fcf96f0dd0,db4e643f660267c46562963d21e2ca5d-af9331ff81d8,c1-b1-a1,75135,74142,18790,38138,37880,15558,21329,6179,31076,3702,37880,22730,4810,6160,258,15262,0,0,0,993
whitespace,alt_km,core,9d761e8941fc3a6dc362fa8592de5329d64ec950e56575cbc407fd29a45a6485,57adf94bc86a52a59e4151d41cf87c72-af9331ff81d8,c1-b1-a1,699986,349503,177585,5680,5680,0,0,154142,195361,0,5000,159142,177585,5346,0,0,0,680,0,5000
whitespace,alt_km,legal,9d761e8941fc3a6dc362fa8592de5329d64ec950e56575cbc407fd29a45a6485,57adf94bc86a52a59e4151d41cf87c72-af9331ff81d8,c1-b1-a1,699986,369883,177585,5680,5680,680,0,172584,196619,0,5680,178264,177585,5492,0,0,0,680,0,5000
whitespace,alt_km,raw,9d761e8941fc3a6dc362fa8592de5329d64ec950e56575cbc407fd29a45a6485,57adf94bc86a52a59e4151d41cf87c72-af9331ff81d8,c1-b1-a1,699986,694986,177585,5680,5680,680,0,172585,521721,0,5680,178265,177585,5492,0,0,0,680,0,5000
whitespace,hkcancor_d,core,bc7a119521a4a77cfd97f847d84eb492318701d78a4e5d728dc46762a50d49ce,f318a47addd2c515077cf9aec2e1f445-af9331ff81d8,c1-b1-a1,2858,1962,2445,257,257,0,0,1554,408,11,257,1811,2445,246,0,0,0,0,0,257
whitespace,hkcancor_d,legal,bc7a119521a4a77cfd97f847d84eb492318701d78a4e5d728dc46762a50d49ce,f318a47addd2c515077cf9aec2e1f445-af9331ff81d8,c1-b1-a1,2858,2601,2445,257,257,0,0,2188,413,0,257,2445,2445,257,0,0,0,0,0,257
whitespace,hkcancor_d,raw,bc7a119521a4a77cfd97f847d84eb492318701d78a4e5d728dc46762a50d49ce,f318a47addd2c515077cf9aec2e1f445-af9331ff81d8,c1-b1-a1,2858,2601,2445,257,257,0,0,2188,413,0,257,2445,2445,257,0,0,0,0,0,257
whitespace,hkcancor_p,core,bc7a119521a4a77cfd97f847d84eb492318701d78a4e5d728dc46762a50d49ce,edbbd3fee436612fbcab80d64f4359d8-af9331ff81d8,c1-b1-a1,2858,1962,2178,257,257,0,0,1311,651,12,257,1568,2178,245,0,0,0,0,0,257
whitespace,hkcancor_p,legal,bc7a119521a4a77cfd97f847d84eb492318701d78a4e5d728dc46762a50d49ce,edbbd3fee436612fbcab80d64f4359d8-af9331ff81d8,c1-b1-a1,2858,2601,2178,257,257,0,0,1921,680,0,257,2178,2178,257,0,0,0,0,0,257
whitespace,hkcancor_p,raw,bc7a119521a4a77cfd97f847d84eb492318701d78a4e5d728dc46762a50d49ce,edbbd3fee436612fbcab80d64f4359d8-af9331ff81d8,c1-b1-a1,2858,2601,2178,257,257,0,0,1921,680,0,257,2178,2178,257,0,0,0,0,0,257
whitespace,hkcancor_s,core,bc7a119521a4a77cfd97f847d84eb492318701d78a4e5d728dc46762a50d49ce,b8ddbfc684e40364d686881c7f75b390-af9331ff81d8,c1-b1-a1,2858,1962,2178,257,257,0,0,1311,651,12,257,1568,2178,245,0,0,0,0,0,257
whitespace,hkcancor_s,legal,bc7a119521a4a77cfd97f847d84eb492318701d78a4e5d728dc46762a50d49ce,b8ddbfc684e40364d686881c7f75b390-af9331ff81d8,c1-b1-a1,2858,2601,2178,257,257,0,0,1921,680,0,257,2178,2178,257,0,0,0,0,0,257
whitespace,hkcancor_s,raw,bc7a119521a4a77cfd97f847d84eb492318701d78a4e5d728dc46762a50d49ce,b8ddbfc684e40364d686881c7f75b390-af9331ff81d8,c1-b1-a1,2858,2601,2178,257,257,0,0,1921,680,0,257,2178,2178,257,0,0,0,0,0,257
whitespace,khpos,core,9d761e8941fc3a6dc362fa8592de5329d64ec950e56575cbc407fd29a45a6485,db07f6e38fbdec98e108f08272cddb44-af9331ff81d8,c1-b1-a1,50072,24146,10778,1000,1000,0,0,9183,14963,1,1000,10183,10778,999,0,0,0,0,0,1000
whitespace,khpos,legal,9d761e8941fc3a6dc362fa8592de5329d64ec950e56575cbc407fd29a45a6485,db07f6e38fbdec98e108f08272cddb44-af9331ff81d8,c1-b1-a1,50072,24906,10778,1000,1000,0,0,9777,15129,1,1000,10777,10778,999,0,0,0,0,0,1000
whitespace,khpos,raw,9d761e8941fc3a6dc362fa8592de5329d64ec950e56575cbc407fd29a45a6485,db07f6e38fbdec98e108f08272cddb44-af9331ff81d8,c1-b1-a1,50072,49072,10778,1000,1000,0,0,9778,39294,1,1000,10778,10778,999,0,0,0,0,0,1000
whitespace,osf_cwsa_zh,core,fbb683f1273c64b1d888c3fc318e5b5472ca0715f7cd9a7987301dd1bb784deb,40a6e2b75aed4185096260b399664383-af9331ff81d8,c1-b1-a1,10310,9313,5425,500,500,0,0,4428,4885,0,500,4928,5425,500,0,0,0,0,0,500
whitespace,osf_cwsa_zh,legal,fbb683f1273c64b1d888c3fc318e5b5472ca0715f7cd9a7987301dd1bb784deb,40a6e2b75aed4185096260b399664383-af9331ff81d8,c1-b1-a1,10310,9810,5425,500,500,0,0,4925,4885,0,500,5425,5425,500,0,0,0,0,0,500
whitespace,osf_cwsa_zh,raw,fbb683f1273c64b1d888c3fc318e5b5472ca0715f7cd9a7987301dd1bb784deb,40a6e2b75aed4185096260b399664383-af9331ff81d8,c1-b1-a1,10310,9810,5425,500,500,0,0,4925,4885,0,500,5425,5425,500,0,0,0,0,0,500
whitespace,sighan_as,core,fbb683f1273c64b1d888c3fc318e5b5472ca0715f7cd9a7987301dd1bb784deb,2be63cd08c949b44cd6e9a69edbec5fc-af9331ff81d8,c1-b1-a1,68582,54820,42425,5000,5000,0,0,29089,25731,218,5000,34089,42425,4782,0,0,0,0,0,5000
whitespace,sighan_as,legal,fbb683f1273c64b1d888c3fc318e5b5472ca0715f7cd9a7987301dd1bb784deb,2be63cd08c949b44cd6e9a69edbec5fc-af9331ff81d8,c1-b1-a1,68582,63582,42425,5000,5000,0,0,37425,26157,12,5000,42425,42425,4988,0,0,0,0,0,5000
whitespace,sighan_as,raw,fbb683f1273c64b1d888c3fc318e5b5472ca0715f7cd9a7987301dd1bb784deb,2be63cd08c949b44cd6e9a69edbec5fc-af9331ff81d8,c1-b1-a1,68582,63582,42425,5000,5000,0,0,37425,26157,12,5000,42425,42425,4988,0,0,0,0,0,5000
whitespace,sighan_cityu,core,fbb683f1273c64b1d888c3fc318e5b5472ca0715f7cd9a7987301dd1bb784deb,58581cf718d59e4d15084352ad65b879-af9331ff81d8,c1-b1-a1,67689,53468,40936,1492,1492,0,0,27156,26312,4,1492,28648,40936,1488,0,0,0,0,0,1492
whitespace,sighan_cityu,legal,fbb683f1273c64b1d888c3fc318e5b5472ca0715f7cd9a7987301dd1bb784deb,58581cf718d59e4d15084352ad65b879-af9331ff81d8,c1-b1-a1,67689,66197,40936,1492,1492,0,0,39444,26753,1,1492,40936,40936,1491,0,0,0,0,0,1492
whitespace,sighan_cityu,raw,fbb683f1273c64b1d888c3fc318e5b5472ca0715f7cd9a7987301dd1bb784deb,58581cf718d59e4d15084352ad65b879-af9331ff81d8,c1-b1-a1,67689,66197,40936,1492,1492,0,0,39444,26753,1,1492,40936,40936,1491,0,0,0,0,0,1492
whitespace,sighan_msr,core,fbb683f1273c64b1d888c3fc318e5b5472ca0715f7cd9a7987301dd1bb784deb,0560e07eb0101afa53c16a255caaa319-af9331ff81d8,c1-b1-a1,184355,146372,106873,3985,3985,0,0,71669,74703,47,3985,75654,106873,3938,0,0,0,0,0,3985
whitespace,sighan_msr,legal,fbb683f1273c64b1d888c3fc318e5b5472ca0715f7cd9a7987301dd1bb784deb,0560e07eb0101afa53c16a255caaa319-af9331ff81d8,c1-b1-a1,184355,180370,106873,3985,3985,0,0,102888,77482,19,3985,106873,106873,3966,0,0,0,0,0,3985
whitespace,sighan_msr,raw,fbb683f1273c64b1d888c3fc318e5b5472ca0715f7cd9a7987301dd1bb784deb,0560e07eb0101afa53c16a255caaa319-af9331ff81d8,c1-b1-a1,184355,180370,106873,3985,3985,0,0,102888,77482,19,3985,106873,106873,3966,0,0,0,0,0,3985
whitespace,sighan_pku,core,fbb683f1273c64b1d888c3fc318e5b5472ca0715f7cd9a7987301dd1bb784deb,b2a4d594aa65a829a81df1b6afce55ee-af9331ff81d8,c1-b1-a1,172733,135942,104372,1944,1944,0,0,69797,66145,23,1944,71741,104372,1921,0,0,0,0,0,1944
whitespace,sighan_pku,legal,fbb683f1273c64b1d888c3fc318e5b5472ca0715f7cd9a7987301dd1bb784deb,b2a4d594aa65a829a81df1b6afce55ee-af9331ff81d8,c1-b1-a1,172733,170789,104372,1944,1944,0,0,102428,68361,2,1944,104372,104372,1942,0,0,0,0,0,1944
whitespace,sighan_pku,raw,fbb683f1273c64b1d888c3fc318e5b5472ca0715f7cd9a7987301dd1bb784deb,b2a4d594aa65a829a81df1b6afce55ee-af9331ff81d8,c1-b1-a1,172733,170789,104372,1944,1944,0,0,102428,68361,2,1944,104372,104372,1942,0,0,0,0,0,1944
whitespace,ud_th_pud,core,4239b11b535e062f82f14752c8f15b2b1c3d3d6211e6fecae51d68cf4a1c1fb4,4b0e1b9bb0262e2aedf915e4322e9c30-af9331ff81d8,c1-b1-a1,98318,50336,22330,3156,3156,0,0,18881,31455,0,1000,19881,22330,2296,0,0,0,2156,0,1000
whitespace,ud_th_pud,legal,4239b11b535e062f82f14752c8f15b2b1c3d3d6211e6fecae51d68cf4a1c1fb4,4b0e1b9bb0262e2aedf915e4322e9c30-af9331ff81d8,c1-b1-a1,98318,55046,22330,3156,3156,2156,0,21330,31560,99,3156,24486,22330,2377,0,0,0,2156,0,1000
whitespace,ud_th_pud,raw,4239b11b535e062f82f14752c8f15b2b1c3d3d6211e6fecae51d68cf4a1c1fb4,4b0e1b9bb0262e2aedf915e4322e9c30-af9331ff81d8,c1-b1-a1,98318,97318,22330,3156,3156,2156,0,21330,73832,99,3156,24486,22330,2377,0,0,0,2156,0,1000
whitespace,ud_yue_hk,core,bc7a119521a4a77cfd97f847d84eb492318701d78a4e5d728dc46762a50d49ce,c57eef85e9d45467b37b16a74061fa07-af9331ff81d8,c1-b1-a1,18633,12998,13918,1005,1005,0,0,8439,4559,49,1004,9443,13918,955,0,0,0,1,0,1004
whitespace,ud_yue_hk,legal,bc7a119521a4a77cfd97f847d84eb492318701d78a4e5d728dc46762a50d49ce,c57eef85e9d45467b37b16a74061fa07-af9331ff81d8,c1-b1-a1,18633,17629,13918,1005,1005,1,0,12914,4714,0,1005,13919,13918,1004,0,0,0,1,0,1004
whitespace,ud_yue_hk,raw,bc7a119521a4a77cfd97f847d84eb492318701d78a4e5d728dc46762a50d49ce,c57eef85e9d45467b37b16a74061fa07-af9331ff81d8,c1-b1-a1,18633,17629,13918,1005,1005,1,0,12914,4714,0,1005,13919,13918,1004,0,0,0,1,0,1004
whitespace,ud_zh_gsd,core,fbb683f1273c64b1d888c3fc318e5b5472ca0715f7cd9a7987301dd1bb784deb,8cac770ebc7b997f152fcbf748555fd2-af9331ff81d8,c1-b1-a1,19235,15035,12010,529,529,0,0,7939,7096,0,500,8439,12010,515,0,0,0,29,0,500
whitespace,ud_zh_gsd,legal,fbb683f1273c64b1d888c3fc318e5b5472ca0715f7cd9a7987301dd1bb784deb,8cac770ebc7b997f152fcbf748555fd2-af9331ff81d8,c1-b1-a1,19235,18735,12010,529,529,29,0,11510,7196,0,529,12039,12010,522,0,0,0,29,0,500
whitespace,ud_zh_gsd,raw,fbb683f1273c64b1d888c3fc318e5b5472ca0715f7cd9a7987301dd1bb784deb,8cac770ebc7b997f152fcbf748555fd2-af9331ff81d8,c1-b1-a1,19235,18735,12010,529,529,29,0,11510,7196,0,529,12039,12010,522,0,0,0,29,0,500
whitespace,ud_zh_gsdsimp,core,fbb683f1273c64b1d888c3fc318e5b5472ca0715f7cd9a7987301dd1bb784deb,6f25aa75467198a1068703ba7201892f-af9331ff81d8,c1-b1-a1,19235,15035,12010,529,529,0,0,7939,7096,0,500,8439,12010,515,0,0,0,29,0,500
whitespace,ud_zh_gsdsimp,legal,fbb683f1273c64b1d888c3fc318e5b5472ca0715f7cd9a7987301dd1bb784deb,6f25aa75467198a1068703ba7201892f-af9331ff81d8,c1-b1-a1,19235,18735,12010,529,529,29,0,11510,7196,0,529,12039,12010,522,0,0,0,29,0,500
whitespace,ud_zh_gsdsimp,raw,fbb683f1273c64b1d888c3fc318e5b5472ca0715f7cd9a7987301dd1bb784deb,6f25aa75467198a1068703ba7201892f-af9331ff81d8,c1-b1-a1,19235,18735,12010,529,529,29,0,11510,7196,0,529,12039,12010,522,0,0,0,29,0,500
whitespace,ud_zh_hk,core,fbb683f1273c64b1d888c3fc318e5b5472ca0715f7cd9a7987301dd1bb784deb,3b03a30f7f07a74d502e63ab7b2158b1-af9331ff81d8,c1-b1-a1,14063,10547,9874,1004,1004,0,0,6453,4094,54,1004,7457,9874,950,0,0,0,0,0,1004
whitespace,ud_zh_hk,legal,fbb683f1273c64b1d888c3fc318e5b5472ca0715f7cd9a7987301dd1bb784deb,3b03a30f7f07a74d502e63ab7b2158b1-af9331ff81d8,c1-b1-a1,14063,13059,9874,1004,1004,0,0,8870,4189,0,1004,9874,9874,1004,0,0,0,0,0,1004
whitespace,ud_zh_hk,raw,fbb683f1273c64b1d888c3fc318e5b5472ca0715f7cd9a7987301dd1bb784deb,3b03a30f7f07a74d502e63ab7b2158b1-af9331ff81d8,c1-b1-a1,14063,13059,9874,1004,1004,0,0,8870,4189,0,1004,9874,9874,1004,0,0,0,0,0,1004
whitespace,vistec_th,core,4239b11b535e062f82f14752c8f15b2b1c3d3d6211e6fecae51d68cf4a1c1fb4,bed5ca30c44920d580dad8f82cb8699a-af9331ff81d8,c1-b1-a1,1392530,681825,337977,68891,68891,0,0,255827,425998,52,5000,260827,337389,43720,0,0,0,63891,0,5000
whitespace,vistec_th,legal,4239b11b535e062f82f14752c8f15b2b1c3d3d6211e6fecae51d68cf4a1c1fb4,bed5ca30c44920d580dad8f82cb8699a-af9331ff81d8,c1-b1-a1,1392530,842412,337977,68891,68891,63124,763,332866,445659,2218,68887,400990,337389,46297,0,0,0,63891,0,5000
whitespace,vistec_th,raw,4239b11b535e062f82f14752c8f15b2b1c3d3d6211e6fecae51d68cf4a1c1fb4,bed5ca30c44920d580dad8f82cb8699a-af9331ff81d8,c1-b1-a1,1392530,1387530,337977,68891,68891,63125,766,332977,990662,2217,68891,401102,337389,46299,0,0,0,63891,0,5000
whitespace,wisesight1000,core,4239b11b535e062f82f14752c8f15b2b1c3d3d6211e6fecae51d68cf4a1c1fb4,db4e643f660267c46562963d21e2ca5d-af9331ff81d8,c1-b1-a1,75135,35989,18790,5094,5094,0,0,12720,23269,36,993,13713,18664,2839,0,0,0,4120,0,993
whitespace,wisesight1000,legal,4239b11b535e062f82f14752c8f15b2b1c3d3d6211e6fecae51d68cf4a1c1fb4,db4e643f660267c46562963d21e2ca5d-af9331ff81d8,c1-b1-a1,75135,46265,18790,5094,5094,3943,156,17779,24387,147,5092,22715,18664,3179,0,0,0,4120,0,993
whitespace,wisesight1000,raw,4239b11b535e062f82f14752c8f15b2b1c3d3d6211e6fecae51d68cf4a1c1fb4,db4e643f660267c46562963d21e2ca5d-af9331ff81d8,c1-b1-a1,75135,74142,18790,5094,5094,3943,158,17794,52247,146,5094,22730,18664,3180,0,0,0,4120,0,993
whole,alt_km,core,0716539bee17f9b21f163ef9bde92652d019a28f6967e111906daa70ece8cd26,57adf94bc86a52a59e4151d41cf87c72-af9331ff81d8,c1-b1-a1,699986,349503,177585,5000,5000,0,0,154142,195361,0,5000,159142,177585,5000,0,0,0,0,0,5000
whole,alt_km,legal,0716539bee17f9b21f163ef9bde92652d019a28f6967e111906daa70ece8cd26,57adf94bc86a52a59e4151d41cf87c72-af9331ff81d8,c1-b1-a1,699986,369883,177585,5000,5000,0,0,173264,196619,0,5000,178264,177585,5000,0,0,0,0,0,5000
whole,alt_km,raw,0716539bee17f9b21f163ef9bde92652d019a28f6967e111906daa70ece8cd26,57adf94bc86a52a59e4151d41cf87c72-af9331ff81d8,c1-b1-a1,699986,694986,177585,5000,5000,0,0,173265,521721,0,5000,178265,177585,5000,0,0,0,0,0,5000
whole,hkcancor_d,core,5ad41226a4eab06b0d8d67a7eea40e6c70cd77dd4333b3de67d8753e64e849e8,f318a47addd2c515077cf9aec2e1f445-af9331ff81d8,c1-b1-a1,2858,1962,2445,257,257,0,0,1554,408,11,257,1811,2445,246,0,0,0,0,0,257
whole,hkcancor_d,legal,5ad41226a4eab06b0d8d67a7eea40e6c70cd77dd4333b3de67d8753e64e849e8,f318a47addd2c515077cf9aec2e1f445-af9331ff81d8,c1-b1-a1,2858,2601,2445,257,257,0,0,2188,413,0,257,2445,2445,257,0,0,0,0,0,257
whole,hkcancor_d,raw,5ad41226a4eab06b0d8d67a7eea40e6c70cd77dd4333b3de67d8753e64e849e8,f318a47addd2c515077cf9aec2e1f445-af9331ff81d8,c1-b1-a1,2858,2601,2445,257,257,0,0,2188,413,0,257,2445,2445,257,0,0,0,0,0,257
whole,hkcancor_p,core,5ad41226a4eab06b0d8d67a7eea40e6c70cd77dd4333b3de67d8753e64e849e8,edbbd3fee436612fbcab80d64f4359d8-af9331ff81d8,c1-b1-a1,2858,1962,2178,257,257,0,0,1311,651,12,257,1568,2178,245,0,0,0,0,0,257
whole,hkcancor_p,legal,5ad41226a4eab06b0d8d67a7eea40e6c70cd77dd4333b3de67d8753e64e849e8,edbbd3fee436612fbcab80d64f4359d8-af9331ff81d8,c1-b1-a1,2858,2601,2178,257,257,0,0,1921,680,0,257,2178,2178,257,0,0,0,0,0,257
whole,hkcancor_p,raw,5ad41226a4eab06b0d8d67a7eea40e6c70cd77dd4333b3de67d8753e64e849e8,edbbd3fee436612fbcab80d64f4359d8-af9331ff81d8,c1-b1-a1,2858,2601,2178,257,257,0,0,1921,680,0,257,2178,2178,257,0,0,0,0,0,257
whole,hkcancor_s,core,5ad41226a4eab06b0d8d67a7eea40e6c70cd77dd4333b3de67d8753e64e849e8,b8ddbfc684e40364d686881c7f75b390-af9331ff81d8,c1-b1-a1,2858,1962,2178,257,257,0,0,1311,651,12,257,1568,2178,245,0,0,0,0,0,257
whole,hkcancor_s,legal,5ad41226a4eab06b0d8d67a7eea40e6c70cd77dd4333b3de67d8753e64e849e8,b8ddbfc684e40364d686881c7f75b390-af9331ff81d8,c1-b1-a1,2858,2601,2178,257,257,0,0,1921,680,0,257,2178,2178,257,0,0,0,0,0,257
whole,hkcancor_s,raw,5ad41226a4eab06b0d8d67a7eea40e6c70cd77dd4333b3de67d8753e64e849e8,b8ddbfc684e40364d686881c7f75b390-af9331ff81d8,c1-b1-a1,2858,2601,2178,257,257,0,0,1921,680,0,257,2178,2178,257,0,0,0,0,0,257
whole,khpos,core,0716539bee17f9b21f163ef9bde92652d019a28f6967e111906daa70ece8cd26,db07f6e38fbdec98e108f08272cddb44-af9331ff81d8,c1-b1-a1,50072,24146,10778,1000,1000,0,0,9183,14963,1,1000,10183,10778,999,0,0,0,0,0,1000
whole,khpos,legal,0716539bee17f9b21f163ef9bde92652d019a28f6967e111906daa70ece8cd26,db07f6e38fbdec98e108f08272cddb44-af9331ff81d8,c1-b1-a1,50072,24906,10778,1000,1000,0,0,9777,15129,1,1000,10777,10778,999,0,0,0,0,0,1000
whole,khpos,raw,0716539bee17f9b21f163ef9bde92652d019a28f6967e111906daa70ece8cd26,db07f6e38fbdec98e108f08272cddb44-af9331ff81d8,c1-b1-a1,50072,49072,10778,1000,1000,0,0,9778,39294,1,1000,10778,10778,999,0,0,0,0,0,1000
whole,osf_cwsa_zh,core,99cc8b34423114d8349dc7231948e839819b05e5f5e0ab5b542ed3680dea2474,40a6e2b75aed4185096260b399664383-af9331ff81d8,c1-b1-a1,10310,9313,5425,500,500,0,0,4428,4885,0,500,4928,5425,500,0,0,0,0,0,500
whole,osf_cwsa_zh,legal,99cc8b34423114d8349dc7231948e839819b05e5f5e0ab5b542ed3680dea2474,40a6e2b75aed4185096260b399664383-af9331ff81d8,c1-b1-a1,10310,9810,5425,500,500,0,0,4925,4885,0,500,5425,5425,500,0,0,0,0,0,500
whole,osf_cwsa_zh,raw,99cc8b34423114d8349dc7231948e839819b05e5f5e0ab5b542ed3680dea2474,40a6e2b75aed4185096260b399664383-af9331ff81d8,c1-b1-a1,10310,9810,5425,500,500,0,0,4925,4885,0,500,5425,5425,500,0,0,0,0,0,500
whole,sighan_as,core,99cc8b34423114d8349dc7231948e839819b05e5f5e0ab5b542ed3680dea2474,2be63cd08c949b44cd6e9a69edbec5fc-af9331ff81d8,c1-b1-a1,68582,54820,42425,5000,5000,0,0,29089,25731,218,5000,34089,42425,4782,0,0,0,0,0,5000
whole,sighan_as,legal,99cc8b34423114d8349dc7231948e839819b05e5f5e0ab5b542ed3680dea2474,2be63cd08c949b44cd6e9a69edbec5fc-af9331ff81d8,c1-b1-a1,68582,63582,42425,5000,5000,0,0,37425,26157,12,5000,42425,42425,4988,0,0,0,0,0,5000
whole,sighan_as,raw,99cc8b34423114d8349dc7231948e839819b05e5f5e0ab5b542ed3680dea2474,2be63cd08c949b44cd6e9a69edbec5fc-af9331ff81d8,c1-b1-a1,68582,63582,42425,5000,5000,0,0,37425,26157,12,5000,42425,42425,4988,0,0,0,0,0,5000
whole,sighan_cityu,core,99cc8b34423114d8349dc7231948e839819b05e5f5e0ab5b542ed3680dea2474,58581cf718d59e4d15084352ad65b879-af9331ff81d8,c1-b1-a1,67689,53468,40936,1492,1492,0,0,27156,26312,4,1492,28648,40936,1488,0,0,0,0,0,1492
whole,sighan_cityu,legal,99cc8b34423114d8349dc7231948e839819b05e5f5e0ab5b542ed3680dea2474,58581cf718d59e4d15084352ad65b879-af9331ff81d8,c1-b1-a1,67689,66197,40936,1492,1492,0,0,39444,26753,1,1492,40936,40936,1491,0,0,0,0,0,1492
whole,sighan_cityu,raw,99cc8b34423114d8349dc7231948e839819b05e5f5e0ab5b542ed3680dea2474,58581cf718d59e4d15084352ad65b879-af9331ff81d8,c1-b1-a1,67689,66197,40936,1492,1492,0,0,39444,26753,1,1492,40936,40936,1491,0,0,0,0,0,1492
whole,sighan_msr,core,99cc8b34423114d8349dc7231948e839819b05e5f5e0ab5b542ed3680dea2474,0560e07eb0101afa53c16a255caaa319-af9331ff81d8,c1-b1-a1,184355,146372,106873,3985,3985,0,0,71669,74703,47,3985,75654,106873,3938,0,0,0,0,0,3985
whole,sighan_msr,legal,99cc8b34423114d8349dc7231948e839819b05e5f5e0ab5b542ed3680dea2474,0560e07eb0101afa53c16a255caaa319-af9331ff81d8,c1-b1-a1,184355,180370,106873,3985,3985,0,0,102888,77482,19,3985,106873,106873,3966,0,0,0,0,0,3985
whole,sighan_msr,raw,99cc8b34423114d8349dc7231948e839819b05e5f5e0ab5b542ed3680dea2474,0560e07eb0101afa53c16a255caaa319-af9331ff81d8,c1-b1-a1,184355,180370,106873,3985,3985,0,0,102888,77482,19,3985,106873,106873,3966,0,0,0,0,0,3985
whole,sighan_pku,core,99cc8b34423114d8349dc7231948e839819b05e5f5e0ab5b542ed3680dea2474,b2a4d594aa65a829a81df1b6afce55ee-af9331ff81d8,c1-b1-a1,172733,135942,104372,1944,1944,0,0,69797,66145,23,1944,71741,104372,1921,0,0,0,0,0,1944
whole,sighan_pku,legal,99cc8b34423114d8349dc7231948e839819b05e5f5e0ab5b542ed3680dea2474,b2a4d594aa65a829a81df1b6afce55ee-af9331ff81d8,c1-b1-a1,172733,170789,104372,1944,1944,0,0,102428,68361,2,1944,104372,104372,1942,0,0,0,0,0,1944
whole,sighan_pku,raw,99cc8b34423114d8349dc7231948e839819b05e5f5e0ab5b542ed3680dea2474,b2a4d594aa65a829a81df1b6afce55ee-af9331ff81d8,c1-b1-a1,172733,170789,104372,1944,1944,0,0,102428,68361,2,1944,104372,104372,1942,0,0,0,0,0,1944
whole,ud_th_pud,core,5dec48e48ec1741d77bf1ab15508972683f8c6e1b9bf0af5e8ae479e0f0219d9,4b0e1b9bb0262e2aedf915e4322e9c30-af9331ff81d8,c1-b1-a1,98318,50336,22330,1000,1000,0,0,18881,31455,0,1000,19881,22330,1000,0,0,0,0,0,1000
whole,ud_th_pud,legal,5dec48e48ec1741d77bf1ab15508972683f8c6e1b9bf0af5e8ae479e0f0219d9,4b0e1b9bb0262e2aedf915e4322e9c30-af9331ff81d8,c1-b1-a1,98318,55046,22330,1000,1000,0,0,23486,31560,0,1000,24486,22330,1000,0,0,0,0,0,1000
whole,ud_th_pud,raw,5dec48e48ec1741d77bf1ab15508972683f8c6e1b9bf0af5e8ae479e0f0219d9,4b0e1b9bb0262e2aedf915e4322e9c30-af9331ff81d8,c1-b1-a1,98318,97318,22330,1000,1000,0,0,23486,73832,0,1000,24486,22330,1000,0,0,0,0,0,1000
whole,ud_yue_hk,core,5ad41226a4eab06b0d8d67a7eea40e6c70cd77dd4333b3de67d8753e64e849e8,c57eef85e9d45467b37b16a74061fa07-af9331ff81d8,c1-b1-a1,18633,12998,13918,1004,1004,0,0,8439,4559,49,1004,9443,13918,955,0,0,0,0,0,1004
whole,ud_yue_hk,legal,5ad41226a4eab06b0d8d67a7eea40e6c70cd77dd4333b3de67d8753e64e849e8,c57eef85e9d45467b37b16a74061fa07-af9331ff81d8,c1-b1-a1,18633,17629,13918,1004,1004,0,0,12915,4714,0,1004,13919,13918,1004,0,0,0,0,0,1004
whole,ud_yue_hk,raw,5ad41226a4eab06b0d8d67a7eea40e6c70cd77dd4333b3de67d8753e64e849e8,c57eef85e9d45467b37b16a74061fa07-af9331ff81d8,c1-b1-a1,18633,17629,13918,1004,1004,0,0,12915,4714,0,1004,13919,13918,1004,0,0,0,0,0,1004
whole,ud_zh_gsd,core,99cc8b34423114d8349dc7231948e839819b05e5f5e0ab5b542ed3680dea2474,8cac770ebc7b997f152fcbf748555fd2-af9331ff81d8,c1-b1-a1,19235,15035,12010,500,500,0,0,7939,7096,0,500,8439,12010,500,0,0,0,0,0,500
whole,ud_zh_gsd,legal,99cc8b34423114d8349dc7231948e839819b05e5f5e0ab5b542ed3680dea2474,8cac770ebc7b997f152fcbf748555fd2-af9331ff81d8,c1-b1-a1,19235,18735,12010,500,500,0,0,11539,7196,0,500,12039,12010,500,0,0,0,0,0,500
whole,ud_zh_gsd,raw,99cc8b34423114d8349dc7231948e839819b05e5f5e0ab5b542ed3680dea2474,8cac770ebc7b997f152fcbf748555fd2-af9331ff81d8,c1-b1-a1,19235,18735,12010,500,500,0,0,11539,7196,0,500,12039,12010,500,0,0,0,0,0,500
whole,ud_zh_gsdsimp,core,99cc8b34423114d8349dc7231948e839819b05e5f5e0ab5b542ed3680dea2474,6f25aa75467198a1068703ba7201892f-af9331ff81d8,c1-b1-a1,19235,15035,12010,500,500,0,0,7939,7096,0,500,8439,12010,500,0,0,0,0,0,500
whole,ud_zh_gsdsimp,legal,99cc8b34423114d8349dc7231948e839819b05e5f5e0ab5b542ed3680dea2474,6f25aa75467198a1068703ba7201892f-af9331ff81d8,c1-b1-a1,19235,18735,12010,500,500,0,0,11539,7196,0,500,12039,12010,500,0,0,0,0,0,500
whole,ud_zh_gsdsimp,raw,99cc8b34423114d8349dc7231948e839819b05e5f5e0ab5b542ed3680dea2474,6f25aa75467198a1068703ba7201892f-af9331ff81d8,c1-b1-a1,19235,18735,12010,500,500,0,0,11539,7196,0,500,12039,12010,500,0,0,0,0,0,500
whole,ud_zh_hk,core,99cc8b34423114d8349dc7231948e839819b05e5f5e0ab5b542ed3680dea2474,3b03a30f7f07a74d502e63ab7b2158b1-af9331ff81d8,c1-b1-a1,14063,10547,9874,1004,1004,0,0,6453,4094,54,1004,7457,9874,950,0,0,0,0,0,1004
whole,ud_zh_hk,legal,99cc8b34423114d8349dc7231948e839819b05e5f5e0ab5b542ed3680dea2474,3b03a30f7f07a74d502e63ab7b2158b1-af9331ff81d8,c1-b1-a1,14063,13059,9874,1004,1004,0,0,8870,4189,0,1004,9874,9874,1004,0,0,0,0,0,1004
whole,ud_zh_hk,raw,99cc8b34423114d8349dc7231948e839819b05e5f5e0ab5b542ed3680dea2474,3b03a30f7f07a74d502e63ab7b2158b1-af9331ff81d8,c1-b1-a1,14063,13059,9874,1004,1004,0,0,8870,4189,0,1004,9874,9874,1004,0,0,0,0,0,1004
whole,vistec_th,core,5dec48e48ec1741d77bf1ab15508972683f8c6e1b9bf0af5e8ae479e0f0219d9,bed5ca30c44920d580dad8f82cb8699a-af9331ff81d8,c1-b1-a1,1392530,681825,337977,5000,5000,0,0,255827,425998,52,5000,260827,337977,4948,0,0,0,0,0,5000
whole,vistec_th,legal,5dec48e48ec1741d77bf1ab15508972683f8c6e1b9bf0af5e8ae479e0f0219d9,bed5ca30c44920d580dad8f82cb8699a-af9331ff81d8,c1-b1-a1,1392530,842412,337977,5000,5000,0,0,395990,446422,0,5000,400990,337977,5000,0,0,0,0,0,5000
whole,vistec_th,raw,5dec48e48ec1741d77bf1ab15508972683f8c6e1b9bf0af5e8ae479e0f0219d9,bed5ca30c44920d580dad8f82cb8699a-af9331ff81d8,c1-b1-a1,1392530,1387530,337977,5000,5000,0,0,396102,991428,0,5000,401102,337977,5000,0,0,0,0,0,5000
whole,wisesight1000,core,5dec48e48ec1741d77bf1ab15508972683f8c6e1b9bf0af5e8ae479e0f0219d9,db4e643f660267c46562963d21e2ca5d-af9331ff81d8,c1-b1-a1,75135,35989,18790,993,993,0,0,12720,23269,36,993,13713,18790,957,0,0,0,0,0,993
whole,wisesight1000,legal,5dec48e48ec1741d77bf1ab15508972683f8c6e1b9bf0af5e8ae479e0f0219d9,db4e643f660267c46562963d21e2ca5d-af9331ff81d8,c1-b1-a1,75135,46265,18790,993,993,0,0,21722,24543,13,993,22715,18790,980,0,0,0,0,0,993
whole,wisesight1000,raw,5dec48e48ec1741d77bf1ab15508972683f8c6e1b9bf0af5e8ae479e0f0219d9,db4e643f660267c46562963d21e2ca5d-af9331ff81d8,c1-b1-a1,75135,74142,18790,993,993,0,0,21737,52405,13,993,22730,18790,980,0,0,0,0,0,993
xlm-r,alt_km,core,7161b7ffcf0b654a9dc5efbc0ce5b9eb0158fca2d8d260680048edf7c1fb6e53,57adf94bc86a52a59e4151d41cf87c72-af9331ff81d8,c1-b1-a1,699986,349503,177585,219944,218624,133587,36153,20555,159208,97280,174740,159142,148042,19735,0,25689,0,682,1320,5000
xlm-r,alt_km,legal,7161b7ffcf0b654a9dc5efbc0ce5b9eb0158fca2d8d260680048edf7c1fb6e53,57adf94bc86a52a59e4151d41cf87c72-af9331ff81d8,c1-b1-a1,699986,369883,177585,219944,218624,151136,36799,22128,159820,112378,192935,178264,148042,20526,0,25689,0,682,1320,5000
xlm-r,alt_km,raw,7161b7ffcf0b654a9dc5efbc0ce5b9eb0158fca2d8d260680048edf7c1fb6e53,57adf94bc86a52a59e4151d41cf87c72-af9331ff81d8,c1-b1-a1,699986,694986,177585,219944,218624,151137,62487,22128,459234,106095,218624,178265,148042,20526,0,25689,0,682,1320,5000
xlm-r,hkcancor_d,core,7161b7ffcf0b654a9dc5efbc0ce5b9eb0158fca2d8d260680048edf7c1fb6e53,f318a47addd2c515077cf9aec2e1f445-af9331ff81d8,c1-b1-a1,2858,1962,2445,2849,2642,1478,282,76,126,1422,2017,1811,2183,75,0,0,0,0,207,257
xlm-r,hkcancor_d,legal,7161b7ffcf0b654a9dc5efbc0ce5b9eb0158fca2d8d260680048edf7c1fb6e53,f318a47addd2c515077cf9aec2e1f445-af9331ff81d8,c1-b1-a1,2858,2601,2445,2849,2642,2098,287,90,126,2014,2642,2445,2183,87,0,0,0,0,207,257
xlm-r,hkcancor_d,raw,7161b7ffcf0b654a9dc5efbc0ce5b9eb0158fca2d8d260680048edf7c1fb6e53,f318a47addd2c515077cf9aec2e1f445-af9331ff81d8,c1-b1-a1,2858,2601,2445,2849,2642,2098,287,90,126,2014,2642,2445,2183,87,0,0,0,0,207,257
xlm-r,hkcancor_p,core,7161b7ffcf0b654a9dc5efbc0ce5b9eb0158fca2d8d260680048edf7c1fb6e53,edbbd3fee436612fbcab80d64f4359d8-af9331ff81d8,c1-b1-a1,2858,1962,2178,2849,2642,1264,496,47,155,1068,2017,1568,1729,46,0,0,0,0,207,257
xlm-r,hkcancor_p,legal,7161b7ffcf0b654a9dc5efbc0ce5b9eb0158fca2d8d260680048edf7c1fb6e53,edbbd3fee436612fbcab80d64f4359d8-af9331ff81d8,c1-b1-a1,2858,2601,2178,2849,2642,1864,521,57,159,1620,2642,2178,1729,54,0,0,0,0,207,257
xlm-r,hkcancor_p,raw,7161b7ffcf0b654a9dc5efbc0ce5b9eb0158fca2d8d260680048edf7c1fb6e53,edbbd3fee436612fbcab80d64f4359d8-af9331ff81d8,c1-b1-a1,2858,2601,2178,2849,2642,1864,521,57,159,1620,2642,2178,1729,54,0,0,0,0,207,257
xlm-r,hkcancor_s,core,7161b7ffcf0b654a9dc5efbc0ce5b9eb0158fca2d8d260680048edf7c1fb6e53,b8ddbfc684e40364d686881c7f75b390-af9331ff81d8,c1-b1-a1,2858,1962,2178,2849,2642,1264,496,47,155,1068,2017,1568,1729,46,0,0,0,0,207,257
xlm-r,hkcancor_s,legal,7161b7ffcf0b654a9dc5efbc0ce5b9eb0158fca2d8d260680048edf7c1fb6e53,b8ddbfc684e40364d686881c7f75b390-af9331ff81d8,c1-b1-a1,2858,2601,2178,2849,2642,1864,521,57,159,1620,2642,2178,1729,54,0,0,0,0,207,257
xlm-r,hkcancor_s,raw,7161b7ffcf0b654a9dc5efbc0ce5b9eb0158fca2d8d260680048edf7c1fb6e53,b8ddbfc684e40364d686881c7f75b390-af9331ff81d8,c1-b1-a1,2858,2601,2178,2849,2642,1864,521,57,159,1620,2642,2178,1729,54,0,0,0,0,207,257
xlm-r,khpos,core,7161b7ffcf0b654a9dc5efbc0ce5b9eb0158fca2d8d260680048edf7c1fb6e53,db07f6e38fbdec98e108f08272cddb44-af9331ff81d8,c1-b1-a1,50072,24146,10778,16789,16639,8851,3923,332,11040,7069,13774,10183,7384,327,0,2138,0,0,150,1000
xlm-r,khpos,legal,7161b7ffcf0b654a9dc5efbc0ce5b9eb0158fca2d8d260680048edf7c1fb6e53,db07f6e38fbdec98e108f08272cddb44-af9331ff81d8,c1-b1-a1,50072,24906,10778,16789,16639,9416,4085,361,11044,7568,14501,10777,7384,356,0,2138,0,0,150,1000
xlm-r,khpos,raw,7161b7ffcf0b654a9dc5efbc0ce5b9eb0158fca2d8d260680048edf7c1fb6e53,db07f6e38fbdec98e108f08272cddb44-af9331ff81d8,c1-b1-a1,50072,49072,10778,16789,16639,9416,6223,362,33071,6805,16639,10778,7384,357,0,2138,0,0,150,1000
xlm-r,osf_cwsa_zh,core,7161b7ffcf0b654a9dc5efbc0ce5b9eb0158fca2d8d260680048edf7c1fb6e53,40a6e2b75aed4185096260b399664383-af9331ff81d8,c1-b1-a1,10310,9313,5425,7442,7029,4158,1874,270,3011,3017,6532,4928,3972,270,0,0,0,0,413,500
xlm-r,osf_cwsa_zh,legal,7161b7ffcf0b654a9dc5efbc0ce5b9eb0158fca2d8d260680048edf7c1fb6e53,40a6e2b75aed4185096260b399664383-af9331ff81d8,c1-b1-a1,10310,9810,5425,7442,7029,4655,1874,270,3011,3514,7029,5425,3972,270,0,0,0,0,413,500
xlm-r,osf_cwsa_zh,raw,7161b7ffcf0b654a9dc5efbc0ce5b9eb0158fca2d8d260680048edf7c1fb6e53,40a6e2b75aed4185096260b399664383-af9331ff81d8,c1-b1-a1,10310,9810,5425,7442,7029,4655,1874,270,3011,3514,7029,5425,3972,270,0,0,0,0,413,500
xlm-r,sighan_as,core,7161b7ffcf0b654a9dc5efbc0ce5b9eb0158fca2d8d260680048edf7c1fb6e53,2be63cd08c949b44cd6e9a69edbec5fc-af9331ff81d8,c1-b1-a1,68582,54820,42425,54295,50374,26222,10702,2867,15029,20640,41924,34089,33682,2747,53,0,0,0,3868,5000
xlm-r,sighan_as,legal,7161b7ffcf0b654a9dc5efbc0ce5b9eb0158fca2d8d260680048edf7c1fb6e53,2be63cd08c949b44cd6e9a69edbec5fc-af9331ff81d8,c1-b1-a1,68582,63582,42425,54295,50374,34333,11041,3092,15116,28030,50374,42425,33682,2932,53,0,0,0,3868,5000
xlm-r,sighan_as,raw,7161b7ffcf0b654a9dc5efbc0ce5b9eb0158fca2d8d260680048edf7c1fb6e53,2be63cd08c949b44cd6e9a69edbec5fc-af9331ff81d8,c1-b1-a1,68582,63582,42425,54295,50374,34333,11041,3092,15116,28030,50374,42425,33682,2932,53,0,0,0,3868,5000
xlm-r,sighan_cityu,core,7161b7ffcf0b654a9dc5efbc0ce5b9eb0158fca2d8d260680048edf7c1fb6e53,58581cf718d59e4d15084352ad65b879-af9331ff81d8,c1-b1-a1,67689,53468,40936,51982,50880,24913,12200,2243,14112,15940,38605,28648,31155,2164,8,0,0,0,1094,1492
xlm-r,sighan_cityu,legal,7161b7ffcf0b654a9dc5efbc0ce5b9eb0158fca2d8d260680048edf7c1fb6e53,58581cf718d59e4d15084352ad65b879-af9331ff81d8,c1-b1-a1,67689,66197,40936,51982,50880,36856,12532,2588,14221,26425,50880,40936,31155,2500,8,0,0,0,1094,1492
xlm-r,sighan_cityu,raw,7161b7ffcf0b654a9dc5efbc0ce5b9eb0158fca2d8d260680048edf7c1fb6e53,58581cf718d59e4d15084352ad65b879-af9331ff81d8,c1-b1-a1,67689,66197,40936,51982,50880,36856,12532,2588,14221,26425,50880,40936,31155,2500,8,0,0,0,1094,1492
xlm-r,sighan_msr,core,7161b7ffcf0b654a9dc5efbc0ce5b9eb0158fca2d8d260680048edf7c1fb6e53,0560e07eb0101afa53c16a255caaa319-af9331ff81d8,c1-b1-a1,184355,146372,106873,125110,122290,64489,20871,7180,53832,48357,89345,75654,90072,6930,0,0,0,0,2820,3985
xlm-r,sighan_msr,legal,7161b7ffcf0b654a9dc5efbc0ce5b9eb0158fca2d8d260680048edf7c1fb6e53,0560e07eb0101afa53c16a255caaa319-af9331ff81d8,c1-b1-a1,184355,180370,106873,125110,122290,94981,23324,7907,54158,75523,122290,106873,90072,7534,0,0,0,0,2820,3985
xlm-r,sighan_msr,raw,7161b7ffcf0b654a9dc5efbc0ce5b9eb0158fca2d8d260680048edf7c1fb6e53,0560e07eb0101afa53c16a255caaa319-af9331ff81d8,c1-b1-a1,184355,180370,106873,125110,122290,94981,23324,7907,54158,75523,122290,106873,90072,7534,0,0,0,0,2820,3985
xlm-r,sighan_pku,core,7161b7ffcf0b654a9dc5efbc0ce5b9eb0158fca2d8d260680048edf7c1fb6e53,b2a4d594aa65a829a81df1b6afce55ee-af9331ff81d8,c1-b1-a1,172733,135942,104372,118582,117004,62228,19317,7569,46828,43673,83489,71741,87033,7268,226,0,0,0,1352,1944
xlm-r,sighan_pku,legal,7161b7ffcf0b654a9dc5efbc0ce5b9eb0158fca2d8d260680048edf7c1fb6e53,b2a4d594aa65a829a81df1b6afce55ee-af9331ff81d8,c1-b1-a1,172733,170789,104372,118582,117004,93933,21127,8495,47234,71581,117004,104372,87033,8138,226,0,0,0,1352,1944
xlm-r,sighan_pku,raw,7161b7ffcf0b654a9dc5efbc0ce5b9eb0158fca2d8d260680048edf7c1fb6e53,b2a4d594aa65a829a81df1b6afce55ee-af9331ff81d8,c1-b1-a1,172733,170789,104372,118582,117004,93933,21127,8495,47234,71581,117004,104372,87033,8138,226,0,0,0,1352,1944
xlm-r,ud_th_pud,core,7161b7ffcf0b654a9dc5efbc0ce5b9eb0158fca2d8d260680048edf7c1fb6e53,4b0e1b9bb0262e2aedf915e4322e9c30-af9331ff81d8,c1-b1-a1,98318,50336,22330,27372,26190,15757,5696,3124,25759,11206,22453,19881,18758,2955,0,1292,0,2156,1182,1000
xlm-r,ud_th_pud,legal,7161b7ffcf0b654a9dc5efbc0ce5b9eb0158fca2d8d260680048edf7c1fb6e53,4b0e1b9bb0262e2aedf915e4322e9c30-af9331ff81d8,c1-b1-a1,98318,55046,22330,27372,26190,18162,5736,5324,25824,11942,24898,24486,18758,2993,0,1292,0,2156,1182,1000
xlm-r,ud_th_pud,raw,7161b7ffcf0b654a9dc5efbc0ce5b9eb0158fca2d8d260680048edf7c1fb6e53,4b0e1b9bb0262e2aedf915e4322e9c30-af9331ff81d8,c1-b1-a1,98318,97318,22330,27372,26190,18162,7028,5324,66804,11772,26190,24486,18758,2993,0,1292,0,2156,1182,1000
xlm-r,ud_yue_hk,core,7161b7ffcf0b654a9dc5efbc0ce5b9eb0158fca2d8d260680048edf7c1fb6e53,c57eef85e9d45467b37b16a74061fa07-af9331ff81d8,c1-b1-a1,18633,12998,13918,16362,15617,8000,2085,439,2474,6876,11089,9443,12044,425,0,0,0,1,745,1004
xlm-r,ud_yue_hk,legal,7161b7ffcf0b654a9dc5efbc0ce5b9eb0158fca2d8d260680048edf7c1fb6e53,c57eef85e9d45467b37b16a74061fa07-af9331ff81d8,c1-b1-a1,18633,17629,13918,16362,15617,12447,2166,468,2548,11149,15617,13919,12044,453,0,0,0,1,745,1004
xlm-r,ud_yue_hk,raw,7161b7ffcf0b654a9dc5efbc0ce5b9eb0158fca2d8d260680048edf7c1fb6e53,c57eef85e9d45467b37b16a74061fa07-af9331ff81d8,c1-b1-a1,18633,17629,13918,16362,15617,12447,2166,468,2548,11149,15617,13919,12044,453,0,0,0,1,745,1004
xlm-r,ud_zh_gsd,core,7161b7ffcf0b654a9dc5efbc0ce5b9eb0158fca2d8d260680048edf7c1fb6e53,8cac770ebc7b997f152fcbf748555fd2-af9331ff81d8,c1-b1-a1,19235,15035,12010,14323,13993,7154,2784,785,4312,4891,10438,8439,9670,761,0,0,0,29,330,500
xlm-r,ud_zh_gsd,legal,7161b7ffcf0b654a9dc5efbc0ce5b9eb0158fca2d8d260680048edf7c1fb6e53,8cac770ebc7b997f152fcbf748555fd2-af9331ff81d8,c1-b1-a1,19235,18735,12010,14323,13993,10644,2849,895,4347,8040,13993,12039,9670,841,0,0,0,29,330,500
xlm-r,ud_zh_gsd,raw,7161b7ffcf0b654a9dc5efbc0ce5b9eb0158fca2d8d260680048edf7c1fb6e53,8cac770ebc7b997f152fcbf748555fd2-af9331ff81d8,c1-b1-a1,19235,18735,12010,14323,13993,10644,2849,895,4347,8040,13993,12039,9670,841,0,0,0,29,330,500
xlm-r,ud_zh_gsdsimp,core,7161b7ffcf0b654a9dc5efbc0ce5b9eb0158fca2d8d260680048edf7c1fb6e53,6f25aa75467198a1068703ba7201892f-af9331ff81d8,c1-b1-a1,19235,15035,12010,14006,13671,6987,2630,952,4466,4726,10117,8439,9800,892,0,0,0,29,335,500
xlm-r,ud_zh_gsdsimp,legal,7161b7ffcf0b654a9dc5efbc0ce5b9eb0158fca2d8d260680048edf7c1fb6e53,6f25aa75467198a1068703ba7201892f-af9331ff81d8,c1-b1-a1,19235,18735,12010,14006,13671,10476,2695,1063,4501,7874,13671,12039,9800,972,0,0,0,29,335,500
xlm-r,ud_zh_gsdsimp,raw,7161b7ffcf0b654a9dc5efbc0ce5b9eb0158fca2d8d260680048edf7c1fb6e53,6f25aa75467198a1068703ba7201892f-af9331ff81d8,c1-b1-a1,19235,18735,12010,14006,13671,10476,2695,1063,4501,7874,13671,12039,9800,972,0,0,0,29,335,500
xlm-r,ud_zh_hk,core,7161b7ffcf0b654a9dc5efbc0ce5b9eb0158fca2d8d260680048edf7c1fb6e53,3b03a30f7f07a74d502e63ab7b2158b1-af9331ff81d8,c1-b1-a1,14063,10547,9874,10728,10056,5515,1125,938,2969,4808,7644,7457,8949,896,0,0,0,0,672,1004
xlm-r,ud_zh_hk,legal,7161b7ffcf0b654a9dc5efbc0ce5b9eb0158fca2d8d260680048edf7c1fb6e53,3b03a30f7f07a74d502e63ab7b2158b1-af9331ff81d8,c1-b1-a1,14063,13059,9874,10728,10056,7891,1161,979,3028,7060,10056,9874,8949,937,0,0,0,0,672,1004
xlm-r,ud_zh_hk,raw,7161b7ffcf0b654a9dc5efbc0ce5b9eb0158fca2d8d260680048edf7c1fb6e53,3b03a30f7f07a74d502e63ab7b2158b1-af9331ff81d8,c1-b1-a1,14063,13059,9874,10728,10056,7891,1161,979,3028,7060,10056,9874,8949,937,0,0,0,0,672,1004
xlm-r,vistec_th,core,7161b7ffcf0b654a9dc5efbc0ce5b9eb0158fca2d8d260680048edf7c1fb6e53,bed5ca30c44920d580dad8f82cb8699a-af9331ff81d8,c1-b1-a1,1392530,681825,337977,439829,419098,222857,80206,32970,345792,160972,308063,260827,278471,32098,0,17824,0,63891,20731,5000
xlm-r,vistec_th,legal,7161b7ffcf0b654a9dc5efbc0ce5b9eb0158fca2d8d260680048edf7c1fb6e53,bed5ca30c44920d580dad8f82cb8699a-af9331ff81d8,c1-b1-a1,1392530,842412,337977,439829,419098,298547,97727,97443,348695,181811,401274,400990,278471,33110,0,17824,0,63891,20731,5000
xlm-r,vistec_th,raw,7161b7ffcf0b654a9dc5efbc0ce5b9eb0158fca2d8d260680048edf7c1fb6e53,bed5ca30c44920d580dad8f82cb8699a-af9331ff81d8,c1-b1-a1,1392530,1387530,337977,439829,419098,298624,115474,97478,875954,176987,419098,401102,278471,33137,0,17824,0,63891,20731,5000
xlm-r,wisesight1000,core,7161b7ffcf0b654a9dc5efbc0ce5b9eb0158fca2d8d260680048edf7c1fb6e53,db4e643f660267c46562963d21e2ca5d-af9331ff81d8,c1-b1-a1,75135,35989,18790,24565,22882,11048,3939,1672,19330,8607,15980,13713,15559,1599,0,1175,0,4121,1683,993
xlm-r,wisesight1000,legal,7161b7ffcf0b654a9dc5efbc0ce5b9eb0158fca2d8d260680048edf7c1fb6e53,db4e643f660267c46562963d21e2ca5d-af9331ff81d8,c1-b1-a1,75135,46265,18790,24565,22882,16020,4694,5702,19849,10167,21707,22715,15559,1657,0,1175,0,4121,1683,993
xlm-r,wisesight1000,raw,7161b7ffcf0b654a9dc5efbc0ce5b9eb0158fca2d8d260680048edf7c1fb6e53,db4e643f660267c46562963d21e2ca5d-af9331ff81d8,c1-b1-a1,75135,74142,18790,24565,22882,16033,5856,5704,46549,9790,22882,22730,15559,1659,0,1175,0,4121,1683,993
yi,alt_km,core,dd121c9f4592cacb7ecea6ea765e60b5252e68c3797c13b0aa743c83cf17c3d8,57adf94bc86a52a59e4151d41cf87c72-af9331ff81d8,c1-b1-a1,699986,349503,177585,2056007,693344,154142,189278,0,6083,31137,348420,159142,10776,0,1355886,325103,0,0,6777,5000
yi,alt_km,legal,dd121c9f4592cacb7ecea6ea765e60b5252e68c3797c13b0aa743c83cf17c3d8,57adf94bc86a52a59e4151d41cf87c72-af9331ff81d8,c1-b1-a1,699986,369883,177585,2056007,693344,172718,190523,546,6096,43783,368241,178264,10776,546,1355886,325103,0,0,6777,5000
yi,alt_km,raw,dd121c9f4592cacb7ecea6ea765e60b5252e68c3797c13b0aa743c83cf17c3d8,57adf94bc86a52a59e4151d41cf87c72-af9331ff81d8,c1-b1-a1,699986,694986,177585,2056007,693344,172719,515625,546,6096,10513,693344,178265,10776,546,1355886,325103,0,0,6777,5000
yi,hkcancor_d,core,dd121c9f4592cacb7ecea6ea765e60b5252e68c3797c13b0aa743c83cf17c3d8,f318a47addd2c515077cf9aec2e1f445-af9331ff81d8,c1-b1-a1,2858,1962,2445,4439,2691,1486,309,68,99,1410,2052,1811,2158,68,1439,0,0,0,309,257
yi,hkcancor_d,legal,dd121c9f4592cacb7ecea6ea765e60b5252e68c3797c13b0aa743c83cf17c3d8,f318a47addd2c515077cf9aec2e1f445-af9331ff81d8,c1-b1-a1,2858,2601,2445,4439,2691,2120,314,68,99,2027,2691,2445,2158,68,1439,0,0,0,309,257
yi,hkcancor_d,raw,dd121c9f4592cacb7ecea6ea765e60b5252e68c3797c13b0aa743c83cf17c3d8,f318a47addd2c515077cf9aec2e1f445-af9331ff81d8,c1-b1-a1,2858,2601,2445,4439,2691,2120,314,68,99,2027,2691,2445,2158,68,1439,0,0,0,309,257
yi,hkcancor_p,core,dd121c9f4592cacb7ecea6ea765e60b5252e68c3797c13b0aa743c83cf17c3d8,edbbd3fee436612fbcab80d64f4359d8-af9331ff81d8,c1-b1-a1,2858,1962,2178,4439,2691,1260,535,51,116,1037,2052,1568,1695,51,1439,0,0,0,309,257
yi,hkcancor_p,legal,dd121c9f4592cacb7ecea6ea765e60b5252e68c3797c13b0aa743c83cf17c3d8,edbbd3fee436612fbcab80d64f4359d8-af9331ff81d8,c1-b1-a1,2858,2601,2178,4439,2691,1870,564,51,116,1601,2691,2178,1695,51,1439,0,0,0,309,257
yi,hkcancor_p,raw,dd121c9f4592cacb7ecea6ea765e60b5252e68c3797c13b0aa743c83cf17c3d8,edbbd3fee436612fbcab80d64f4359d8-af9331ff81d8,c1-b1-a1,2858,2601,2178,4439,2691,1870,564,51,116,1601,2691,2178,1695,51,1439,0,0,0,309,257
yi,hkcancor_s,core,dd121c9f4592cacb7ecea6ea765e60b5252e68c3797c13b0aa743c83cf17c3d8,b8ddbfc684e40364d686881c7f75b390-af9331ff81d8,c1-b1-a1,2858,1962,2178,4439,2691,1260,535,51,116,1037,2052,1568,1695,51,1439,0,0,0,309,257
yi,hkcancor_s,legal,dd121c9f4592cacb7ecea6ea765e60b5252e68c3797c13b0aa743c83cf17c3d8,b8ddbfc684e40364d686881c7f75b390-af9331ff81d8,c1-b1-a1,2858,2601,2178,4439,2691,1870,564,51,116,1601,2691,2178,1695,51,1439,0,0,0,309,257
yi,hkcancor_s,raw,dd121c9f4592cacb7ecea6ea765e60b5252e68c3797c13b0aa743c83cf17c3d8,b8ddbfc684e40364d686881c7f75b390-af9331ff81d8,c1-b1-a1,2858,2601,2178,4439,2691,1870,564,51,116,1601,2691,2178,1695,51,1439,0,0,0,309,257
yi,khpos,core,dd121c9f4592cacb7ecea6ea765e60b5252e68c3797c13b0aa743c83cf17c3d8,db07f6e38fbdec98e108f08272cddb44-af9331ff81d8,c1-b1-a1,50072,24146,10778,150729,50072,9183,14963,0,0,2000,25146,10183,625,0,99624,24166,0,0,1033,1000
yi,khpos,legal,dd121c9f4592cacb7ecea6ea765e60b5252e68c3797c13b0aa743c83cf17c3d8,db07f6e38fbdec98e108f08272cddb44-af9331ff81d8,c1-b1-a1,50072,24906,10778,150729,50072,9777,15129,0,0,2543,25906,10777,625,0,99624,24166,0,0,1033,1000
yi,khpos,raw,dd121c9f4592cacb7ecea6ea765e60b5252e68c3797c13b0aa743c83cf17c3d8,db07f6e38fbdec98e108f08272cddb44-af9331ff81d8,c1-b1-a1,50072,49072,10778,150729,50072,9778,39294,0,0,625,50072,10778,625,0,99624,24166,0,0,1033,1000
yi,osf_cwsa_zh,core,dd121c9f4592cacb7ecea6ea765e60b5252e68c3797c13b0aa743c83cf17c3d8,40a6e2b75aed4185096260b399664383-af9331ff81d8,c1-b1-a1,10310,9313,5425,8501,7554,4039,2518,389,2367,2400,7057,4928,3449,387,478,0,0,0,469,500
yi,osf_cwsa_zh,legal,dd121c9f4592cacb7ecea6ea765e60b5252e68c3797c13b0aa743c83cf17c3d8,40a6e2b75aed4185096260b399664383-af9331ff81d8,c1-b1-a1,10310,9810,5425,8501,7554,4536,2518,389,2367,2897,7554,5425,3449,387,478,0,0,0,469,500
yi,osf_cwsa_zh,raw,dd121c9f4592cacb7ecea6ea765e60b5252e68c3797c13b0aa743c83cf17c3d8,40a6e2b75aed4185096260b399664383-af9331ff81d8,c1-b1-a1,10310,9810,5425,8501,7554,4536,2518,389,2367,2897,7554,5425,3449,387,478,0,0,0,469,500
yi,sighan_as,core,dd121c9f4592cacb7ecea6ea765e60b5252e68c3797c13b0aa743c83cf17c3d8,2be63cd08c949b44cd6e9a69edbec5fc-af9331ff81d8,c1-b1-a1,68582,54820,42425,64105,53786,25792,14245,3297,11486,17846,45037,34089,31063,3210,4994,0,0,0,5325,5000
yi,sighan_as,legal,dd121c9f4592cacb7ecea6ea765e60b5252e68c3797c13b0aa743c83cf17c3d8,2be63cd08c949b44cd6e9a69edbec5fc-af9331ff81d8,c1-b1-a1,68582,63582,42425,64105,53786,34122,14664,3303,11493,25488,53786,42425,31063,3216,4994,0,0,0,5325,5000
yi,sighan_as,raw,dd121c9f4592cacb7ecea6ea765e60b5252e68c3797c13b0aa743c83cf17c3d8,2be63cd08c949b44cd6e9a69edbec5fc-af9331ff81d8,c1-b1-a1,68582,63582,42425,64105,53786,34122,14664,3303,11493,25488,53786,42425,31063,3216,4994,0,0,0,5325,5000
yi,sighan_cityu,core,dd121c9f4592cacb7ecea6ea765e60b5252e68c3797c13b0aa743c83cf17c3d8,58581cf718d59e4d15084352ad65b879-af9331ff81d8,c1-b1-a1,67689,53468,40936,63191,54173,24572,15403,2584,10909,13475,41467,28648,28523,2495,3602,0,0,0,5416,1492
yi,sighan_cityu,legal,dd121c9f4592cacb7ecea6ea765e60b5252e68c3797c13b0aa743c83cf17c3d8,58581cf718d59e4d15084352ad65b879-af9331ff81d8,c1-b1-a1,67689,66197,40936,63191,54173,36856,15825,2588,10928,24215,54173,40936,28523,2499,3602,0,0,0,5416,1492
yi,sighan_cityu,raw,dd121c9f4592cacb7ecea6ea765e60b5252e68c3797c13b0aa743c83cf17c3d8,58581cf718d59e4d15084352ad65b879-af9331ff81d8,c1-b1-a1,67689,66197,40936,63191,54173,36856,15825,2588,10928,24215,54173,40936,28523,2499,3602,0,0,0,5416,1492
yi,sighan_msr,core,dd121c9f4592cacb7ecea6ea765e60b5252e68c3797c13b0aa743c83cf17c3d8,0560e07eb0101afa53c16a255caaa319-af9331ff81d8,c1-b1-a1,184355,146372,106873,130939,115839,59776,18250,11893,56453,43689,82011,75654,94080,11501,1292,0,0,0,13808,3985
yi,sighan_msr,legal,dd121c9f4592cacb7ecea6ea765e60b5252e68c3797c13b0aa743c83cf17c3d8,0560e07eb0101afa53c16a255caaa319-af9331ff81d8,c1-b1-a1,184355,180370,106873,130939,115839,90825,21029,12063,56453,72442,115839,106873,94080,11615,1292,0,0,0,13808,3985
yi,sighan_msr,raw,dd121c9f4592cacb7ecea6ea765e60b5252e68c3797c13b0aa743c83cf17c3d8,0560e07eb0101afa53c16a255caaa319-af9331ff81d8,c1-b1-a1,184355,180370,106873,130939,115839,90825,21029,12063,56453,72442,115839,106873,94080,11615,1292,0,0,0,13808,3985
yi,sighan_pku,core,dd121c9f4592cacb7ecea6ea765e60b5252e68c3797c13b0aa743c83cf17c3d8,b2a4d594aa65a829a81df1b6afce55ee-af9331ff81d8,c1-b1-a1,172733,135942,104372,124889,111440,58019,16775,11778,49370,40342,76738,71741,90850,11245,668,0,0,0,12781,1944
yi,sighan_pku,legal,dd121c9f4592cacb7ecea6ea765e60b5252e68c3797c13b0aa743c83cf17c3d8,b2a4d594aa65a829a81df1b6afce55ee-af9331ff81d8,c1-b1-a1,172733,170789,104372,124889,111440,90593,18903,11835,49458,69916,111440,104372,90850,11302,668,0,0,0,12781,1944
yi,sighan_pku,raw,dd121c9f4592cacb7ecea6ea765e60b5252e68c3797c13b0aa743c83cf17c3d8,b2a4d594aa65a829a81df1b6afce55ee-af9331ff81d8,c1-b1-a1,172733,170789,104372,124889,111440,90593,18903,11835,49458,69916,111440,104372,90850,11302,668,0,0,0,12781,1944
yi,ud_th_pud,core,dd121c9f4592cacb7ecea6ea765e60b5252e68c3797c13b0aa743c83cf17c3d8,4b0e1b9bb0262e2aedf915e4322e9c30-af9331ff81d8,c1-b1-a1,98318,50336,22330,253635,98070,18881,31344,0,111,6254,51225,19881,494,0,154578,42272,0,0,987,1000
yi,ud_th_pud,legal,dd121c9f4592cacb7ecea6ea765e60b5252e68c3797c13b0aa743c83cf17c3d8,4b0e1b9bb0262e2aedf915e4322e9c30-af9331ff81d8,c1-b1-a1,98318,55046,22330,253635,98070,23350,31448,136,112,9533,55798,24486,494,136,154578,42272,0,0,987,1000
yi,ud_th_pud,raw,dd121c9f4592cacb7ecea6ea765e60b5252e68c3797c13b0aa743c83cf17c3d8,4b0e1b9bb0262e2aedf915e4322e9c30-af9331ff81d8,c1-b1-a1,98318,97318,22330,253635,98070,23350,73720,136,112,2397,98070,24486,494,136,154578,42272,0,0,987,1000
yi,ud_yue_hk,core,dd121c9f4592cacb7ecea6ea765e60b5252e68c3797c13b0aa743c83cf17c3d8,c57eef85e9d45467b37b16a74061fa07-af9331ff81d8,c1-b1-a1,18633,12998,13918,23425,15897,7964,2373,475,2186,6599,11341,9443,11789,470,5463,0,0,0,2065,1004
yi,ud_yue_hk,legal,dd121c9f4592cacb7ecea6ea765e60b5252e68c3797c13b0aa743c83cf17c3d8,c57eef85e9d45467b37b16a74061fa07-af9331ff81d8,c1-b1-a1,18633,17629,13918,23425,15897,12439,2454,476,2260,10904,15897,13919,11789,471,5463,0,0,0,2065,1004
yi,ud_yue_hk,raw,dd121c9f4592cacb7ecea6ea765e60b5252e68c3797c13b0aa743c83cf17c3d8,c57eef85e9d45467b37b16a74061fa07-af9331ff81d8,c1-b1-a1,18633,17629,13918,23425,15897,12439,2454,476,2260,10904,15897,13919,11789,471,5463,0,0,0,2065,1004
yi,ud_zh_gsd,core,dd121c9f4592cacb7ecea6ea765e60b5252e68c3797c13b0aa743c83cf17c3d8,8cac770ebc7b997f152fcbf748555fd2-af9331ff81d8,c1-b1-a1,19235,15035,12010,17461,15298,7045,4083,894,3013,4106,11628,8439,8825,869,816,0,0,0,1347,500
yi,ud_zh_gsd,legal,dd121c9f4592cacb7ecea6ea765e60b5252e68c3797c13b0aa743c83cf17c3d8,8cac770ebc7b997f152fcbf748555fd2-af9331ff81d8,c1-b1-a1,19235,18735,12010,17461,15298,10615,4183,924,3013,7229,15298,12039,8825,899,816,0,0,0,1347,500
yi,ud_zh_gsd,raw,dd121c9f4592cacb7ecea6ea765e60b5252e68c3797c13b0aa743c83cf17c3d8,8cac770ebc7b997f152fcbf748555fd2-af9331ff81d8,c1-b1-a1,19235,18735,12010,17461,15298,10615,4183,924,3013,7229,15298,12039,8825,899,816,0,0,0,1347,500
yi,ud_zh_gsdsimp,core,dd121c9f4592cacb7ecea6ea765e60b5252e68c3797c13b0aa743c83cf17c3d8,6f25aa75467198a1068703ba7201892f-af9331ff81d8,c1-b1-a1,19235,15035,12010,14887,13486,6513,2804,1426,4292,4248,9817,8439,10026,1339,114,0,0,0,1287,500
yi,ud_zh_gsdsimp,legal,dd121c9f4592cacb7ecea6ea765e60b5252e68c3797c13b0aa743c83cf17c3d8,6f25aa75467198a1068703ba7201892f-af9331ff81d8,c1-b1-a1,19235,18735,12010,14887,13486,10082,2904,1457,4292,7425,13486,12039,10026,1370,114,0,0,0,1287,500
yi,ud_zh_gsdsimp,raw,dd121c9f4592cacb7ecea6ea765e60b5252e68c3797c13b0aa743c83cf17c3d8,6f25aa75467198a1068703ba7201892f-af9331ff81d8,c1-b1-a1,19235,18735,12010,14887,13486,10082,2904,1457,4292,7425,13486,12039,10026,1370,114,0,0,0,1287,500
yi,ud_zh_hk,core,dd121c9f4592cacb7ecea6ea765e60b5252e68c3797c13b0aa743c83cf17c3d8,3b03a30f7f07a74d502e63ab7b2158b1-af9331ff81d8,c1-b1-a1,14063,10547,9874,12262,10432,5443,1532,1010,2562,4394,7979,7457,8575,975,486,0,0,0,1344,1004
yi,ud_zh_hk,legal,dd121c9f4592cacb7ecea6ea765e60b5252e68c3797c13b0aa743c83cf17c3d8,3b03a30f7f07a74d502e63ab7b2158b1-af9331ff81d8,c1-b1-a1,14063,13059,9874,12262,10432,7860,1568,1010,2621,6703,10432,9874,8575,975,486,0,0,0,1344,1004
yi,ud_zh_hk,raw,dd121c9f4592cacb7ecea6ea765e60b5252e68c3797c13b0aa743c83cf17c3d8,3b03a30f7f07a74d502e63ab7b2158b1-af9331ff81d8,c1-b1-a1,14063,13059,9874,12262,10432,7860,1568,1010,2621,6703,10432,9874,8575,975,486,0,0,0,1344,1004
yi,vistec_th,core,dd121c9f4592cacb7ecea6ea765e60b5252e68c3797c13b0aa743c83cf17c3d8,bed5ca30c44920d580dad8f82cb8699a-af9331ff81d8,c1-b1-a1,1392530,681825,337977,3371864,1335150,255805,382974,22,43024,94157,643779,260827,12679,21,2029598,545118,0,0,7116,5000
yi,vistec_th,legal,dd121c9f4592cacb7ecea6ea765e60b5252e68c3797c13b0aa743c83cf17c3d8,bed5ca30c44920d580dad8f82cb8699a-af9331ff81d8,c1-b1-a1,1392530,842412,337977,3371864,1335150,382206,402826,13784,43596,178115,790032,400990,12679,13764,2029598,545118,0,0,7116,5000
yi,vistec_th,raw,dd121c9f4592cacb7ecea6ea765e60b5252e68c3797c13b0aa743c83cf17c3d8,bed5ca30c44920d580dad8f82cb8699a-af9331ff81d8,c1-b1-a1,1392530,1387530,337977,3371864,1335150,382318,947832,13784,43596,57284,1335150,401102,12679,13764,2029598,545118,0,0,7116,5000
yi,wisesight1000,core,dd121c9f4592cacb7ecea6ea765e60b5252e68c3797c13b0aa743c83cf17c3d8,db4e643f660267c46562963d21e2ca5d-af9331ff81d8,c1-b1-a1,75135,35989,18790,175317,70265,12707,19528,13,3741,4627,33228,13713,1538,13,103998,27877,0,0,1054,993
yi,wisesight1000,legal,dd121c9f4592cacb7ecea6ea765e60b5252e68c3797c13b0aa743c83cf17c3d8,db4e643f660267c46562963d21e2ca5d-af9331ff81d8,c1-b1-a1,75135,46265,18790,175317,70265,20761,20634,961,3909,9807,42388,22715,1538,958,103998,27877,0,0,1054,993
yi,wisesight1000,raw,dd121c9f4592cacb7ecea6ea765e60b5252e68c3797c13b0aa743c83cf17c3d8,db4e643f660267c46562963d21e2ca5d-af9331ff81d8,c1-b1-a1,75135,74142,18790,175317,70265,20776,48496,961,3909,3928,70265,22730,1538,958,103998,27877,0,0,1054,993
